tree
version=v4
num_class=1
num_tree_per_iteration=1
label_index=0
max_feature_idx=17
objective=binary sigmoid:1
feature_names=level_ratio_lag_5m level_ratio_lag_15m level_ratio_lag_30m level_ratio_lag_60m level_d1_m_per_min level_d2_m_per_min2 rain_cum_1h_mm rain_cum_3h_mm rain_cum_6h_mm rain_cum_24h_mm antecedent_soil_moisture_pct tilt_x_lsb tilt_y_lsb tilt_magnitude_lsb time_of_day_sin time_of_day_cos season_sin season_cos
feature_infos=[0.0036568103177099:282.74444444444441] [0.0036568103177099:282.74444444444441] [0.0036569541111242001:282.74444444444441] [0.0036569541111242001:282.74444444444441] [-16.913333333333334:16.857333333333333] [-1.1275555555555556:1.1275555555555556] [0:235.19999999999999] [0:322.40000000000003] [0:323.40000000000003] [0:372.60000000000002] [35:43] [0:1] none [0:1] [-1:1] [-1:1] [-0.99999942202469239:0.99998555065071859] [-0.99997919295908244:0.9999907524084426]
tree_sizes=3409 3471 3473 3464 3458 3459 3467 3468 3482 3488 3477 3485 3500 3512 3502 3483 3492 3507 3531 3514 3515 3501 3515 3520 3529 3490 3495 3500 3488 3531 3499 3493 3528 3508 3510 3512 3508 3506 3514 3504 3492 3517 3529 3518 3528 3519 3519 3498 3529 3510 3508 3505 3521 3512 3530 3508 3502 3519 3500 3513 3511 3529 3511 3534 3548 3515 3528 3534 3537 3542 3527 3524 3541 3544 3532 3538 3542 3535 3523 3547 3545 3494 3527 3546 3547 3532 3520 3529 3530 3539 3529 3510 3527 3535 3504 3558 3530 3568 3529 3566 3488 3547 3555 3513 3531 3496 3557 3478 3545 3519 3479 3547 3521 3530 3535 3509 3510 3522

Tree=0
num_leaves=31
num_cat=0
split_feature=0 16 6 16 5 5 17 1 7 17 17 5 5 4 15 4 9 9 0 4 9 1 17 0 4 4 5 6 9 0
split_gain=683843 192896 44864.3 40303.5 42782.1 49750.8 23364.6 19911.7 19093.1 17881.9 17367.8 15403.8 28714 7029.21 6118.65 8248.04 5665.77 7010.25 7957.14 5392.34 4745.75 7496.45 4324.08 4165.3 5005.29 5705.48 4006.68 3996.77 3808.66 3864.63
threshold=1.028219358729606 -0.87395131947920313 1.0000000180025095e-35 -0.031173458710879145 -0.0032000000000000999 0.0032000000000001008 0.14888728888808322 1.007414763355901 0.50000000000000011 0.48877522411129343 0.48877522411129343 -0.0032000000000000999 0.0032000000000001008 0.010000000000000153 0.99172490552676285 0.0070000000000000505 80.100000000000009 14.300000000000002 0.99995934132953879 -0.010000000000001249 178.10000000000005 1.1413272793982758 0.66367808336324663 0.95848294868488915 -0.0066666666666666497 0.0070000000000000505 -0.0035999999999993993 13.500000000000002 37.300000000000004 1.008431422946743
decision_type=2 2 2 2 2 2 2 2 2 2 2 2 2 2 2 2 2 2 2 2 2 2 2 2 2 2 2 2 2 2
left_child=1 6 3 4 10 13 -1 14 20 -7 -3 -8 16 19 15 26 17 18 23 -6 21 -2 -23 -13 -25 -26 -4 -10 -21 -30
right_child=8 2 7 -5 5 9 11 -9 27 -11 -12 12 -14 -15 -16 -17 -18 -19 -20 28 -22 22 -24 24 25 -27 -28 -29 29 -31
leaf_value=-2.1394225830229239 -2.0816361469485813 -2.2436249360683447 -1.8632224732150779 -2.2360332017563107 -1.8658083674611479 -2.2436249360683447 -1.6966090676398164 -1.8102106120833272 -1.7564201924118927 -1.713966822137506 -1.7101406754796884 -1.8112435736485968 -1.6976951012109827 -1.8495358585455719 -1.8891600446853412 -1.8533998755193513 -1.8187616519541638 -2.1649068373537284 -1.8554426111171649 -2.220017486693949 -1.7141480473993977 -1.7494749746486056 -2.2270897258517581 -1.763163450121745 -2.185112374236581 -1.7795502512809571 -2.1740407345301893 -1.6987440354076797 -2.1691283765662908 -1.9232384959784534
leaf_weight=693.1889476776123 567.01742124557495 184.77450609207153 111.35107815265656 14917.871336221695 119.19403326511383 197.64888286590576 1544.6263188123703 1054.4712573289871 3857.449169754982 822.45676124095917 875.06278002262115 153.65031111240387 1476.6437730789185 147.0832085609436 376.10759484767914 268.51394593715668 542.56963217258453 498.45070815086365 1007.3444029092789 5609.4660445451736 240.84252190589905 390.69987452030182 53.930496215820312 102.08178281784058 701.05623388290405 98.960866093635559 1505.8140856027603 13571.505652070045 616.47454655170441 215.71071207523346
leaf_count=6363 4623 2038 476 162528 515 2180 2033 3515 9174 1336 1362 515 1972 593 1781 1101 1891 4801 4167 59519 392 881 579 255 7004 276 14748 18377 5984 1152
internal_value=-1.96788 -2.10193 -2.1619 -2.18599 -2.10105 -2.14191 -1.86429 -1.98965 -1.72506 -1.81659 -1.80315 -1.83315 -1.8792 -2.19138 -2.0733 -2.11003 -1.96554 -1.99663 -1.95597 -2.19904 -1.91362 -1.96111 -1.80741 -2.05189 -2.09287 -2.13494 -2.15264 -1.71151 -2.20521 -2.10539
internal_weight=52522 33840.6 27022 23705.7 8787.87 7728.03 6818.57 3316.26 18681.4 1020.11 1059.84 6125.38 4580.76 6707.93 2261.79 1885.68 3104.11 2561.54 2063.09 6560.85 1252.49 1011.65 444.63 1055.75 902.099 800.017 1617.17 17429 6441.65 832.185
internal_count=322131 288105 258828 237207 74679 71279 29277 21621 34026 3516 3400 22914 20881 67763 18106 16325 18909 17018 12217 67170 6475 6083 1460 8050 7535 7280 15224 27551 66655 7136
is_linear=0
shrinkage=1


Tree=1
num_leaves=31
num_cat=0
split_feature=0 16 4 4 6 17 17 17 7 8 2 4 4 15 16 5 8 3 17 4 4 9 9 1 9 0 6 5 17 8
split_gain=331787 124087 31631 26206.2 24941.7 19265.8 15698.1 13225.2 11053.5 9835.16 8807.23 6287.85 13978.4 5067.53 5035.84 4492.08 4259.4 7024.74 4033.05 3711.2 6227.43 6019.18 4242.14 3481.14 3971.84 2963.94 2579.85 2483.79 2975.83 2316.36
threshold=1.0260424837883069 -0.84772008488809492 0.0061666666666667508 -0.017666666666664149 1.0000000180025095e-35 0.64414586362404946 0.64414586362404946 0.14888728888808322 1.5000000000000002 0.50000000000000011 1.0073699512230647 0.0070000000000000505 -0.0066666666666666497 0.99980486111815037 -0.022576249993022598 -0.0052000000000004994 3.5000000000000004 1.0086871795812955 0.64414586362404946 0.00066091954022980007 -0.00018424242424234998 81.300000000000026 81.300000000000026 1.1413272793982758 178.10000000000005 0.99995934132953879 1.7000000000000004 0.0032000000000001008 0.64414586362404946 62.500000000000007
decision_type=2 2 2 2 2 2 2 2 2 2 2 2 2 2 2 2 2 2 2 2 2 2 2 2 2 2 2 2 2 2
left_child=1 7 3 5 15 -3 8 -1 -4 23 13 12 -9 29 -8 18 27 -18 -5 20 21 -14 -21 24 -2 -22 -16 -17 -29 -6
right_child=9 2 6 4 10 -7 14 11 -10 -11 -12 -13 19 -15 26 16 17 -19 -20 22 25 -23 -24 -25 -26 -27 -28 28 -30 -31
leaf_value=0.035752252780746695 -0.0026513587156860186 -0.053825773006053172 -0.046697199208771939 -0.05533359692382625 0.0058960979990753098 0.32054251659081517 0.3072138077813118 0.31734625826675139 0.27823047533395479 0.31209955119640331 0.24357229295302144 0.31813690991865606 -0.013677149302589562 0.26976093043675292 -0.052694131455920314 -0.046525815383072724 -0.0092410686161794649 0.26096734684506634 0.29994768510889663 -0.0043482468962917032 0.15811944411550155 0.26838760892364349 0.26100245943370348 0.25865719947254767 0.306535676880205 0.28214806785260688 0.30656749459141813 -0.055359610631223438 0.27325391668173332 0.16670621487240589
leaf_weight=788.59960375726223 433.28639127314091 510.06114821135998 952.62174996733665 138.39886661618948 1470.8337875828147 1053.4113098010421 1464.1996098309755 2376.9478000551462 360.89430468529463 25708.735562838614 987.27285277098417 2410.9847627952695 595.28534163534641 253.36848811805248 162.56232234090567 17269.680031351745 1272.4295840635896 296.59890534728765 188.90900619328022 575.79295842349529 772.87192468345165 277.21785280108452 203.97927539050579 440.22785007953644 136.6213242188096 1278.5083036273718 72.14826537668705 141.4182405397296 134.33670619130135 264.15031865239143
leaf_count=7139 4034 5694 10501 1589 14003 1321 2414 2664 962 29833 2941 2657 5610 748 1838 193697 13278 1399 297 5421 4444 700 539 1165 172 3304 137 1620 295 1715
internal_value=0.172383 0.0738982 0.0196746 0.000491206 -0.0133124 0.19841 0.172386 0.231618 0.0425781 0.306086 0.121497 0.249808 0.222716 0.0608829 0.272748 -0.0339454 -0.0370904 0.0418374 0.149721 0.161983 0.187831 0.0759424 0.0650644 0.153047 0.0714686 0.235419 0.0577402 -0.0441486 0.104728 0.0303793
internal_weight=62992.4 36273.5 26993.3 23980.9 22417.4 1563.47 3012.43 9280.19 1313.52 26718.9 2975.63 8491.59 6080.6 1988.35 1698.91 19441.8 19114.5 1569.03 327.308 3703.66 2923.88 872.503 779.772 1010.14 569.908 2051.38 234.711 17545.4 275.755 1734.98
internal_count=322131 286927 254449 238597 231582 7015 15852 32478 11463 35204 19407 25339 22682 16466 4389 212175 210289 14677 1886 20018 14058 6310 5960 5371 4206 7748 1975 195612 1915 15718
is_linear=0
shrinkage=0.05


Tree=2
num_leaves=31
num_cat=0
split_feature=0 16 17 6 16 17 16 9 1 17 8 0 9 16 6 5 5 16 15 9 8 3 8 15 1 9 17 8 8 0
split_gain=204906 88559.8 25733.6 26290.7 18871.1 8300.76 7707.02 7439.55 7225.3 6664.98 5306.16 4802.37 4459.56 5083.84 4045.91 3665.87 7767.72 3374.58 3206.61 3119.04 2957.01 2886.14 2746.44 2364.61 2220.47 2763.71 2134.28 2721.71 2237.66 1941.88
threshold=1.0260424837883069 -0.84772008488809492 0.95936279103287792 1.0000000180025095e-35 -0.022576249993022598 0.14888728888808322 -0.52032787705993211 18.500000000000004 1.0066460957933827 0.64414586362404946 0.50000000000000011 0.99751470464701431 1.0000000180025095e-35 -0.60554068365937697 1.0000000180025095e-35 -0.0032000000000000999 0.0032000000000010505 -0.70898476237405783 0.99172490552676285 20.300000000000004 49.500000000000007 1.0020843103594712 9.9000000000000021 -0.065403129230142895 1.1413272793982758 178.10000000000005 -0.9575230291762723 14.700000000000001 90.100000000000009 0.99995934132953879
decision_type=2 2 2 2 2 2 2 2 2 2 2 2 2 2 2 2 2 2 2 2 2 2 2 2 2 2 2 2 2 2
left_child=1 5 3 6 7 29 9 11 18 -3 24 -4 17 -14 -6 -7 23 -11 20 -15 -5 -13 -8 -17 25 -2 27 -24 -28 -1
right_child=10 2 4 8 14 15 22 -9 -10 12 -12 21 13 19 -16 16 -18 -19 -20 -21 -22 -23 26 -25 -26 -27 28 -29 -30 -31
leaf_value=-0.033931294789865694 -0.0025241463574692102 -0.052519479981280731 -0.026866882975020673 -0.01163977020935932 -0.051259394052947084 0.2477547614202032 -0.052573336362081759 -0.0116878540637117 0.20561000591749359 0.23249629826374474 0.24049741250865894 0.21884508941640349 -0.047571288479712502 -0.055458276754141556 0.19354751049536301 0.095870044364079296 0.24805162494384675 -0.055316585042086169 0.17666276237108869 0.21941844509182371 0.14363200271837032 -0.019310213883238572 0.33443820564886706 0.16962354610820324 0.20502937042000965 0.23701480391458687 -0.054470091152117518 -0.049867681214959152 0.20269234053683327 0.12242453716373598
leaf_weight=463.9151594415307 432.39024831354618 1305.6526591256261 229.39877644181252 1240.0829039663076 1591.495714224875 2809.7237717658281 13822.462925262749 497.59032659232616 1406.6073327362537 647.72922871261835 31508.623470440507 3252.4170315861702 767.13197581470013 137.22948303818703 188.79706183820963 1783.5831076577306 2679.5391405820847 120.84590294212103 455.30676243454218 416.19075556099415 407.34667958319187 132.39304880052805 121.02581694722176 2781.6733417510986 524.96653041243553 166.89208247512579 436.43558768182993 74.388744831085205 104.92673774808645 347.19906032830477
leaf_count=4647 4034 15172 2406 11925 18658 2106 162895 4771 3318 1422 29833 7954 8451 1575 660 10152 2030 1406 1551 2037 2180 1336 432 11051 1165 172 4920 803 577 2492
internal_value=0.144668 0.0661003 0.0181333 -0.00727547 0.110691 0.186863 -0.031741 0.169571 0.117892 0.0361006 0.236689 0.194525 0.091486 0.0357547 -0.025298 0.199275 0.180473 0.187242 0.0592131 0.151258 0.026753 0.20953 -0.0475596 0.140809 0.129952 0.0641842 0.0465015 0.188144 -0.00462692 0.0329971
internal_weight=70854 38221.1 27355.5 21463.4 5892.09 10865.6 17954 4111.8 3509.34 3394.78 32632.9 3614.21 2089.13 1320.55 1780.29 10054.5 7244.8 768.575 2102.74 553.42 1647.43 3384.81 14559.2 4565.26 1124.25 599.282 736.777 195.415 541.362 811.114
internal_count=322131 286927 254449 218664 35785 32478 199690 16467 18974 30063 35204 11696 14891 12063 19318 25339 23233 2828 15656 3612 14105 9290 169627 21203 5371 4206 6732 1235 5497 7139
is_linear=0
shrinkage=0.05


Tree=3
num_leaves=31
num_cat=0
split_feature=0 16 17 6 16 16 17 17 9 1 0 9 0 7 6 1 9 16 9 16 5 9 0 8 15 8 16 9 1 17
split_gain=142036 67288.5 21404.4 22506.9 14402.8 7169.62 5903.66 5697.45 5345.6 5091.8 3584.04 4318.36 3738.49 3500.66 3494.47 3457.38 3300.96 4110.37 2810.12 7811.62 2769.09 2590.16 3889.48 2568.73 2484.44 2418.84 2415.76 2224.23 2215.53 1684.79
threshold=1.0260424837883069 -0.84772008488809492 0.95936279103287792 1.0000000180025095e-35 -0.022576249993022598 -0.52032787705993211 0.029024409397335454 0.64414586362404946 18.500000000000004 1.0069862603623683 0.99810452203403333 80.100000000000009 0.96529483348394718 1.0000000180025095e-35 1.1000000000000003 0.99810343075611396 1.0000000180025095e-35 -0.60554068365937697 8.1000000000000032 -0.93805425954833843 0.0048000000000007004 43.500000000000007 4.6460248763456509 9.9000000000000021 0.99172490552676285 48.100000000000009 -0.70898476237405783 20.300000000000004 1.0020794344837609 -0.98049353344232182
decision_type=2 2 2 2 2 2 2 2 2 2 2 2 2 2 2 2 2 2 2 2 2 2 2 2 2 2 2 2 2 2
left_child=1 6 3 5 8 7 -1 -3 15 24 11 12 -8 -6 21 -4 26 -18 -12 -20 -14 22 -2 -7 25 -5 -9 -19 -17 -23
right_child=14 2 4 9 13 23 10 16 -10 -11 18 -13 20 -15 -16 28 17 27 19 -21 -22 29 -24 -25 -26 -27 -28 -29 -30 -31
leaf_value=-0.056244271836251684 0.033573636451414056 -0.05213169457135565 0.0029569187945565024 -0.011797539240023986 -0.054905583518476922 -0.052196215446326591 0.19760671133571583 0.190640498849039 -0.011206949413394503 0.17223265949791389 0.18982067019874266 0.24357783352879903 -0.020405069152243868 0.1416899663521182 0.20066964599546566 0.18375646257343234 -0.046992739900305364 -0.055165769887404438 -0.007709498373957205 0.1911707017747343 0.20512370422847628 -0.058886830904572453 0.21287900624866449 0.041933934721261806 0.14973194576249449 0.12137702535306534 -0.055031675892619883 0.17668574765523828 -0.02119172089209841 0.19221142815910802
leaf_weight=313.2125503718853 900.33567630499601 1250.9809107482433 311.37293109297752 1226.3822478204966 1473.5079760700464 13240.936278231442 366.13283109664917 747.4192890971899 493.11235155165195 1569.209863871336 7745.1003727093339 408.18135140836239 924.19003409892321 267.54884218424559 33976.506146997213 3631.4754622876644 738.47619586437941 131.21135027706623 732.71911142766476 1513.8249151930213 159.61022187024355 69.216155737638474 455.4354400858283 766.74190477281809 524.37523712962866 472.26052986830473 115.53224481642246 488.78808826208115 136.83360360562801 1916.3497502505779
leaf_count=3196 5207 15172 2860 11911 18162 162895 998 1422 4771 3182 12294 371 7984 1156 26075 7517 8451 1575 5179 2345 111 592 419 6732 1582 2299 1406 2037 1319 2911
internal_value=0.125816 0.060046 0.0168492 -0.00714548 0.0976911 -0.0311005 0.158018 0.0332148 0.144289 0.103274 0.163681 0.0999163 0.0594731 -0.0246947 0.195872 0.163083 0.081277 0.0326988 0.17554 0.126305 0.0128083 0.147081 0.0938065 -0.0470438 0.0545965 0.025228 0.15775 0.127619 0.176314 0.183458
internal_weight=77067 39749.1 27586.2 21272.3 6313.85 17480.1 12163 3472.41 4572.79 3792.23 11849.8 1858.11 1449.93 1741.06 37317.8 4079.68 2221.43 1358.48 9991.64 2246.54 1083.8 3341.34 1355.77 14007.7 2223.02 1698.64 862.952 619.999 3768.31 1985.57
internal_count=322131 286927 254449 218664 35785 199690 32478 30063 16467 18974 29282 9464 9093 19318 35204 11696 14891 12063 19818 7524 8095 9129 5626 169627 15792 14210 2828 3612 8836 3503
is_linear=0
shrinkage=0.05


Tree=4
num_leaves=31
num_cat=0
split_feature=0 16 17 6 5 5 17 0 15 4 8 4 8 3 9 1 15 1 3 0 9 9 8 4 3 4 10 8 4 4
split_gain=105791 55170.1 21769.9 20183.2 11844.7 21024.9 9273.66 4289.74 4260.13 3989.78 3809.83 3333.91 2503.73 2197.58 2145.01 2135.07 1864.98 2210.12 3131.92 2356.83 2009.14 1512.72 1376.53 1345.54 1742.5 2067.58 1332.96 1295.54 1274.44 1436.42
threshold=1.0220285415295292 -0.031173458710879145 0.029024409397335454 1.0000000180025095e-35 -0.0032000000000000999 0.0020000000000001505 0.51849435583340198 1.0075288213152265 0.83267771718485684 0.0070000000000000505 0.50000000000000011 -0.0080000000000025988 9.1000000000000014 1.0086871795812955 58.900000000000006 1.0372400461072957 -0.20576496797711566 0.99995934132953879 1.000135823430168 0.9754836363165067 178.10000000000005 54.100000000000009 49.500000000000007 0.0070000000000000505 0.98937249405761174 -0.0080000000000025988 35.500000000000007 62.500000000000007 -0.0066666666666666497 0.0070000000000000505
decision_type=2 2 2 2 2 2 2 2 2 2 2 2 2 2 2 2 2 2 2 2 2 2 2 2 2 2 2 2 2 2
left_child=1 2 26 12 -4 6 16 9 22 11 15 -8 -3 -14 -9 -2 23 19 -19 -18 -20 28 -5 24 -6 -26 -1 -13 -21 -30
right_child=10 3 4 8 5 -7 7 14 -10 -11 -12 27 13 -15 -16 -17 17 18 20 21 -22 -23 -24 -25 25 -27 -28 -29 29 -31
leaf_value=-0.048666573214414144 -0.027984598553391461 -0.051963148896580796 0.18000317360372742 -0.015656611175344028 0.14868267498591656 0.17271096381775031 0.19390055123242464 -0.028325303685185974 0.14640274395981631 0.17661457879250902 0.17089229397781314 -0.029069667974331404 -0.00033716544831468448 0.21352418989099309 0.19406885586888378 0.12007856224472224 0.18937783499183863 0.21003512679890324 0.046120332482374661 0.16515486028515222 0.21084647741879081 0.15765202446208676 0.10316606211073212 0.19158015969485498 0.19327707759857896 -0.001340276919679367 0.24516741906716724 0.11848135892585709 -0.027637253209944441 0.18124032151180811
leaf_weight=2316.4807554334402 311.67061485350132 11948.992511533201 5468.2541447803378 761.03757762163877 333.22082833200693 5792.2486371472478 182.3861276730895 144.31748052686453 1816.0754438862205 285.83250762522221 40115.506656564772 4414.4479753226042 618.66185133159161 149.06370344758034 435.92744255810976 1112.78330578655 358.70299051702023 1163.4311251193285 721.42725313454866 125.72168724238873 248.99698683619499 234.83923207968473 358.5839829146862 176.16420978307724 154.1348525583744 1190.8044612631202 39.250893048942089 153.95571184158325 768.56405823677778 92.179050102829933
leaf_count=27505 3092 154111 3566 6935 1141 5927 408 1234 4599 572 30755 47169 6169 485 664 3509 696 1643 3501 205 192 469 1335 246 204 8399 54 821 6407 118
internal_value=0.111992 0.0544406 0.100828 -0.0190597 0.116004 0.0953899 0.0553487 0.0100186 0.09911 -0.00481249 0.168039 -0.0157281 -0.0463396 0.0411867 0.138755 0.0876823 0.101075 0.121522 0.154712 0.0766974 0.0883867 0.0436026 0.022399 0.0601235 0.0463239 0.0209636 -0.0437707 -0.0240972 0.0164518 -0.00526805
internal_weight=81993.7 40453.7 24801.3 15652.4 22445.6 16977.3 11185.1 5616.87 2935.7 5036.62 41540 4750.79 12716.7 767.726 580.245 1424.45 5568.19 3713.86 2133.86 1580.01 970.424 1221.3 1119.62 1854.32 1678.16 1344.94 2355.73 4568.4 986.465 860.743
internal_count=322131 284775 111141 173634 83582 80016 74089 50868 12869 48970 37356 48398 160765 6654 1898 6601 23221 13231 5336 7895 3693 7199 8270 9990 9744 8603 27559 47990 6730 6525
is_linear=0
shrinkage=0.05


Tree=5
num_leaves=31
num_cat=0
split_feature=0 16 6 17 4 4 17 0 15 5 5 8 4 9 5 5 6 9 0 9 17 8 4 9 16 8 8 8 10 0
split_gain=82368.7 46866.2 19375.8 18679.6 8986.89 16626.2 6527.14 6658.54 3526.59 3124.74 2772.2 2400.44 2389.94 3153.93 2396.57 2473.9 2039.8 1859.51 1791.23 1707.66 1553.65 1666.47 1526.15 1917.25 2938.79 1468.56 1352.54 1320.59 1246.34 1166.92
threshold=1.028219358729606 -0.031173458710879145 1.0000000180025095e-35 0.029024409397335454 0.010000000000000153 -0.0066666666666666497 0.51849435583340198 1.008431422946743 0.87567323142345188 -0.0032000000000000999 0.0035999999999999505 9.1000000000000014 -0.00018424242424234998 81.300000000000026 1.0000000180025095e-35 0.0035999999999999505 9.3000000000000025 58.900000000000006 0.99995934132953879 81.300000000000026 -0.95502570686053045 86.300000000000026 0.0020000000000000503 57.300000000000011 -0.30163705152652737 62.500000000000007 49.500000000000007 14.700000000000001 35.500000000000007 0.9754836363165067
decision_type=2 2 2 2 2 2 2 2 2 2 2 2 2 2 2 2 2 2 2 2 2 2 2 2 2 2 2 2 2 2
left_child=1 3 11 28 5 -5 12 9 26 -8 25 -3 13 29 18 19 22 -9 -14 -16 27 -22 23 24 -2 -11 -4 -13 -1 -7
right_child=16 2 8 4 -6 6 7 17 -10 10 -12 20 14 -15 15 -17 -18 -19 -20 -21 21 -23 -24 -25 -26 -27 -28 -29 -30 -31
leaf_value=-0.048091927422440062 0.12433485181598897 -0.051354504393441386 -0.013176008024044138 0.15635774387904275 0.16240130034159495 0.15306609232566262 0.16894492853774795 -0.019063257888452881 0.13088882689732143 -0.025383220819751719 0.15047864914246781 0.21570765038875683 0.075215406964243878 0.1383442742920864 0.0038229511956526952 0.15907741999476674 0.15486142096303929 0.17110826244334984 0.15995539514201049 0.12708672322166747 -0.05559141463538924 0.13886312678759974 0.15072788663517889 0.14152899065958469 0.011960828287998543 0.1125790386671862 0.095841880489843809 -0.043199099739794168 0.19159878636024955 -0.047096522890354334
leaf_weight=2291.8818295225501 1380.5602022781968 11578.508295752108 821.17434208840132 6153.0379736870527 5363.5850998014212 80.718804433941841 253.43973399698734 152.89273583889008 2059.0577808618546 4564.1926600858569 252.41851427406073 174.84331395477057 878.87664992362261 439.59010954201221 1168.4467009007931 525.9861089810729 35180.542244881392 807.11932775378227 2147.0940707549453 369.93559099733829 444.00904631614685 146.54438419640064 3856.4819327369332 2220.9275352805853 1005.5853310525417 201.40174029767513 435.33566206693649 68.565906651318073 55.548864714801311 743.54716930538416
leaf_count=28067 2790 155621 7315 5292 3151 219 178 1215 4493 48574 259 489 4073 702 7990 361 20891 860 3249 704 5017 680 3379 2665 4301 887 1447 721 68 6473
internal_value=0.101406 0.0515777 -0.0167712 0.0922207 0.105334 0.0889995 0.0560686 0.0197082 0.0906063 -0.00234837 -0.0109997 -0.0454534 0.0917267 0.0301867 0.107006 0.0654696 0.14956 0.140821 0.135343 0.0334643 0.0364759 -0.007338 0.127521 0.108096 0.0769774 -0.0195527 0.0245948 0.142776 -0.04242 -0.027495
internal_weight=85821.8 42177.8 15728 26449.7 24102.3 18738.7 12585.7 6231.46 3315.57 5271.45 5018.01 12412.5 6354.2 1263.86 5090.34 2064.37 43644.1 960.012 3025.97 1538.38 833.963 590.553 8463.56 4607.07 2386.15 4765.59 1256.51 243.409 2347.43 824.266
internal_count=322131 288105 175783 112322 84187 81036 75744 51973 13255 49898 49720 162528 23771 7394 16377 9055 34026 2075 7322 8694 6907 5697 13135 9756 7091 49461 8762 1210 28135 6692
is_linear=0
shrinkage=0.05


Tree=6
num_leaves=31
num_cat=0
split_feature=0 16 7 17 5 5 17 15 4 0 8 4 8 1 16 9 0 9 8 0 1 6 4 9 10 0 15 1 6 8
split_gain=66377.3 39988.3 16137.2 15245.5 7468.64 13765.2 6218.96 4165.72 3074.93 3248.05 2575.77 2558 1593.62 1500.19 1468.45 3301.46 2279.99 1832.08 1371.49 1175.17 1135.28 1060.19 1062.09 1536.53 1193.09 1209.73 1037.44 952.118 948.226 927.5
threshold=1.0220285415295292 -0.031173458710879145 1.0000000180025095e-35 0.029024409397335454 -0.0032000000000000999 0.0032000000000001008 0.51849435583340198 0.75327469385087487 0.0080000000000008519 1.0062853553984616 0.50000000000000011 -0.0080000000000025988 7.1000000000000005 1.0372400461072957 -0.931957157303682 2.1000000000000005 0.99882097045889251 1.0000000180025095e-35 122.20000000000002 0.99995934132953879 1.0012220788976152 15.500000000000002 0.0099999999999979515 56.500000000000007 36.500000000000007 2.152900965564386 0.98285265264473232 1.0053787550026523 1.0000000180025095e-35 62.500000000000007
decision_type=2 2 2 2 2 2 2 2 2 2 2 2 2 2 2 2 2 2 2 2 2 2 2 2 2 2 2 2 2 2
left_child=1 3 -3 26 -5 6 14 18 9 11 13 -8 -11 -2 15 16 -6 19 -4 -16 -18 22 23 24 -12 -26 -1 -9 -28 -13
right_child=10 2 7 4 5 -7 8 27 -10 12 21 29 -14 -15 17 -17 20 -19 -20 -21 -22 -23 -24 -25 25 -27 28 -29 -30 -31
leaf_value=-0.05462037208609543 -0.027904152069779711 -0.050017428988381032 -0.014395193890387695 0.14240410910442086 -0.0050747975418438413 0.14200204175499281 0.14640203843150165 0.072510548422627788 0.14532848973028581 -0.04303256158332186 0.10652633509159806 -0.024603352981198312 0.14149038941533199 0.095064838359458476 0.0081889608375926657 0.0096137213177066236 0.15079482840727537 0.13636083067218405 0.13868314101353957 0.11495213825404133 0.009090352577191832 0.14083645104893946 0.14526960712597164 0.1341202494646033 -0.058309796371447301 0.074718398240760278 -0.054449780419128083 0.13361699390452952 0.14590238372835593 0.090271744670341408
leaf_weight=1952.2111766934395 308.97706499695778 10890.262804947793 1394.8529218360782 6222.0395106449723 361.08495718240738 5896.3419609963894 242.92575670033693 1187.2233309969306 406.06124580651522 147.94413856416941 3303.170254394412 4439.3101630732417 559.61145471036434 1257.2876304537058 590.49305715411901 1649.1144710332155 1293.9588307440281 2006.3926888555288 163.46903414279222 457.40688338875771 158.67550302296877 32477.133080765605 3998.4784313812852 4634.085341334343 225.77227236330509 703.1704449057579 107.3027301505208 1376.6312452927232 131.34271188825369 182.95388249307871
leaf_count=25817 3092 151956 13196 3566 2755 3484 416 5872 535 1423 4920 48384 876 3509 3802 9817 2021 3886 349 1036 776 17259 2252 3966 1013 1345 1446 2261 296 805
internal_value=0.0930139 0.0472103 -0.0181239 0.0838012 0.095051 0.0790316 0.0493184 0.0661347 0.0124915 0.00281221 0.133847 -0.011745 0.102908 0.0708067 0.0831034 0.0608133 0.107366 0.108375 0.00166283 0.0547909 0.135316 0.136024 0.123877 0.114229 0.0924478 0.0423869 -0.0425906 0.105321 0.0558176 -0.0200565
internal_weight=88725.7 41817.6 15012.4 26805.2 24614.3 18392.3 12495.9 4122.18 5978.81 5572.75 46908.1 4865.19 707.556 1566.26 6517.13 3462.83 1813.72 3054.29 1558.32 1047.9 1452.63 45341.8 12864.7 8866.2 4232.11 928.943 2190.86 2563.85 238.645 4622.26
internal_count=322131 284775 173634 111141 83582 80016 76532 21678 52439 51904 37356 49605 2299 6601 24093 15369 5552 8724 13545 4838 2797 30755 13496 11244 7278 2358 27559 8133 1742 49189
is_linear=0
shrinkage=0.05


Tree=7
num_leaves=31
num_cat=0
split_feature=0 16 17 6 5 5 17 8 1 4 4 15 8 8 3 0 9 1 4 4 9 7 6 3 4 9 15 16 8 17
split_gain=54997.5 37502.9 12630.6 10652 6584.56 12502.8 6103.09 5441.26 2958.22 2901.08 2343 2002.05 1392.09 1351.47 1227.78 2023.46 2159.72 1479.15 1387.49 1717.38 1326.82 1214.54 1110.88 1018.72 982.257 2190.52 981.984 1314.7 1090.25 1114.47
threshold=1.0102983858438208 -0.031173458710879145 0.029024409397335454 1.0000000180025095e-35 -0.0036000000000000498 0.0032000000000001008 0.51849435583340198 0.50000000000000011 1.0324464199009855 0.0070000000000000505 -0.0080000000000025988 0.99799686083023531 9.1000000000000014 61.900000000000006 1.0011795570603794 0.99995934132953879 56.500000000000007 0.96525105129146893 -0.0066666666666666497 0.010000000000000153 11.500000000000002 41.70000000000001 11.500000000000002 1.0092375312081086 0.0060000000000000513 57.300000000000011 0.9530563751957527 -0.64578423485557612 51.70000000000001 -0.98049353344232182
decision_type=2 2 2 2 2 2 2 2 2 2 2 2 2 2 2 2 2 2 2 2 2 2 2 2 2 2 2 2 2 2
left_child=1 2 -1 12 -4 6 14 8 -2 10 -8 21 -3 -12 15 16 17 -6 -19 -20 -17 -5 24 -14 25 26 27 -9 29 -29
right_child=7 3 4 11 5 -7 9 22 -10 -11 13 -13 23 -15 -16 20 -18 18 19 -21 -22 -23 -24 -25 -26 -27 -28 28 -30 -31
leaf_value=-0.045361988500368954 -0.043387569429955294 -0.052123231731189559 0.13079148280550543 -0.0025337360992083694 0.12099832445959371 0.12957047148926767 0.12616391079683634 0.099875302001464328 0.083408147140805272 0.10994489989019443 -0.025149488396503619 0.11575277563103351 -0.0017516753745986898 0.093593367075351 0.02251223293066313 0.13019453934261108 0.13700414534675198 0.11619804126226936 -0.018801660821144685 0.14544239326761807 0.021440764973879523 0.09371539447567602 0.12806180772190234 0.18269300511666758 0.13047631365747311 0.12383417742248129 0.099609542053843411 0.072109613614632737 0.10041175496946775 -0.050284370908365184
leaf_weight=1955.9642680063844 690.36778052896261 10175.16296954453 6283.5741462931037 1050.9285052940249 404.22374544292688 6112.9230782836676 297.70144584029913 692.55589701980352 1378.5711370036006 564.57354149967432 4334.7198875322938 1108.7747504711151 620.35955686867237 253.64528205990791 974.00449929386377 2208.0743545219302 644.47575176507235 294.35855054855347 1507.0874155089259 177.94986438006163 321.26017843931913 476.31278204917908 37423.933068327606 85.136419452726841 3965.1046919152141 4203.0484687909484 1513.2656529992819 264.62260120362043 272.29165777564049 625.91444354504347
leaf_count=26099 8479 149342 3297 8590 898 3449 484 1230 3983 1268 48529 1655 6116 931 4412 3300 772 423 12010 110 1547 1488 20117 150 2660 4147 2279 665 387 3314
internal_value=0.0861511 0.0421366 0.0768865 -0.0255667 0.0866949 0.0713821 0.041696 0.120524 0.0410987 0.00263358 -0.00976599 0.0646122 -0.047414 -0.0185854 0.0742946 0.08337 0.0557961 0.0338393 0.01604 -0.00145652 0.116381 0.0274842 0.12388 0.0205064 0.110315 0.0997577 0.0697176 0.0453376 0.0128561 -0.0139151
internal_weight=90880.9 39851.2 26334.5 13516.7 24378.6 18095 11982.1 51029.7 2068.94 5450.64 4886.07 2636.02 10880.7 4588.37 6531.43 5557.43 3028.1 2383.62 1979.4 1685.04 2529.33 1527.24 48960.7 705.496 11536.8 7571.7 3368.65 1855.38 1162.83 890.537
internal_count=322131 274870 107529 167341 81430 78133 74684 47261 12462 51212 49944 11733 155608 49460 23472 19060 14213 13441 12543 12120 4847 10078 34799 6266 14682 12022 7875 5596 4366 3979
is_linear=0
shrinkage=0.05


Tree=8
num_leaves=31
num_cat=0
split_feature=0 16 7 17 4 4 17 0 15 5 5 4 9 5 5 6 9 8 15 9 15 16 16 0 0 9 8 4 9 16
split_gain=46401.2 30494.1 14397.1 11838.2 5234.44 9865.07 3748.4 4234.14 3252.38 2052.86 1833.51 1645.85 2245.53 1500.21 1677.2 1361.28 1271.78 1150.74 1046.95 1010.66 1402.41 1269.42 2414.23 999.915 971.255 936.303 1021.46 931.545 1209.39 2698.86
threshold=1.028219358729606 -0.031173458710879145 1.0000000180025095e-35 0.029024409397335454 0.010000000000000153 -0.0066666666666666497 0.51849435583340198 1.0075288213152265 0.75327469385087487 -0.0032000000000000999 0.0035999999999999505 -0.00018424242424234998 81.300000000000026 1.0000000180025095e-35 0.0012000000000003503 9.3000000000000025 58.900000000000006 49.500000000000007 0.98120623192544731 29.300000000000004 -0.065403129230142895 -0.57780908558020239 -0.30163705152652737 0.99033341153689547 0.99995934132953879 59.500000000000007 69.500000000000014 0.0020000000000000503 48.100000000000009 -0.64578423485557612
decision_type=2 2 2 2 2 2 2 2 2 2 2 2 2 2 2 2 2 2 2 2 2 2 2 2 2 2 2 2 2 2
left_child=1 3 -3 18 5 -5 11 9 17 -8 19 12 -7 24 23 27 -9 -4 -1 -11 -21 -22 25 -15 -13 -23 -27 28 29 -2
right_child=15 2 8 4 -6 6 7 16 -10 10 -12 13 -14 14 -16 -17 -18 -19 -20 20 21 22 -24 -25 -26 26 -28 -29 -30 -31
leaf_value=-0.053976499505678288 0.10281695981242403 -0.048892026711078236 -0.026219577920185113 0.11801079940510247 0.12270472593773654 -0.02960743122001986 0.12551779782428371 -0.021873973572997078 0.088737823706434571 -0.031734208008649033 0.11098514131031359 0.05920321948824684 0.10338010908774833 0.095958339908003884 0.089975802716648207 0.11785437278575975 0.12555834607393199 0.064711661250506328 0.053556831444478981 -0.050738999113276985 -0.03010931760385166 0.28004764902714857 -0.053374884788374433 -0.022155155094243317 0.11812370248120439 -0.039274765194609963 0.22210117948209512 0.11374797545146093 0.10285292394247923 -0.010399490659807376
leaf_weight=1858.0522867888212 1212.6958837881684 10147.464988000691 1152.3671551048756 6985.4302202314138 6089.3500840067863 850.37156789749861 293.03662456572056 172.15817041695118 2977.0032723024487 3459.540077470243 290.5142008215189 967.73661046475172 506.47840937972069 228.83659671992064 1195.4815024659038 39513.587535053492 972.89146661013365 498.41089334338903 257.74853932112455 397.01723419874907 222.45460285246372 157.28365886211395 143.89342685043812 825.8555359095335 2522.6525515541434 67.324252098798752 84.03736786544323 4376.7149173021317 3000.800440505147 930.10405717790127
leaf_count=26342 1878 153482 12059 5292 3151 6692 178 1402 8422 40015 258 4073 702 750 2728 20891 918 1820 1793 4382 2121 542 1565 5577 3249 526 66 3379 3570 4308
internal_value=0.0804522 0.0427483 -0.0155611 0.0729266 0.0820361 0.0698626 0.0446832 0.0164808 0.0575246 -0.00297484 -0.0107833 0.0695587 0.0200335 0.0812646 0.0494301 0.113765 0.103392 0.00123482 -0.0408767 -0.0185898 0.0238291 0.0676886 0.115763 0.00347193 0.101788 0.194617 0.105844 0.0967927 0.0823653 0.0536742
internal_weight=92357.3 43323.4 14775.2 28548.1 26432.3 20343 13357.6 6260.15 4627.78 5115.1 4822.06 7097.41 1356.85 5740.56 2250.17 49033.9 1145.05 1650.78 2115.8 4531.55 1072.01 674.993 452.539 1054.69 3490.39 308.645 151.362 9520.32 5143.6 2142.8
internal_count=322131 288105 175783 112322 84187 81036 75744 51973 22301 49653 49475 23771 7394 16377 9055 34026 2320 13879 28135 49217 9202 4820 2699 6327 7322 1134 592 13135 9756 6186
is_linear=0
shrinkage=0.05


Tree=9
num_leaves=31
num_cat=0
split_feature=0 16 17 6 5 5 8 17 1 4 4 15 3 2 9 0 0 8 9 4 9 15 16 16 6 3 15 16 14 17
split_gain=40020.9 29627.7 9775.28 8815.08 5007.52 9594.18 4518.43 4470.79 2434.05 2305.76 1781.64 1564.27 1107.53 1442.2 1704.25 1170.81 1298.19 1085.67 1073 1064.77 1044.3 1341.75 1121.71 1627.63 960.639 869.98 1038.4 893.943 919.503 837.685
threshold=1.0096133755504841 -0.031173458710879145 0.029024409397335454 1.0000000180025095e-35 -0.0036000000000000498 0.0032000000000001008 0.50000000000000011 0.51849435583340198 1.0324464199009855 0.0070000000000000505 -0.010000000000001249 0.99799686083023531 1.0011795570603794 0.99995934132953879 56.500000000000007 0.97001682658915622 0.99793190042449587 9.1000000000000014 14.300000000000002 0.0020000000000006506 29.300000000000004 -0.065403129230142895 -0.57780908558020239 -0.42957681104363482 15.500000000000002 0.9499560984597073 0.73874773214847844 0.76140650896573492 0.14996639865976366 -0.95502570686053045
decision_type=2 2 2 2 2 2 2 2 2 2 2 2 2 2 2 2 2 2 2 2 2 2 2 2 2 2 2 2 2 2
left_child=1 2 -1 17 -4 7 8 12 -2 10 -9 19 13 14 15 -6 -17 25 -15 -5 -12 -22 -23 -24 -8 26 -3 -28 -29 -19
right_child=6 3 4 11 5 -7 24 9 -10 -11 20 -13 -14 18 -16 16 -18 29 -20 -21 21 22 23 -25 -26 -27 27 28 -30 -31
leaf_value=-0.04558224235599756 -0.043451806782253993 -0.053574698350234901 0.11270829823007245 -0.0089289868698900123 0.10093904491535302 0.11149183771510002 0.096494356216232036 0.11852213958903157 0.069660183014226038 0.094402209825352634 -0.031201253357682968 0.097857910484767455 0.012809595234081381 0.10740067146288801 0.11776303818436731 -0.036982028134242936 0.044497593664890478 0.10180347089460538 -0.0079050076983690348 0.078995429931316266 -0.052293742086253703 -0.029168482759861381 0.17099135202505861 -0.012204415973790725 0.11129982204782235 -0.052964722752269405 -0.053589521063213331 0.6921172066752268 0.010043351685757273 -0.020878041770307412
leaf_weight=1794.2470340505242 701.65573230013251 40.905701767653227 6577.6502481251955 1004.2780807986856 464.26186139136553 6407.8768968358636 15822.622750323266 255.35819604992867 1476.3239281848073 595.70457930117846 3367.4071951061487 1179.7165477573872 957.79727843403816 2454.0695534422994 691.9529832303524 796.04522911459208 1266.8183650970459 192.96647438406944 219.83587609231472 523.98667650669813 379.25215306133032 228.91024757921696 329.61740883439779 191.79465452581644 35621.863190338016 9232.7037283740938 11.047767076641319 16.742492586374286 7.0100311040878287 498.85570389777422
leaf_count=25957 9167 657 3295 7620 1039 3447 17583 209 3983 1259 40247 1633 4319 3695 751 7006 5369 1030 1199 2358 4426 2186 977 1776 17635 147786 177 48 105 5192
internal_value=0.0755889 0.037526 0.0671762 -0.0254193 0.0752097 0.0619535 0.10376 0.0359318 0.0332201 0.00167269 -0.00995093 0.0546052 0.062676 0.0707809 0.0482373 0.0292004 0.0130552 -0.0470893 0.0979208 0.0212171 -0.0172462 0.0243556 0.0630982 0.103605 0.106746 -0.0515806 0.117225 0.317989 0.490818 0.0133409
internal_weight=93309.3 39686.8 26978.6 12708.2 25184.4 18606.7 53622.5 12198.8 2177.98 5348.04 4752.34 2707.98 6850.78 5892.98 3219.08 2527.13 2062.86 10000.2 2673.91 1528.26 4496.98 1129.57 750.322 521.412 51444.5 9308.41 75.706 34.8003 23.7525 691.822
internal_count=322131 273763 107157 166606 81200 77905 48368 74458 13150 51080 49821 11611 23378 19059 14165 13414 12375 154995 4894 9978 49612 9365 4939 2753 35218 148773 987 330 153 6222
is_linear=0
shrinkage=0.05


Tree=10
num_leaves=31
num_cat=0
split_feature=0 16 7 17 4 4 9 17 4 15 4 4 5 5 9 6 6 0 3 4 9 0 0 17 1 0 2 9 16 16
split_gain=34799.2 23931.3 12332.9 9430.06 4051.64 7546.42 2892.48 3643.91 2779.85 2659.28 1847.23 1780.64 1701.62 1491.71 1297.39 1080.16 1006.09 993.609 2662.95 889.506 1009.32 1724.78 864.799 856.924 819.269 813.477 734.92 723.882 1167.52 1472.59
threshold=1.0311302400704798 -0.031173458710879145 1.0000000180025095e-35 0.029024409397335454 0.010000000000000153 -0.0066666666666666497 81.300000000000026 0.51849435583340198 -0.00018424242424234998 0.9697633179913755 0.00066091954022980007 0.0070000000000000505 -0.0036000000000000498 0.0035999999999999505 50.300000000000011 12.300000000000002 1.7000000000000004 1.0075288213152265 0.99666815409492449 0.0019999999999999502 57.300000000000011 11.104767921266129 0.98140059661553292 -0.95502570686053045 0.99995934132953879 0.9754836363165067 1.000135823430168 34.100000000000009 -0.54939360607974019 -0.42957681104363482
decision_type=2 2 2 2 2 2 2 2 2 2 2 2 2 2 2 2 2 2 2 2 2 2 2 2 2 2 2 2 2 2
left_child=1 3 -3 16 5 -5 7 8 25 14 24 22 -9 27 23 19 -1 18 -8 20 21 -2 -12 -4 -10 -7 -26 -14 -29 -30
right_child=15 2 9 4 -6 6 17 12 10 -11 11 -13 13 -15 -16 -17 -18 -19 -20 -21 -22 -23 -24 -25 26 -27 -28 28 29 -31
leaf_value=-0.05147196486187694 0.028172025683864663 -0.047607064053527902 0.045696789747565483 0.10318607462083336 0.10750914028704006 0.10353775315103403 0.12548018669472227 0.11059935182505223 0.054357718051893315 0.087207655217762442 0.11276434808492952 0.088165272667260819 -0.028935455784710452 0.09500562734298057 0.053656661872966409 0.10397922025544329 0.066908859354114156 0.11012929970549817 -0.01851782871613902 0.099999141788504761 0.093619525953499136 0.11655294881561509 -0.042637097694927413 -0.042735752403306987 0.11816420172602744 -0.047885923589305858 0.055639033417527767 -0.048183924477714239 0.15787524655198235 -0.041938056912550675
leaf_weight=1814.9367028996348 2099.8646013885736 9419.9524801708758 376.53293963521719 7253.084982149303 6303.0911914855242 100.56809267401695 624.59412274509668 302.32410256564617 1375.074811950326 2430.9111271724105 101.01370770484209 571.75602156668901 3499.0422792211175 303.94371875375509 1126.2200572937727 38283.029487743974 199.17649065703154 1645.7476316541433 660.66929256170988 6014.4353524744511 2815.4704692810774 748.89263221621513 787.15409852564335 1005.4261120706797 1866.9242940843105 751.24750741571188 628.07957217097282 294.52116014063358 247.35599513351917 147.01161024719477
leaf_count=27414 6367 153897 2814 5312 3160 219 536 161 4922 4320 247 796 41855 264 4746 19086 930 1366 4391 4289 2732 463 6213 10603 1632 6496 1489 2975 746 1690
internal_value=0.0713916 0.0388784 -0.0140535 0.0646627 0.0723213 0.0618397 0.0402759 0.0284924 0.053863 0.0499408 0.067267 0.019342 -0.00422142 -0.0119494 0.0138219 0.0999186 -0.0397652 0.0844026 0.0514603 0.0866079 0.0723887 0.051406 -0.0249629 -0.0186411 0.0853459 -0.0300084 0.102424 -0.0197118 0.0271376 0.0833892
internal_weight=93798.1 43836.4 14359 29477.3 27463.2 21160.1 13907 10976 6181.82 4939.09 5330 1459.92 4794.2 4491.87 2508.18 49961.7 2014.11 2931.01 1285.26 11678.7 5664.23 2848.76 888.168 1381.96 3870.08 851.816 2495 4187.93 688.889 394.368
internal_count=322131 289194 176380 112814 84470 81310 75998 69705 22014 22483 15299 7256 47691 47530 18163 32937 28344 6293 4927 13851 9562 6830 6460 13417 8043 6715 3121 47266 5411 2436
is_linear=0
shrinkage=0.05


Tree=11
num_leaves=31
num_cat=0
split_feature=0 16 7 17 4 4 9 17 4 15 4 4 5 5 6 15 6 0 3 0 6 4 9 0 1 8 3 17 0 4
split_gain=30661.4 21381.2 11370.4 8393.68 3623.89 6689.45 2521.38 3220.17 2445.28 2340.41 1565.84 1582.99 1525.8 1342.55 1047.88 987.97 947.064 855.999 2309.86 789.011 772.884 755.374 1141.47 1514.74 1407.56 822.505 752.574 743.427 737.85 737.339
threshold=1.0311302400704798 -0.031173458710879145 1.0000000180025095e-35 0.029024409397335454 0.010000000000000153 -0.0066666666666666497 81.300000000000026 0.51849435583340198 -0.00018424242424234998 0.72236396205975539 0.00066091954022980007 0.0070000000000000505 -0.0036000000000000498 0.0035999999999999505 10.300000000000002 0.97676355679130611 38.900000000000006 1.0075288213152265 0.99666815409492449 0.98990053534117195 1.0000000180025095e-35 0.0079999999999990513 48.100000000000009 4.6460248763456509 1.0578248248451925 0.50000000000000011 0.9499560984597073 -0.98049353344232182 0.99882097045889251 0.003999999999997751
decision_type=2 2 2 2 2 2 2 2 2 2 2 2 2 2 2 2 2 2 2 2 2 2 2 2 2 2 2 2 2 2
left_child=1 3 26 15 5 -5 7 8 -7 16 28 19 -9 -14 21 -1 -4 18 -8 -12 -17 22 23 24 25 -2 -3 -24 -10 -11
right_child=14 2 9 4 -6 6 17 12 10 29 11 -13 13 -15 -16 20 -18 -19 -20 -21 -22 -23 27 -25 -26 -27 -28 -29 -30 -31
leaf_value=-0.054139811721033951 -0.039788293971819204 0.10400810969688419 -0.019646943155754479 0.097116835745179764 0.10146387273732155 -0.029273958781405179 0.11567874319110386 0.10398890808250578 0.034113271171311042 0.054076925312948457 0.078351848661291842 0.082297363680067889 -0.019096090544238775 0.089247890772767582 0.098039879140772418 -0.054405772040521244 0.084755944888660548 0.10247830828455762 -0.017782307249272569 -0.046320043696202198 0.11226553035223935 0.10097675583439736 -0.071236241157992097 0.10605730405022343 -0.02104146224269382 0.07482626868212354 -0.048557433286001685 0.091436117766696356 0.089459408924891418 0.10377782010095758
leaf_weight=1653.3980849981308 180.75283847004175 81.566711481660604 1353.3809701390564 7319.12952131778 6343.4737398028374 830.97668416798115 643.12016460299492 305.37633544206619 740.57046668976545 2291.6413990035653 154.22554875910282 581.62470120191574 4115.547652836889 307.28019448369741 40023.346270576119 115.59837508574128 258.74579183012247 1679.2485651522875 653.77595646679401 716.45306769013405 174.63186201453209 3041.0359668806195 71.486353613436222 829.94758389890194 908.6314190775156 1168.0684307962656 8957.8980471007526 4011.0086867511272 3222.7306095808744 1106.5835266672075
leaf_count=26277 1323 961 12841 5312 3160 6715 536 161 3261 7336 626 796 47266 264 20291 1733 612 1366 4391 5834 334 1655 406 571 3475 1575 152936 3641 4782 1694
internal_value=0.0677638 0.0370883 -0.013693 0.061227 0.068296 0.0584042 0.0380942 0.027025 0.0505884 0.0467241 0.0628426 0.0184286 -0.00410537 -0.0115688 0.0943923 -0.0392044 -0.00289032 0.0789129 0.0483999 -0.0242366 0.0458805 0.0800951 0.0712384 0.0482974 0.0270621 0.059467 -0.0471808 0.0885877 0.0791176 0.0702613
internal_weight=93841.3 43607 14049.8 29557.2 27613.5 21270.1 13950.9 10974.8 6246.58 5010.35 5415.6 1452.3 4728.2 4422.83 50234.3 1943.63 1612.13 2976.14 1296.9 870.679 290.23 10210.9 7169.9 3087.4 2257.45 1348.82 9039.46 4082.5 3963.3 3398.22
internal_count=322131 289194 176380 112814 84470 81310 75998 69705 22014 22483 15299 7256 47691 47530 32937 28344 13453 6293 4927 6460 2067 12646 10991 6944 6373 2898 153897 4047 8043 9030
is_linear=0
shrinkage=0.05


Tree=12
num_leaves=31
num_cat=0
split_feature=0 16 6 17 5 5 8 17 1 4 4 15 8 6 9 15 17 16 16 1 1 9 1 0 9 4 9 15 16 8
split_gain=27339.1 21612.5 7037.13 6947.19 3733.77 7085.72 3301.05 3026.8 1756.13 1662.88 1392.23 1106.69 1023.9 887.906 849.226 1094.46 833.098 824.283 1058.76 802.926 984.461 1151.57 840.838 1052.13 790.178 727.986 1284.86 969.753 756.218 781.062
threshold=1.0096133755504841 -0.031173458710879145 1.0000000180025095e-35 0.029024409397335454 -0.0036000000000000498 0.0035999999999999505 0.50000000000000011 0.51849435583340198 1.0372400461072957 0.0070000000000000505 -0.010000000000001249 0.99799686083023531 9.1000000000000014 16.700000000000006 29.300000000000004 -0.065403129230142895 -0.49812626372919405 -0.57780908558020239 -0.30163705152652737 1.0012220788976152 0.99995934132953879 56.500000000000007 0.96525105129146893 0.99793190042449587 11.500000000000002 0.0099999999999979515 56.500000000000007 0.98802492553144938 -0.64578423485557612 41.300000000000011
decision_type=2 2 2 2 2 2 2 2 2 2 2 2 2 2 2 2 2 2 2 2 2 2 2 2 2 2 2 2 2 2
left_child=1 3 12 -1 -5 7 8 19 -2 10 -9 16 -3 25 -12 -16 -4 -17 -19 20 21 22 -6 -24 -22 26 27 28 -8 -30
right_child=6 2 11 4 5 -7 13 9 -10 -11 14 -13 -14 -15 15 17 -18 18 -20 -21 24 -23 23 -25 -26 -27 -28 -29 29 -31
leaf_value=-0.044187153450024858 -0.036880288527269101 -0.050854804987808394 0.050742586703180249 0.095496134068133343 0.084564389283441094 0.095177842592138157 0.073279713994548065 0.09704250423993524 0.058416240577222993 0.075475501685759561 -0.02942933628368893 0.079409554338227079 0.0123405925792099 0.094538270002082259 -0.051945072332594926 -0.028694937768208369 -0.021920733250758943 0.12648340703843705 -0.025213274970407262 0.0081617430316270993 0.088843237507692407 0.09426654357738487 -0.033501169996284108 0.037775156001279141 0.0080505362717065033 0.096788020067269498 0.089460870336352138 0.076815624352898126 -0.014037145795123907 0.04991086997407379
leaf_weight=1594.9586726613343 716.11488562449813 8218.7866000160575 839.58669636398554 6681.6343118101358 477.72740902006626 6326.4288284927607 929.85648530721664 289.95568710565567 1487.9140740483999 665.59170383960009 3188.9969257712364 1259.012959331274 695.1644186489284 34840.045941203833 358.91984612867236 221.95831128954887 744.02898205071688 417.64196806401014 158.74211493134499 941.78880529850721 2539.116572573781 754.1195830181241 820.98812984675169 1401.7495956495404 343.58803474903107 5042.2843825295568 6595.5063025020063 3077.0853003934026 944.29230610281229 965.94341465830803
leaf_count=25957 9638 148773 4675 3295 905 3172 1456 218 3512 1378 40273 1633 6222 16867 4429 2187 5303 1153 1603 4119 3394 798 7220 5521 1535 2616 5504 3207 3960 1608
internal_value=0.0645682 0.0325604 -0.0240814 0.057057 0.0633676 0.0520137 0.0873964 0.0303081 0.0274533 0.00157173 -0.00903816 0.0444204 -0.0459264 0.089918 -0.0161152 0.0205737 0.0166032 0.0531768 0.0847046 0.0512387 0.0576404 0.0396384 0.0243832 0.0114486 0.0792136 0.0807484 0.0742849 0.0573692 0.0363001 0.0182993
internal_weight=93539.5 38940.5 11756.6 27183.9 25588.9 18907.3 54599 12580.9 2204.03 5301.81 4636.21 2842.63 8913.95 52395 4346.26 1157.26 1583.62 798.342 576.384 7279.08 6337.29 3454.58 2700.47 2222.74 2882.7 17555 12512.7 5917.18 2840.09 1910.24
internal_count=322131 273763 166606 107157 81200 77905 48368 74733 13150 51241 49863 11611 154995 35218 49645 9372 9978 4943 2756 23492 19373 14444 13646 12741 4929 18351 15735 10231 7024 5568
is_linear=0
shrinkage=0.05


Tree=13
num_leaves=31
num_cat=0
split_feature=0 16 7 17 4 4 9 17 15 5 4 4 4 9 5 6 15 17 4 4 9 0 4 3 0 0 6 3 8 17
split_gain=24553.3 17283.8 9728.29 6790.94 3076.34 5613.12 2054.63 2481.44 1909.52 1387.33 1276.73 1251.57 1348.32 1227.66 1154.7 1012.64 927.938 899.476 815.351 742.642 880.674 827.43 840.041 706.653 704.383 700.872 689.942 686.037 973.83 1228.54
threshold=1.0311302400704798 -0.031173458710879145 1.0000000180025095e-35 0.029024409397335454 0.010000000000000153 -0.0080000000000025988 81.300000000000026 0.51849435583340198 0.98285265264473232 -0.0036000000000000498 -0.00018424242424234998 0.00066091954022980007 0.0070000000000000505 81.300000000000026 0.0048000000000007004 12.900000000000002 0.97676355679130611 -0.95502570686053045 -0.0066666666666666497 0.0099999999999979515 57.300000000000011 11.104767921266129 0.00066666666666745009 0.9499560984597073 0.9754836363165067 0.98990053534117195 27.700000000000006 1.0092375312081086 0.70000000000000018 -0.95998493203694346
decision_type=2 2 2 2 2 2 2 2 2 2 2 2 2 2 2 2 2 2 2 2 2 2 2 2 2 2 2 2 2 2
left_child=1 3 23 16 5 -5 7 10 13 -9 18 -12 25 17 -11 19 -1 -4 -7 20 21 22 -2 -3 -20 -13 -19 -25 -29 -30
right_child=15 2 8 4 -6 6 -8 9 -10 14 11 12 -14 -15 -16 -17 -18 26 24 -21 -22 -23 -24 27 -26 -27 -28 28 29 -31
leaf_value=-0.053884301885398424 0.018769254181864023 0.096776060504470726 0.044912229506929996 0.090712792452643409 0.092185570735465183 0.059781939296085135 0.071092379028599259 0.090498392405050712 0.073479257508319018 -0.015881473349273513 0.069437223344140139 0.069593544313264061 0.073662340561567355 0.059188248108178604 0.094346596780996994 0.089596014786527081 0.043860918045535491 -0.047158098255586714 0.090609035229527471 0.092697835845974491 0.082283801054649316 0.097509325909473948 0.06476809117809243 -0.051816452404980118 -0.047134513974182043 -0.046002348435369871 0.069708957579459885 -0.04580609473434976 0.22378644760786739 -0.016013328932902877
leaf_weight=1524.9032223708928 2009.0393831580877 85.325450506061316 500.09135206416249 6617.0917924419045 6321.8875545859337 372.03569285571575 3144.683608174324 374.99972139298916 2419.3982921689749 4197.9131100662053 4081.7253902107477 161.24580050259829 589.95761366188526 920.43730037659407 251.84137608855963 37645.404678165913 288.79576166346669 1136.8298629932106 106.56033276766539 3485.0292143598199 4160.8109237551689 790.52067402005196 1961.6727656200528 7661.2329074591398 719.39013084769249 702.02332123368979 142.07258301228285 359.18797712400556 94.523283954709768 122.8016521371901
leaf_count=26277 6048 961 3116 3783 3160 575 6438 228 3748 48136 8043 626 796 3057 136 18717 2067 12033 219 1744 3498 485 2445 145441 6496 5834 529 6374 251 870
internal_value=0.0617227 0.0339639 -0.0130174 0.055404 0.0615538 0.0524705 0.0352588 0.025509 0.0412219 -0.00185953 0.0451209 0.0552504 0.0154034 0.0123108 -0.00964293 0.0855132 -0.0383203 -0.0119431 -0.00167928 0.073125 0.0654797 0.0507946 0.0414943 -0.0463755 -0.0293635 -0.0244108 -0.0341754 -0.0478583 0.00474156 0.0882852
internal_weight=92949.4 42897 13441.9 29455.1 27641.4 21319.5 14702.4 11557.7 5118.83 4824.75 6732.94 5534.95 1453.23 2699.43 4449.75 50052.5 1813.7 1778.99 1197.99 12407.1 8922.04 4761.23 3970.71 8323.07 825.95 863.269 1278.9 8237.75 576.513 217.325
internal_count=322131 289194 176380 112814 84470 81310 77527 71089 22483 48500 22589 15299 7256 18735 48272 32937 28344 15678 7290 14220 12476 8978 8493 153897 6715 6460 12562 152936 7495 1121
is_linear=0
shrinkage=0.05


Tree=14
num_leaves=31
num_cat=0
split_feature=1 16 7 17 5 4 4 9 17 5 4 15 10 6 4 4 5 9 0 2 5 0 1 0 3 14 3 0 5 9
split_gain=22256.1 14556.2 10237.3 6027.72 2911.66 5178.77 1875.93 2312.3 2225.23 1778.57 2076.3 1706.32 1071.07 934.684 920.824 877.073 814.5 807.252 1106.72 746.029 719.71 694.724 669.983 655.983 1837.58 650.632 645.187 637.395 631.627 616.528
threshold=1.0294444561084142 -0.031173458710879145 1.0000000180025095e-35 0.029024409397335454 -0.0036000000000000498 0.0070000000000000505 -0.0080000000000025988 81.300000000000026 0.51849435583340198 -1.0000000180025095e-35 1.0000000180025095e-35 0.66098293165790334 35.500000000000007 12.900000000000002 0.0040000000000013011 0.0039999999999994007 0.0020000000000001505 57.300000000000011 11.104767921266129 0.99995934132953879 0.0014666666666666502 1.0054418642834106 0.96525105129146893 1.0075288213152265 0.99666815409492449 -0.50938662908026078 0.9499560984597073 0.98140059661553292 -0.0011999999999999496 29.300000000000004
decision_type=2 2 2 2 2 2 2 2 2 2 2 2 2 2 2 2 2 2 2 2 2 2 2 2 2 2 2 2 2 2
left_child=1 3 26 12 -5 6 -6 8 9 22 19 14 -1 15 -4 17 29 18 28 20 -11 -13 -8 24 -9 -26 -3 -12 -2 -10
right_child=13 2 11 4 5 -7 7 23 16 10 27 21 -14 -15 -16 -17 -18 -19 -20 -21 -22 -23 -24 -25 25 -27 -28 -29 -30 -31
leaf_value=-0.048543993481047168 0.099411187303394821 0.084738117916579828 -0.026233405827780023 0.087361678245126473 0.086945710970043388 0.084134547884952296 0.093982943249054138 0.097777541853416514 -0.031024608619403749 0.012193715000926695 0.088134631725882318 0.032882016656776959 0.081608584136806508 0.086008054955660884 0.063611622791299713 0.085075476962891861 0.068817775424915129 0.075295159849540605 0.092507296619016743 0.083160403896467713 0.10988414055117179 0.0744491158766315 -0.026872661347303501 0.087284188718883368 0.037651998434681741 -0.062516288129558548 -0.048178996739257268 -0.04394753571205124 0.016671451874724904 0.020476169682948547
leaf_weight=1626.121910892427 256.04486444592476 92.375241115689278 1151.5620577186346 6637.4154172390699 1369.5053637549281 7055.5493868775666 126.44034363329411 666.72021120786667 3004.3008069843054 873.5432742536068 106.49895313382149 1682.1181496828794 175.09174038469791 37143.733782976866 379.06157058104873 5384.6949051469564 270.35182116180658 3378.2316074967384 789.86635333299637 2291.2802276238799 240.42670066654682 2497.8945077322423 1232.4468665719032 1516.4077408090234 282.69572918862104 380.0540584847331 7832.7201330922544 641.6990384683013 2326.5591789968312 720.48161359503865
leaf_count=28108 283 961 11187 3346 1179 5189 176 538 39953 4053 224 7082 173 18613 1541 3522 935 3109 481 2815 160 3070 8414 1257 1292 3060 152705 5591 6989 6125
internal_value=0.0591556 0.0328025 -0.00985382 0.0527104 0.0585316 0.0493222 0.0314235 0.0252683 0.0134331 0.0340262 0.0502714 0.0411829 -0.0358922 0.0820721 -0.00398313 0.0700248 -0.0149806 0.0580197 0.0407147 0.0668423 0.0332781 0.0577217 -0.0156274 0.0648071 0.0391696 -0.0197895 -0.0466297 -0.0251469 0.0248744 -0.0210629
internal_weight=92131.9 42852.8 13635.7 29217 27415.8 20778.4 13722.9 12353.3 9507.47 5512.34 4153.45 5710.64 1801.21 49279.1 1530.62 12135.4 3995.13 6750.7 3372.47 3405.25 1113.97 4180.01 1358.89 2845.88 1329.47 662.75 7925.1 748.198 2582.6 3724.78
internal_count=322131 289134 176546 112588 84307 80961 75772 74593 68446 21433 12843 22880 28281 32997 12728 14384 47013 10862 7753 7028 4213 10152 8590 6147 4890 4352 153666 5815 7272 46078
is_linear=0
shrinkage=0.05


Tree=15
num_leaves=31
num_cat=0
split_feature=1 16 7 17 5 5 9 4 4 17 15 14 4 10 6 2 2 0 4 9 0 9 15 3 8 17 14 3 8 0
split_gain=20221.2 12993.1 9682.75 5609.89 2667.7 4672.63 1907.17 1760.39 1954.26 1748.41 1614.33 1144.33 1063.73 1031.89 865.59 841.875 1132.18 1200.92 767.647 733.171 920.832 722.722 652.938 642.094 861.097 1015.19 770.58 624.01 608.223 604.575
threshold=1.0324464199009855 -0.031173458710879145 1.0000000180025095e-35 0.029024409397335454 -0.0036000000000000498 0.0035999999999999505 81.300000000000026 0.010000000000000153 -0.010000000000001249 0.51849435583340198 0.9697633179913755 0.13052619222005177 0.003999999999997751 35.500000000000007 15.500000000000002 1.0004036979047501 0.99995934132953879 0.9754836363165067 0.0039999999999994007 57.300000000000011 11.104767921266129 81.300000000000026 0.44228869021900113 1.0092375312081086 0.70000000000000018 -0.95998493203694346 0.93585024503435366 0.9499560984597073 7.5000000000000009 1.0075288213152265
decision_type=2 2 2 2 2 2 2 2 2 2 2 2 2 2 2 2 2 2 2 2 2 2 2 2 2 2 2 2 2 2
left_child=1 3 23 13 -5 6 7 8 -6 11 12 15 21 -1 18 16 17 -10 19 20 -2 -4 -13 27 -25 26 -26 -3 -14 -8
right_child=14 2 10 4 5 -7 29 -9 9 -11 -12 22 28 -15 -16 -17 -18 -19 -20 -21 -22 -23 -24 24 25 -27 -28 -29 -30 -31
leaf_value=-0.048370287464071987 0.027899647807524755 0.075051371727051841 -0.03244168419509539 0.084011913218436596 0.091441615688490629 0.083855197829464587 0.04085902679544276 0.089118946921878717 0.09671996022914249 -0.014422978491906054 0.062893296588570208 -0.027537055305285853 -0.043162211374784543 0.076029725282215674 0.083327636141006869 -0.0077758578088783867 0.088455587178544889 -0.0054954281423725765 0.081153693293266438 0.073127652888146696 0.08742869959951502 0.03464112801661038 0.028751365566505989 -0.045187117539080598 0.1220770767104144 -0.019468077901192208 0.44790154255799752 -0.051425210209087961 0.077313003097284866 0.083366803987974969
leaf_weight=1594.6945256181061 2817.0740467272699 98.90042020380497 1236.3612653538585 6565.7042664736509 801.68422238528728 6209.7809945195913 1476.6744838505983 905.74871857464314 410.3232557028532 4121.551090657711 3288.7752509266138 1080.9715379178524 124.08647846803069 186.15826441347599 34387.444673731923 592.26348026841879 1457.473622225225 958.86980322748423 6421.2256512604654 3727.9650774300098 844.32949529588223 594.59493360668421 984.3397630751133 339.17868869379163 86.255084045231342 121.4066403247416 22.981177985668182 7007.2335952967405 672.73383522033691 1929.4040299355984
leaf_count=28349 7015 961 12550 3350 497 3207 5088 551 612 48300 4869 6693 1317 184 17067 3000 1584 6479 4088 3227 517 2365 3715 6455 230 890 27 145443 1993 1508
internal_value=0.0568611 0.0318783 -0.00851998 0.0506349 0.0562053 0.047482 0.0321369 0.0222615 0.016443 0.0101837 0.0395475 0.0286763 0.0103293 -0.0353664 0.0790813 0.0464278 0.0577849 0.0251367 0.0685081 0.0575193 0.0416272 -0.0106568 -0.000709656 -0.0455699 0.00549823 0.0800351 0.190624 -0.049665 0.0585518 0.0649379
internal_weight=91066.2 42868.1 13592.5 29275.6 27494.8 20929.1 14719.3 11313.2 10407.5 9605.79 5916.55 5484.24 2627.78 1780.85 48198 3418.93 2826.67 1369.19 13810.6 7389.37 3661.4 1830.96 2065.31 7675.96 569.822 230.643 109.236 7106.13 796.82 3406.08
internal_count=322131 290217 177100 113117 84584 81234 78027 71431 70880 70383 23094 22083 18225 28533 31914 11675 8675 7091 14847 10759 7532 14915 10408 154006 7602 1147 257 146404 3310 6596
is_linear=0
shrinkage=0.05


Tree=16
num_leaves=31
num_cat=0
split_feature=1 16 7 17 5 5 9 4 4 15 15 16 16 0 3 0 10 6 4 5 4 9 0 3 8 17 3 0 3 14
split_gain=18496.2 11803 8983.39 5086.34 2510.76 4368.93 1700.96 1598.38 1768.75 1613.94 1454.14 1074.21 1470.55 1286.47 2270.12 1122.95 958.624 881.881 783.363 745.922 739.233 686.048 883.972 621.642 755 776.861 578.541 566.583 1457.77 868.934
threshold=1.0324464199009855 -0.031173458710879145 1.0000000180025095e-35 0.029024409397335454 -0.0036000000000000498 0.0035999999999999505 81.300000000000026 0.010000000000000153 -0.010000000000001249 -0.26932402956675622 0.84339144581288539 -0.52032787705993211 -0.54939360607974019 0.99995934132953879 1.000135823430168 0.97001682658915622 35.500000000000007 14.500000000000002 0.0040000000000004008 -1.0000000180025095e-35 0.0039999999999994007 57.300000000000011 11.104767921266129 1.0092375312081086 0.70000000000000018 -0.95998493203694346 0.9499560984597073 1.008431422946743 0.9962355893423871 -0.5
decision_type=2 2 2 2 2 2 2 2 2 2 2 2 2 2 2 2 2 2 2 2 2 2 2 2 2 2 2 2 2 2
left_child=1 3 23 16 -5 6 7 8 -6 -10 18 12 13 15 19 -11 -1 20 -4 -15 21 22 -2 26 -25 -26 -3 28 -8 -30
right_child=17 2 10 4 5 -7 27 -9 9 11 -12 -13 -14 14 -16 -17 -18 -19 -20 -21 -22 -23 -24 24 25 -27 -28 -29 29 -31
leaf_value=-0.047934151519027371 0.024424221316105024 0.067079027684201861 -0.016188536413641538 0.081041114154993987 0.087115478656709433 0.080872320914332219 0.091304468693712892 0.085084602523615688 -0.019644767324578507 0.067649463038633437 0.054950676750509159 -0.018754440009680677 0.13528157877581801 -0.015266401917112425 -0.0099143264097558571 -0.024936509642681931 0.072242047968271786 0.080286396639044258 0.056255546231272414 0.091146507626895357 0.078042708181897263 0.069665233417308944 0.083789060472822877 -0.044730284109006667 0.16012583049998305 -0.018699498632473676 -0.051229988075802285 0.080187046131258349 0.045485804181988339 -0.056266070514076033
leaf_weight=1530.3759046792984 2679.220183648169 104.95387213677168 1460.9996216520667 6468.5002745985985 799.46513029932976 6119.1457673311234 724.00195321440697 901.36046251654625 3145.5284766890109 418.06844507157803 3960.8730800375342 1192.7116539143026 334.35190503671765 182.36956651136279 1088.1742442883551 1511.7054896391928 186.121506690979 34725.551496870816 501.16764083504677 1697.928417224437 5862.3837084881961 3484.0309406965971 818.69229266047478 325.84919402748346 122.85280203074217 120.11057066917419 6690.2480220347643 1853.7796705961227 418.51989371329546 420.75651743263006
leaf_count=28349 6868 961 13353 3350 497 3207 543 551 29086 1223 7781 14565 1136 1237 7675 13637 184 17661 1960 1824 3795 3087 503 6455 257 890 145443 1389 1462 3202
internal_value=0.0547588 0.0306957 -0.0083281 0.0485799 0.0538334 0.0453754 0.0305879 0.0212196 0.0156687 0.0097006 0.0375136 0.0240667 0.0338273 0.0269021 0.0475624 -0.00487858 -0.0349033 0.076146 0.00231479 0.0808255 0.0649522 0.0539608 0.0383187 -0.0451996 0.00501144 0.0717223 -0.0494027 0.0614904 0.0393193 -0.00552571
internal_weight=89849.8 42279.9 13287.1 28992.9 27276.4 20807.9 14688.7 11271.7 10370.3 9570.84 5923.04 6425.31 5232.6 4898.25 2968.47 1929.77 1716.5 47569.9 1962.17 1880.3 12844.3 6981.94 3497.91 7364.01 568.813 242.963 6795.2 3417.06 1563.28 839.276
internal_count=322131 290217 177100 113117 84584 81234 78027 71431 70880 70383 23094 41297 26732 25596 10736 14860 28533 31914 15313 3061 14253 10458 7371 154006 7602 1147 146404 6596 5207 4664
is_linear=0
shrinkage=0.05


Tree=17
num_leaves=31
num_cat=0
split_feature=1 16 8 17 5 4 0 4 9 17 5 4 15 6 10 17 4 9 5 16 15 8 9 0 14 2 3 0 8 5
split_gain=16985.8 10767.2 8364.86 4630.02 2364.6 4099.23 1945.18 1473.66 1851.54 1688.45 1407.26 1611.72 927.756 901.536 891.8 844.445 717.539 675.663 666.818 642.858 750.832 842.719 620.814 1543.95 806.213 589.381 584.796 576.6 569.533 556.762
threshold=1.0324464199009855 -0.031173458710879145 1.0000000180025095e-35 0.029024409397335454 -0.0036000000000000498 0.0070000000000000505 1.0038138546883464 -0.0066666666666666497 81.300000000000026 0.51849435583340198 -1.0000000180025095e-35 0.00066091954022980007 0.99913862891129035 12.900000000000002 35.500000000000007 -0.57077231802681661 0.0019999999999999502 77.700000000000031 -0.0015999999999996998 0.29342972903661901 0.9697633179913755 48.300000000000011 43.500000000000007 4.1248529411764716 0.30278504926614208 0.99995934132953879 0.9499560984597073 0.99033341153689547 2.3000000000000007 0.0035999999999999505
decision_type=2 2 2 2 2 2 2 2 2 2 2 2 2 2 2 2 2 2 2 2 2 2 2 2 2 2 2 2 2 2
left_child=1 3 26 14 -5 7 12 18 9 10 27 25 15 16 -1 17 22 -4 -6 -8 21 -21 23 24 28 -12 -3 -9 -2 -11
right_child=13 2 6 4 5 -7 19 8 -10 29 11 -13 -14 -15 -16 -17 -18 -19 -20 20 -22 -23 -24 -25 -26 -27 -28 -29 -30 -31
leaf_value=-0.047496154091829772 -0.031991209358548149 0.068389043421957715 -0.0030610585061022332 0.078388063737402605 0.031645426761446598 0.07513469753125275 0.087094848134026695 0.057246208655679622 0.056084050255368237 -0.019446675687721945 0.026473022867653368 -0.025693655600565597 0.052180095345821326 0.077449942594044363 0.068813609978337312 -0.043126674000424449 0.074083558447912631 0.092899648311532121 0.092780592850851079 -0.050218359251645819 0.059644883502206869 0.050418016512054659 0.060686815360640016 0.078922221558627034 -0.058370070937592791 0.071334005609831858 -0.051472417725872383 -0.035828732846998876 0.06349408261680474 0.07693464456259165
leaf_weight=1468.8262084424496 258.15905344113708 103.46169117838144 856.35070533677936 6355.8894759118557 730.40807320177555 6843.7902605310082 1091.9475820660591 200.86706948280334 2894.6538986563683 3606.0486077480018 1079.66512337327 717.01654367893934 675.28862784430385 35384.242218792439 185.63558767735958 1214.8670629262924 5608.8197472654283 233.43979950994253 1145.6063389778137 399.10091040655971 1798.0542669668794 434.49631503969431 3869.0481865257025 815.56204883754253 504.51200615614653 2274.6266108825803 6194.0708473585546 969.69520688802004 395.27748168259859 156.33466863632202
leaf_count=28349 1264 879 8869 3350 1889 5210 1887 826 6112 46232 4236 5770 1206 18569 184 14624 3967 741 684 3805 2284 1057 4476 565 2480 2836 141748 7331 593 108
internal_value=0.0528478 0.0296093 -0.00812452 0.046745 0.0517248 0.0435056 0.030748 0.0277913 0.0212977 0.0101147 0.028458 0.0423494 0.000640476 0.0735036 -0.0344458 -0.0144612 0.0613095 0.0174943 0.0689782 0.0548426 0.0414603 0.00223639 0.0490464 0.0262256 -0.0108895 0.0568943 -0.0495032 -0.0198572 0.0257698 -0.0154418
internal_weight=88465.8 41630.1 13001.1 28629.1 26974.6 20618.7 6703.55 13774.9 11898.9 9004.25 5241.87 4071.31 2979.95 46835.6 1654.46 2304.66 11451.4 1089.79 1876.01 3723.6 2631.65 833.597 5842.56 1973.51 1157.95 3354.29 6297.53 1170.56 653.437 3762.38
internal_count=322131 290217 177100 113117 84584 81234 34473 76024 73451 67339 20999 12842 25440 31914 28533 24234 13345 9610 2573 9033 7146 4862 9378 4902 4337 7072 142627 8157 1857 46340
is_linear=0
shrinkage=0.05


Tree=18
num_leaves=31
num_cat=0
split_feature=1 16 8 17 4 4 0 0 17 6 5 15 17 6 4 0 5 4 4 15 9 16 16 5 14 4 9 0 5 3
split_gain=15704.6 9472.63 8157.58 4334.32 2229.64 3855.84 1792.65 1292.04 1908.99 950.675 880.074 867.466 838.289 831.526 778.599 897.651 750.705 673.531 662.07 618.109 799.781 667.789 1261.58 614.918 622.252 575.477 573.236 962.292 571.308 541.879
threshold=1.0372400461072957 -0.031173458710879145 1.0000000180025095e-35 0.029024409397335454 0.010000000000000153 -0.0066666666666666497 1.0048100059228549 1.0096133755504841 0.51849435583340198 1.0000000180025095e-35 -0.0016000000000001497 0.99799686083023531 -0.57077231802681661 15.500000000000002 -0.00018424242424234998 0.99341410899320171 0.0048000000000007004 0.003999999999997751 0.00066666666666745009 -0.11969653353600829 20.900000000000002 -0.56368474752277564 -0.46038400545438718 -0.0013238095238094997 0.25881904510252091 -1.0000000180025095e-35 57.300000000000011 4.6460248763456509 0.0035999999999999505 0.9499560984597073
decision_type=2 2 2 2 2 2 2 2 2 2 2 2 2 2 2 2 2 2 2 2 2 2 2 2 2 2 2 2 2 2
left_child=1 3 29 9 5 -5 11 8 14 -1 25 12 17 18 15 -7 19 -4 26 -12 -21 -22 -23 -16 -25 -10 27 -2 -26 -3
right_child=13 2 6 4 -6 7 -8 -9 10 -11 16 -13 -14 -15 23 -17 -18 -19 -20 20 21 22 -24 24 28 -27 -28 -29 -30 -31
leaf_value=-0.053712627153560059 0.0099539571525831469 0.061576997175158223 -0.0076714586089646243 0.072684801709346769 0.076911982763855857 0.059101874467336515 0.05329514183116079 0.063414608445442999 -0.017837098724986618 0.03707562056317415 -0.039242907415089207 0.04668956136950355 -0.041796931037487044 0.075692064509899196 0.086983610464352282 -0.033080650096060871 0.07816758985134914 0.076054888604450394 0.071112936157985071 -0.023077700545446403 -0.017017461217523854 0.12853929955628282 -0.019692576605110673 0.050898140181030942 0.0022104411065227325 0.099771052647977421 0.064007621017430655 0.068189089459107691 0.077327009842121944 -0.050918855814760626
leaf_weight=1287.9698578938842 1801.2936075292528 109.00879022479057 782.59313745424151 6938.2610459476709 5940.4165497124195 408.62876235693693 3843.2069625966251 2084.8307128101587 154.92773330956697 371.51929716393352 1659.1795428097248 822.08084773272276 1216.4207071103156 32467.882840834558 741.37384332716465 746.60650891065598 224.53560973703861 346.57384222000837 6986.0601630657911 1451.7492649927735 371.13204709067941 354.0021183937788 241.43564663082361 3424.0138970762491 1518.5218358486891 316.51252188906074 2947.7366246283054 1170.2315668463707 303.76229095458984 5944.1079597920179
leaf_count=27054 5178 879 8282 5337 3177 1222 8319 3269 1747 1773 22291 1583 15119 17024 447 5786 125 1577 5017 19538 3154 719 2345 8738 6500 210 2628 976 176 141941
internal_value=0.0510801 0.0288921 -0.00637137 0.0450341 0.0498756 0.0422055 0.0303413 0.0271016 0.0207485 -0.0333873 -0.00373195 0.00249235 -0.0129979 0.0714246 0.0371083 -0.000473932 -0.010839 0.0180266 0.0606884 -0.0157403 0.000384537 0.0356239 0.0684349 0.0443593 0.0383359 0.0611219 0.0483852 0.0328878 0.0147319 -0.048893
internal_weight=86976.6 41603.4 13064 28539.4 26879.9 20939.5 7010.88 14001.2 11916.4 1659.49 4773.47 3167.67 2345.59 45373.2 7142.91 1155.24 4302.03 1129.17 12905.3 4077.5 2418.32 966.57 595.438 5987.67 5246.3 471.44 5919.26 2971.53 1822.28 6053.12
internal_count=322131 291308 177700 113608 84781 81604 34880 76267 72998 28827 50129 26561 24978 30823 22869 7008 48172 9859 13799 48047 25756 6218 3064 15861 15414 1957 8782 6154 6676 142820
is_linear=0
shrinkage=0.05


Tree=19
num_leaves=31
num_cat=0
split_feature=0 16 8 17 4 4 2 0 17 15 6 6 5 5 15 3 0 16 16 4 9 0 15 3 14 9 16 5 16 16
split_gain=14605.8 9140.85 6946.59 4137.3 2099.91 3619.02 1376.93 1207.01 1685.07 928.516 881.233 863.816 764.809 777.989 716.606 646.47 645.594 774.307 1394.14 636.211 667.075 702.15 1434.42 626.262 605.384 603.967 601.894 595.647 587.882 587.803
threshold=1.0414842151557451 -0.031173458710879145 1.0000000180025095e-35 0.029024409397335454 0.010000000000000153 -0.010000000000001249 1.0062512742965886 1.0096133755504841 0.51849435583340198 0.96648588260150592 16.700000000000006 1.0000000180025095e-35 -0.0036000000000000498 0.0048000000000007004 -0.10886687485196479 1.0011795570603794 0.99995934132953879 -0.92558427394243059 -0.90529520250134576 0.010000000000000052 48.100000000000009 4.6460248763456509 0.98802492553144938 1.0681818181818183 -0.2482524687143475 31.300000000000004 0.28519915169571858 0.0035999999999999505 -0.60554068365937697 -0.30163705152652737
decision_type=2 2 2 2 2 2 2 2 2 2 2 2 2 2 2 2 2 2 2 2 2 2 2 2 2 2 2 2 2 2
left_child=1 3 -3 9 5 -5 11 8 15 -1 19 -4 -10 14 -14 16 17 27 -19 20 21 22 23 -2 -8 -16 -26 -7 -27 -30
right_child=10 2 6 4 -6 7 24 -9 12 -11 -12 -13 13 -15 25 -17 -18 18 -20 -21 -22 -23 -24 -25 26 28 -28 -29 29 -31
leaf_value=-0.054535270239206637 0.028230548629834568 -0.047732722662453458 -0.031741924790176505 0.074740514271041517 0.074669950973828766 -0.010420924032632277 0.0031005925549440049 0.061067832262860534 0.066007948373497355 0.038814968641060016 0.073860828276964316 0.022681359930727642 -0.035374136157170631 0.076635296554384974 -0.012208549179685717 -0.00032050938949604519 0.05840213095552952 0.079408861705492106 -0.011586357024509072 0.07546361292416974 0.063765769354384341 0.07099242228163534 0.052395159551338825 -0.042313162957399113 0.09424928981478449 -0.058830261120320887 0.043802798059154574 0.075497134624966711 0.077030177490960527 -0.02675220029122621
leaf_weight=1258.3761822395027 519.17195656150579 5840.3444914370775 1104.7620117813349 5679.9824825972319 5813.5733456164598 1386.7500713914633 568.48300654068589 2330.4247424043715 399.44843843579292 337.90757052600384 30743.752366110682 2144.2322284430265 1799.7279682606459 268.12557569146156 1690.6815237924457 1028.4066145420074 3223.7559617087245 1264.973764076829 630.84958826750517 4044.833677738905 5439.3957312107086 1179.6136527359486 2042.2494153529406 798.50136415660381 866.32542615383863 134.29503754153848 1862.4569841250777 236.06438660621643 621.78241925686598 174.78735003620386
leaf_count=26565 1325 142947 16975 3113 3178 8619 2283 3569 298 2450 16365 10463 23996 148 21829 4379 4983 1850 3743 2150 4757 864 2117 3137 866 1528 3961 141 1881 1651
internal_value=0.049419 0.027728 -0.00809057 0.0434165 0.0480941 0.0406911 0.0272768 0.027959 0.0219591 -0.0347745 0.0691229 0.0041757 -0.000406867 -0.00606416 -0.0110794 0.0366058 0.0422381 0.0274288 0.0491295 0.0587362 0.0519559 0.037805 0.0261534 -0.0145185 0.0500397 0.00559925 0.0598184 0.00207724 0.0379426 0.0542577
internal_weight=85434 40666.5 12386.6 28279.9 26683.6 20870.1 6546.26 15190.1 12859.6 1596.28 44767.5 3248.99 5088.85 4689.4 4421.27 7770.8 6742.39 3518.64 1895.82 14023.8 9978.93 4539.54 3359.92 1317.67 3297.27 2621.55 2728.78 1622.81 930.865 796.57
internal_count=322131 291416 177495 113921 84906 81728 34548 78615 75046 29015 30715 27438 51331 51033 50885 23715 19336 14353 5593 14350 12200 7443 6579 4462 7110 26889 4827 8760 5060 3532
is_linear=0
shrinkage=0.05


Tree=20
num_leaves=31
num_cat=0
split_feature=1 16 8 17 5 5 0 9 4 4 15 6 6 16 16 0 3 0 15 17 4 5 4 9 0 8 0 3 16 7
split_gain=13645.8 7926.77 7093.88 3621.69 2062.83 3492.55 1474.47 1284.13 1177.29 1295.62 1331.3 868.307 857.555 776.021 974.214 1046.38 1662.12 911.872 747.796 746.322 627.352 600.299 560.939 555.857 677.415 536.878 980.287 530.311 480.62 606.195
threshold=1.0372400461072957 -0.031173458710879145 1.0000000180025095e-35 0.029024409397335454 -0.0036000000000000498 0.0035999999999999505 1.0048100059228549 81.300000000000026 0.010000000000000153 -0.010000000000001249 -0.26932402956675622 1.0000000180025095e-35 15.500000000000002 -0.52032787705993211 -0.54939360607974019 0.99995934132953879 1.000135823430168 0.97001682658915622 0.99913862891129035 -0.57077231802681661 0.0033333333333334506 -7.2888528405170406e-06 0.003999999999997751 57.300000000000011 11.104767921266129 0.70000000000000018 0.99540309000223093 0.9499560984597073 0.29342972903661901 6.1000000000000005
decision_type=2 2 2 2 2 2 2 2 2 2 2 2 2 2 2 2 2 2 2 2 2 2 2 2 2 2 2 2 2 2
left_child=1 3 27 11 -5 7 18 8 9 -6 -11 -1 20 14 15 17 21 -12 19 22 23 -17 -4 24 -2 26 -9 -3 -8 -30
right_child=12 2 6 4 5 -7 28 25 -10 10 13 -13 -14 -15 -16 16 -18 -19 -20 -21 -22 -23 -24 -25 -26 -27 -28 -29 29 -31
leaf_value=-0.053437372146929056 0.019742766109012874 0.060247782156898293 -0.0064182350467730095 0.072040687551189461 0.074991625180719473 0.071954228528696026 0.075198473314387837 0.075951041735119185 0.073230914556624005 -0.019595717556941693 0.057812380173795877 0.034292855847594263 0.071759425900986315 -0.016990508686633835 0.10555302119350854 -0.018997458266884815 -0.0062110923656165809 -0.024956542946258351 0.045374798664522806 -0.039097868338409142 0.068434292531288368 0.079195136827812193 0.068667460463303506 0.060453845284063439 0.072231288774265601 0.060786546290654997 -0.058627228808467415 -0.050566014580410983 0.00085503553626118008 0.052376707657859622
leaf_weight=1179.5688685551286 2650.6375472471118 110.15476387739182 800.53569488972425 5961.9257458150387 771.20978109538555 5650.6039025038481 1152.6815931685269 262.51515792310238 870.36924310028553 3052.6626653447747 429.07414678484201 370.67302068695426 30950.168696396053 1137.5135491862893 380.95329527929425 171.44580781087279 1154.9429580271244 1482.5519775226712 753.74701132252812 1219.0173292122781 5758.038749538362 1689.4578494280577 360.8623688519001 3374.8506185263395 800.29958692193031 2913.4173690378666 279.25888939574361 5431.1139362119138 822.77622304484248 1865.0676434114575
leaf_count=27054 6419 879 8368 3353 498 3212 1730 181 556 29112 1223 1773 17024 14574 1136 1189 7750 13637 1318 15286 3869 1872 1589 2994 517 4469 2019 141941 4063 2526
internal_value=0.0478792 0.026903 -0.00613154 0.0417981 0.0461906 0.0385784 0.0274207 0.0256569 0.0173974 0.0126654 0.00760507 -0.0324605 0.0672847 0.0204868 0.0285176 0.0225618 0.040906 -0.00637864 0.00197233 -0.0117708 0.0562792 0.0701486 0.0169119 0.0460255 0.0319153 0.0522873 0.00658231 -0.0483631 0.0481886 0.0366054
internal_weight=83808.1 40274.1 12516 27758.1 26207.9 20246 6974.69 14595.4 11140.2 10269.8 9498.6 1550.24 43534 6445.94 5308.43 4927.47 3015.85 1911.63 3134.16 2380.42 12583.8 1860.9 1161.4 6825.79 3450.94 3455.19 541.774 5541.27 3840.53 2687.84
internal_count=322131 291308 177700 113608 84781 81428 34880 78216 71547 70991 70493 28827 30823 41381 26807 25671 10811 14860 26561 25243 13799 3061 9957 9930 6936 6669 2200 142820 8319 6589
is_linear=0
shrinkage=0.05


Tree=21
num_leaves=31
num_cat=0
split_feature=1 16 8 17 5 5 0 9 4 4 15 6 6 16 16 0 3 1 15 17 4 9 5 0 3 14 3 16 15 8
split_gain=12726.1 7272.01 6631.09 3319.72 1973.7 3313.51 1336.43 1164.82 1087.92 1192.52 1210.06 879.926 822.209 701.949 810.131 948.451 1512.78 824.417 683.378 679.172 614.004 559.019 545.194 508.149 1272.43 648.121 497.458 480.415 659.537 721.107
threshold=1.0372400461072957 -0.031173458710879145 1.0000000180025095e-35 0.029024409397335454 -0.0036000000000000498 0.0035999999999999505 1.0038138546883464 81.300000000000026 0.010000000000000153 -0.010000000000001249 -0.26932402956675622 15.500000000000002 1.0000000180025095e-35 -0.52032787705993211 -0.54939360607974019 0.99995934132953879 1.000135823430168 0.97325529771357355 0.99913862891129035 -0.57077231802681661 0.0019999999999999502 77.700000000000031 -1.0000000180025095e-35 1.0075288213152265 0.9962355893423871 -0.5 0.9499560984597073 0.29342972903661901 0.9697633179913755 45.300000000000011
decision_type=2 2 2 2 2 2 2 2 2 2 2 2 2 2 2 2 2 2 2 2 2 2 2 2 2 2 2 2 2 2
left_child=1 3 26 12 -5 7 18 8 9 -6 -11 20 -1 14 15 17 22 -12 19 21 -2 -4 -17 24 -9 -26 -3 -8 29 -29
right_child=11 2 6 4 5 -7 27 23 -10 10 13 -13 -14 -15 -16 16 -18 -19 -20 -21 -22 -23 -24 -25 25 -27 -28 28 -30 -31
leaf_value=-0.053293206272806787 0.043099727721008486 0.054648381689518646 -0.0044709462422052862 0.0702430496730517 0.072417355213842335 0.070135297797080581 0.071040042012529309 0.076977203610484074 0.070838923748176408 -0.018854782722738366 0.052933638229733584 0.070051587931925258 0.032333048671691733 -0.016366828180813732 0.095711121640471797 -0.015791434039670961 -0.0059188187937825607 -0.024570981950712778 0.043445905920669659 -0.040986630188748346 0.065342115956618624 0.081118161600881547 0.075984255330653588 0.066876367413951462 0.030045961931240997 -0.060697197814266003 -0.050387792953629988 -0.047317389334186978 0.050435375651564307 0.041131422776754384
leaf_weight=1124.9993457272649 6198.8818528838456 115.23017075657845 865.78785922378302 5812.565743803978 759.00171011686325 5510.8388812541962 1219.7556794025004 702.36023464053869 855.15595184266567 3014.9721807017922 450.21189436689019 30140.037842363119 373.41079422831535 1122.2148198373616 398.62993454933167 179.18885822221637 1151.4669246487319 1442.2718237452209 700.19105773046613 1104.3845633603632 6212.1818340718746 244.6986389271915 1669.5724697485566 1941.7119380235672 391.18291729688644 395.94256267696619 5184.0497325584292 441.51756916195154 1882.0805059038103 482.01370124146342
leaf_count=27054 9333 879 8869 3353 498 3212 1995 542 556 29112 1329 17024 1773 14574 1136 1237 7750 13531 1225 14624 4466 741 1824 1581 1410 3136 141941 3876 2426 1124
internal_value=0.046461 0.0260368 -0.00598644 0.0403964 0.0445989 0.0371403 0.0261718 0.0245776 0.016671 0.012124 0.0072704 0.0654377 -0.0319547 0.0195517 0.0271695 0.0215851 0.0390691 -0.00613304 0.00038903 -0.0132226 0.0542328 0.0143888 0.067089 0.0500237 0.0280544 -0.0156 -0.0481038 0.044843 0.0334536 -0.00115378
internal_weight=82086.5 39535.4 12239.7 27295.7 25797.3 19984.7 6940.43 14473.9 11042.7 10187.5 9428.53 42551.1 1498.41 6413.56 5291.34 4892.71 3000.23 1892.48 2915.06 2214.87 12411.1 1110.49 1848.76 3431.2 1489.49 787.125 5299.28 4025.37 2805.61 923.531
internal_count=322131 291308 177700 113608 84781 81428 34880 78216 71547 70991 70493 30823 28827 41381 26807 25671 10811 14860 25459 24234 13799 9610 3061 6669 5088 4546 142820 9421 7426 5000
is_linear=0
shrinkage=0.05


Tree=22
num_leaves=31
num_cat=0
split_feature=0 16 8 17 4 5 4 0 17 6 14 15 5 4 9 17 4 0 15 0 16 4 9 15 8 6 16 9 3 0
split_gain=11873.6 7060.56 5674.41 3212.39 1872.34 2998.36 1045.96 966.503 1348.22 940.385 922.266 842.76 737.096 640.917 636.901 637.771 620.023 592.527 573.945 561.952 552.467 522.57 507.946 501.878 498.131 482.764 472.999 464.399 459.099 452.462
threshold=1.0414842151557451 -0.031173458710879145 1.0000000180025095e-35 0.029024409397335454 0.017000000000000053 -0.0036000000000000498 0.0040000000000013011 1.0096133755504841 0.51849435583340198 16.700000000000006 -1.0000000180025095e-35 0.96648588260150592 0.0048000000000007004 0.010000000000000052 58.900000000000006 -0.98801846520836334 -0.0066666666666666497 0.99995934132953879 -0.054511258297739389 1.0015588465588467 0.28519915169571858 -0.0079999999999997486 31.300000000000004 0.66098293165790334 1.9000000000000001 1.0000000180025095e-35 -0.60554068365937697 178.10000000000005 0.9499560984597073 11.104767921266129
decision_type=2 2 2 2 2 2 2 2 2 2 2 2 2 2 2 2 2 2 2 2 2 2 2 2 2 2 2 2 2 2
left_child=1 3 28 11 5 -5 10 8 19 13 -4 -1 16 14 29 -16 21 -12 -18 -7 -19 -10 -20 -22 -9 -13 -24 -21 -3 -2
right_child=9 2 6 4 -6 7 -8 24 12 -11 17 25 -14 -15 15 -17 18 20 22 27 23 -23 26 -25 -26 -27 -28 -29 -30 -31
leaf_value=-0.054344203652110484 0.029388121224857747 0.049817465790255387 -0.0168689585442756 0.068525777943432564 0.071398901270885592 0.037571137256440498 0.058816925459014006 -0.010560951038726082 0.034063470390930536 0.068737258253367031 -0.037618127186470909 -0.053901816397205371 0.069645687144193655 0.070128533730373907 -0.087602776716225877 0.064336958048086687 -0.033280509085239246 0.069059760784861618 -0.013664573478096149 -0.026587947676188495 -0.033176081129748368 0.24400023187591022 -0.059152883540646323 0.032754449329304769 0.063029089067089081 0.076031496101092819 0.045871236355944034 0.074440501034079384 -0.049165742200470652 0.068285672194566091
leaf_weight=1109.9700103960931 4896.370588734746 119.95503836870193 1756.5522436313331 5458.5675823688507 4800.6930027604103 6981.0891396589577 1589.7289635464549 258.53286952152848 477.64097950607538 28394.35360494256 306.56013805046678 103.24025217071176 354.68309517204762 3777.4029088914394 70.348999664187431 3786.003801509738 1749.6677220314741 857.48015090450644 1558.6185786835849 614.07531490921974 351.53258407488465 31.603254690766335 122.85004863142967 1613.499513912946 2080.4236260354519 232.43943001702428 841.92134015634656 139.60842694342136 5000.6540037468076 882.33678795397282
leaf_count=26565 8589 879 15956 3244 2606 20449 3922 1530 1248 16365 4234 2070 213 2150 296 2729 24422 2230 20798 3243 4068 23 1463 4138 2099 380 3388 180 142068 586
internal_value=0.0451321 0.0251021 -0.00751479 0.0391543 0.0432696 0.0367362 0.0235885 0.0253281 0.0199555 0.0635833 0.0121255 -0.0333501 9.90476e-05 0.0526724 0.0458288 0.0615652 -0.00505893 0.028402 -0.011274 0.0331429 0.0355726 0.047092 0.00398479 0.0209599 0.0548949 0.0360697 0.0324979 -0.00787397 -0.046847 0.0353273
internal_weight=80318.4 38511.6 11596 26915.6 25470 20669.3 6475.35 15210.7 12871.8 41806.8 4885.62 1445.65 5136.99 13412.5 9635.06 3856.35 4782.3 3129.07 4273.06 7734.77 2822.51 509.244 2523.39 1965.03 2338.96 335.68 964.771 753.684 5120.61 5778.71
internal_count=322131 291416 177495 113921 84906 82300 34548 79056 75427 30715 30626 29015 51555 14350 12200 3025 51342 14670 50071 23872 10436 1271 25649 8206 3629 2450 4851 3423 142947 9175
is_linear=0
shrinkage=0.05


Tree=23
num_leaves=31
num_cat=0
split_feature=0 16 8 17 5 4 4 9 4 5 4 1 5 6 2 15 0 4 9 0 14 7 6 0 5 0 3 14 4 0
split_gain=11180.8 6469.75 5307.5 2941.26 1828.95 2926.09 1030.16 1164.18 1093.86 1783.11 994.979 983.276 978.383 968.387 870.038 797.226 731.709 631.745 727.079 771.492 1115.46 753.218 573.835 505.286 495.311 458.909 1147.91 496.512 440.449 437.137
threshold=1.0414842151557451 -0.031173458710879145 1.0000000180025095e-35 0.029024409397335454 -0.004800000000000049 0.0070000000000000505 -0.010000000000001249 81.300000000000026 0.00066091954022980007 0.0012000000000003503 -0.00018424242424234998 1.0062513026260944 4.4444444444427716e-05 13.300000000000002 0.99995934132953879 0.96648588260150592 1.000135823430168 0.0099999999999979515 48.100000000000009 4.6460248763456509 0.12836258067794062 0.50000000000000011 1.0000000180025095e-35 0.99766477902175665 -0.0012000000000000498 1.008431422946743 0.9962355893423871 -0.50938662908026078 0.015999999999998155 0.95848294868488915
decision_type=2 2 2 2 2 2 2 2 2 2 2 2 2 2 2 2 2 2 2 2 2 2 2 2 2 2 2 2 2 2
left_child=1 3 29 15 -5 6 -6 8 9 10 -8 22 14 17 24 -1 -16 18 19 20 21 -2 -4 28 -12 26 -9 -28 -7 -3
right_child=13 2 11 4 5 23 7 25 -10 -11 12 -13 -14 -15 16 -17 -18 -19 -20 -21 -22 -23 -24 -25 -26 -27 27 -29 -30 -31
leaf_value=-0.054188453331063119 -0.046883318603824081 0.040030419772003049 -0.027083916193337165 0.069215122249039168 0.065063339898856015 -0.042166018160985058 -0.015930325804322531 0.073121360164334223 -0.024585772078692905 0.089145880700616242 0.10790219511958757 0.042054628026992225 -0.036104144693797302 0.066536611498059492 0.066492549721349548 0.034512601040087951 0.0042202984682913397 0.068522397598623927 0.055272683043924423 0.063823740109144544 -0.041928395470779901 0.04498862974940785 0.017735763278933635 0.067404682935087737 -0.0054994167947882153 0.062626805840363439 0.024440714013042302 -0.056216963441669154 0.065119345076579668 -0.049104592685510713
leaf_weight=1058.7943766973913 261.92236314713955 141.64130005612969 1063.0157276988029 4870.4831555634737 1289.4279114305973 203.8161631077528 2436.5480533353984 643.11079146713018 1880.1225054077804 789.35354628041387 103.46941662207246 3216.3968367353082 596.30949077382684 30238.730350136757 1856.2751717157662 332.98311053961515 632.44512633979321 2957.9465515613556 4167.3966567963362 899.84808823466301 734.91545318067074 1505.0722448527813 2176.0636761859059 5806.0344698578119 1387.6354379281402 1674.1249922662973 366.73546950519085 397.72016629949212 180.2865376919508 4762.0814955309033
leaf_count=26565 1199 1394 16974 2756 918 863 22823 511 20140 709 168 7023 5810 18411 3734 2450 4308 1744 4021 700 2903 1737 10551 4308 11829 1378 1371 3154 126 141553
internal_value=0.0438186 0.0242554 -0.00731585 0.0377854 0.0417064 0.0350879 0.0224716 0.0181689 0.00964972 0.0178997 0.0098802 0.0224721 0.0236229 0.0619897 0.032572 -0.0329667 0.0506676 0.0489288 0.0412718 0.0241196 0.00983949 0.0313704 0.00302664 0.0637304 0.00236965 0.0449347 0.0238922 -0.0175227 0.00819058 -0.04653
internal_weight=78630.7 37864.9 11359.2 26505.7 25113.9 20243.4 14053.3 12763.9 9682.16 7802.04 7012.68 6455.48 4576.13 40765.8 3979.83 1391.78 2488.72 10527.1 7569.15 3401.76 2501.91 1766.99 3239.08 6190.14 1491.1 3081.69 1407.57 764.456 384.103 4903.72
internal_count=322131 291416 177495 113921 84906 82150 76853 75935 69521 49381 48672 34548 25849 30715 20039 29015 8042 12304 10560 6539 5839 2936 27525 5297 11997 6414 5036 4525 989 142947
is_linear=0
shrinkage=0.05


Tree=24
num_leaves=31
num_cat=0
split_feature=1 16 8 17 5 4 0 4 9 4 5 6 15 5 5 16 6 4 15 17 8 9 16 15 8 0 0 5 4 14
split_gain=10557.5 5674.72 5416 2575.11 1788.44 2805.88 1060.92 970.907 1038.68 1081.65 1769.08 947.414 868.993 747.455 860.089 842.441 710.792 608.541 551.693 661.94 533.553 508.318 664.526 617.351 525.467 473.579 434.883 433.896 705.084 431.797
threshold=1.0372400461072957 -0.031173458710879145 1.0000000180025095e-35 0.029024409397335454 -0.004800000000000049 0.0070000000000000505 1.0048100059228549 -0.016000000000001395 81.300000000000026 0.00066091954022980007 0.0012000000000003503 14.500000000000002 -0.564573334685324 -1.0000000180025095e-35 1.0000000180025095e-35 -0.72101013194340913 1.0000000180025095e-35 0.0033333333333334506 0.99799686083023531 -0.49812626372919405 7.5000000000000009 57.300000000000011 -0.30163705152652737 0.84339144581288539 51.70000000000001 0.99766477902175665 0.98990053534117195 -0.0013238095238094997 -1.0000000180025095e-35 0.70864607840491656
decision_type=2 2 2 2 2 2 2 2 2 2 2 2 2 2 2 2 2 2 2 2 2 2 2 2 2 2 2 2 2 2
left_child=1 3 -3 16 -5 7 18 -6 9 10 12 17 -9 27 15 29 -1 21 19 20 -4 22 -2 24 -24 -7 -11 28 -14 -15
right_child=11 2 6 4 5 25 -8 8 -10 26 -12 -13 13 14 -16 -17 -18 -19 -20 -21 -22 -23 23 -25 -26 -27 -28 -29 -30 -31
leaf_value=-0.052928874439173795 0.047905572423688064 -0.047330031659559943 -0.032869416473687581 0.067891809143064016 0.072201389278622824 0.0079202278809290868 0.04043459749974547 -0.023574802892757096 0.043282991035029861 0.040887885710071604 0.083848694958617714 0.065516454046935194 0.0010388986177792604 0.066978652709704364 -0.020073089127828691 -0.019183786882175993 0.028561665618111583 0.06152042679338332 0.035851338224624545 -0.042542860247161168 0.035772438158089344 0.052814794239509591 -0.057445869827485167 0.031773408538461438 0.027069272710711995 0.065724090130629187 -0.033940584349779805 -0.021251172421228839 0.1121586713617073 0.0072014368684420226
leaf_weight=980.86682717688382 1546.6836682148278 4645.5216692276299 431.84698141366243 4727.9196961075068 874.13580529391766 378.0305630043149 3763.8161046952009 1558.693802587688 3042.9879946894944 220.90902284160256 899.21881855279207 28367.107293471694 695.95237117633224 1938.2072689607739 607.6843403801322 422.23900565877557 367.97589276731014 4870.6615135669708 822.57350271195173 991.45666171610355 821.90405171737075 2983.6580334752798 539.55763864517212 874.88537688553333 279.02284771203995 5653.9554206132889 1604.0758434049785 1366.8594916276634 179.59706218540668 357.87875055894256
leaf_count=27054 2325 142820 6541 2759 474 989 8319 14795 6431 1274 776 17617 4032 3261 5524 5835 1773 3576 1583 13694 4743 2854 2484 1522 445 4298 18841 13663 202 1627
internal_value=0.0426368 0.0235847 -0.00567794 0.0365634 0.0402621 0.0336648 0.0226457 0.0212066 0.0177495 0.00986246 0.0177627 0.0606714 0.00942466 0.0186618 0.0337033 0.0457251 -0.0306976 0.0482832 0.00082076 -0.0120133 0.0121292 0.037924 0.024212 0.00257205 -0.0286379 0.0621015 -0.0248828 -0.0036483 0.0238323 0.0576615
internal_weight=76815.9 37354.3 11477.1 25877.2 24528.3 19800.4 6831.6 13768.4 12894.3 9851.32 8026.33 39461.6 7127.11 5568.42 3326.01 2718.33 1348.84 11094.5 3067.78 2245.21 1253.75 6223.81 3240.15 1693.47 818.58 6031.99 1824.98 2242.41 875.549 2296.09
internal_count=322131 291308 177700 113608 84781 82022 34880 76735 76261 69830 49715 30823 48939 34144 16247 10723 28827 13206 26561 24978 11284 9630 6776 4451 2929 5287 20115 17897 4234 4888
is_linear=0
shrinkage=0.05


Tree=25
num_leaves=31
num_cat=0
split_feature=0 4 4 8 16 0 9 15 16 4 4 0 3 15 3 9 3 8 17 0 6 1 0 9 16 16 4 4 9 14
split_gain=9979.8 4123.33 4846.67 3592.86 3990.54 1442.52 841.225 954.495 834.85 622.44 841.82 653.712 640.48 538.738 760.679 514.306 512.421 478.752 459.754 454.852 442.695 432.668 427.112 441.206 441.316 414.798 400.972 402.378 406.776 419.978
threshold=1.1488460855671934 0.0061666666666667508 -0.0076666666666660496 1.0000000180025095e-35 -0.84772008488809492 1.0075288213152265 85.100000000000009 0.010907442517280232 0.26866988313759582 -0.00048999999999974986 0.00066091954022980007 0.98704203617435748 0.9843268112244089 0.99428911679529652 0.9959962822416355 19.300000000000004 0.99750211569389202 15.300000000000002 0.84658398682345093 0.99766477902175665 19.900000000000002 1.0093918765450069 0.99866895226027352 6.9000000000000012 -0.931957157303682 -0.861146256326485 -0.0019999999999999493 -0.011000000000000048 76.100000000000009 0.6930857131206335
decision_type=2 2 2 2 2 2 2 2 2 2 2 2 2 2 2 2 2 2 2 2 2 2 2 2 2 2 2 2 2 2
left_child=1 2 8 4 9 13 7 -7 16 12 22 -12 -4 14 15 -5 -1 18 -17 -3 26 -10 -11 -24 -25 -16 27 -2 29 -29
right_child=20 19 3 5 -6 6 -8 -9 21 10 11 -13 -14 -15 25 17 -18 -19 -20 -21 -22 -23 23 24 -26 -27 -28 28 -30 -31
leaf_value=-0.008628966816381695 0.055447099403996003 0.013478426655064008 0.060921825614073902 -0.006201161160485821 -0.035589613120564613 -0.061394884459107596 0.05985193718927944 0.031965011202647158 -0.05192946461643802 0.0045673150731003094 0.060563986088078926 -0.043185308171870586 -0.041146501116302914 0.035018819214253948 0.013799449104519149 0.080617541052408676 0.061872809769388207 0.02005723796600516 0.26328693083689048 0.058807377946734421 0.065715400908119878 0.055985936080541698 0.058581148994473309 -0.062706788118190013 0.055911292804117885 -0.022708582026321082 0.060001666148572219 0.019533469910979446 0.069379833494584528 -0.066168290232054033
leaf_weight=269.06687672249973 1883.4146981984377 594.19541176036 202.74555385857821 500.46011034213006 7436.0559255946428 294.65346929617226 3071.6937039382756 3863.6052825916559 268.79553668759763 611.12596770375967 206.55839917063713 573.03593479469419 635.30800129473209 1376.4722835756838 1111.5482175983489 336.54521069675684 6117.457890804857 387.43620648235083 38.373111817985773 8065.7254822384566 22554.699731469154 141.92190490290523 2300.8142618983984 160.13031814619899 153.65535616874695 2593.0772020611912 7616.2455724328756 1141.8352914303541 351.84584313631058 163.40883012115955
leaf_count=1506 1704 4271 449 5874 179645 2012 3180 7381 7483 2912 506 5540 6147 3398 4230 1008 8819 2152 54 15587 13871 299 3366 846 234 30999 5986 1907 199 566
internal_value=0.0414983 0.0250244 0.0168891 0.00701141 -0.0125858 0.0247398 0.0400081 0.0253495 0.0544588 0.022732 0.030931 -0.0156963 -0.0164537 0.00733903 -0.000331016 0.0331815 0.0589025 0.0590349 0.0993139 0.0556972 0.0616856 -0.0146397 0.0421999 0.050996 -0.00462159 -0.0117546 0.0535389 0.0396363 0.021666 0.00880412
internal_weight=75021.9 41310.5 32650.5 25853.3 12279.4 13573.9 7229.95 4158.26 6797.24 4843.37 4005.32 779.594 838.054 6343.91 4967.44 1262.81 6386.52 762.355 374.918 8659.92 33711.4 410.717 3225.73 2614.6 313.786 3704.63 11156.8 3540.5 1657.09 1305.24
internal_count=322131 297898 278040 259933 199645 60288 12573 9393 18107 20000 13404 6046 6596 47715 44317 9088 10325 3214 1062 19858 24233 7782 7358 4446 1080 35229 10362 4376 2672 2473
is_linear=0
shrinkage=0.05


Tree=26
num_leaves=31
num_cat=0
split_feature=0 4 4 8 16 0 16 9 15 4 4 0 3 3 6 15 3 16 9 0 8 1 0 9 16 4 4 9 14 16
split_gain=9522.79 3803.25 4498.78 3277.13 3698.25 1329.92 766.919 764.058 921.068 566.479 762.655 598.981 587 481.035 459.514 456.85 699.076 446.828 439.308 433.141 422.03 403.595 392.597 399.501 404.831 388.289 377.441 384.525 378.943 471.861
threshold=1.1488460855671934 0.0061666666666667508 -0.0076666666666660496 1.0000000180025095e-35 -0.84772008488809492 1.0062853553984616 0.26866988313759582 85.100000000000009 0.010907442517280232 -0.00048999999999974986 0.00066091954022980007 0.98704203617435748 0.9843268112244089 0.99750211569389202 19.900000000000002 0.99638010029475355 0.9959962822416355 -0.861146256326485 16.700000000000006 0.99766477902175665 15.300000000000002 1.0093918765450069 0.99866895226027352 6.9000000000000012 -0.931957157303682 -0.0019999999999999493 -0.011000000000000048 76.100000000000009 0.6930857131206335 -0.28519255817492867
decision_type=2 2 2 2 2 2 2 2 2 2 2 2 2 2 2 2 2 2 2 2 2 2 2 2 2 2 2 2 2 2
left_child=1 2 6 4 9 15 13 8 -7 12 22 -12 -4 -1 25 16 18 -18 -5 -3 -20 -8 -11 -24 -25 26 -2 28 -28 -30
right_child=14 19 3 5 -6 7 21 -9 -10 10 11 -13 -14 -15 -16 -17 17 -19 20 -21 -22 -23 23 24 -26 -27 27 -29 29 -31
leaf_value=-0.0082033704609557959 0.053773477152767757 0.012777152938075381 0.057882996865540506 -0.0082038036975641323 -0.034825207201872162 -0.059753257329183684 -0.051713040817915161 0.056594025793008922 0.030544117472781008 0.0043315710339085515 0.057308512724701458 -0.042242024612244557 -0.040146913259651286 0.060160882611813821 0.064598763627394917 0.033579772180755633 0.014556171951963806 -0.023865415375205253 0.088689315710793512 0.056998096736037507 0.017239375745463605 0.053632927189683245 0.056072008096538506 -0.061127657926797412 0.053267483727344273 0.058493400915929861 0.018669200612182531 0.068066764469760468 0.086050409128757666 -0.11104814970358937
leaf_weight=268.87984426505864 1845.8926999866962 595.43471478484571 202.71985384076834 459.57879320904613 7224.7355107497424 304.08930428512394 256.72945407964289 3143.7094015814364 3961.443405373022 612.14018772542477 207.35564147680998 556.9527922552079 618.98909449949861 5980.4658435322344 21816.083790838718 1225.7096803374588 1093.3673792146146 2457.5934292040765 411.1445844322443 7909.6735966838896 415.5637841001153 140.77044505625963 2284.0123688839376 156.15523709729314 153.22819286584854 7426.8348590731621 1135.1352383941412 340.97723887860775 40.247765973210335 123.6784403026104
leaf_count=1506 1704 4271 449 5465 179645 2234 7483 3609 7862 2912 506 5540 6147 8819 13871 2904 4112 30433 1274 15587 2395 299 3366 846 234 5986 1907 199 28 538
internal_value=0.0403357 0.0241705 0.0163016 0.0067481 -0.0122355 0.0236802 0.0529361 0.037891 0.0241068 0.0218253 0.029647 -0.0152341 -0.0159624 0.0572195 0.0604086 0.00631387 -0.000595038 -0.0120351 0.0309868 0.0539022 0.0527734 -0.0144059 0.0403481 0.0488494 -0.00447123 0.0520318 0.0382654 0.0208107 0.00840695 -0.0626558
internal_weight=73369.3 40640.4 32135.3 25488.5 12016.3 13472.2 6646.85 7409.24 4265.53 4791.55 3969.84 764.308 821.709 6249.35 32728.9 6062.96 4837.25 3550.96 1286.29 8505.11 826.708 397.5 3205.54 2593.4 309.383 10912.8 3485.93 1640.04 1299.06 163.926
internal_count=322131 297898 278040 259933 199645 60288 18107 13705 10096 20000 13404 6046 6596 10325 24233 46583 43679 34545 9134 19858 3669 7782 7358 4446 1080 10362 4376 2672 2473 566
is_linear=0
shrinkage=0.05


Tree=27
num_leaves=31
num_cat=0
split_feature=0 4 4 8 16 0 9 15 16 4 4 0 3 6 3 14 4 4 8 7 0 0 5 1 9 6 5 5 9 14
split_gain=9101.31 3509.16 4177.56 2990.3 3426.19 1220.99 736.74 799.922 704.98 515.803 691.465 549.161 538.2 478.866 452.858 443.174 437.95 431.533 457.927 890.026 412.483 377.148 386.032 376.718 370.871 356.08 363.712 349.58 344.601 414.086
threshold=1.1488460855671934 0.0061666666666667508 -0.0076666666666660496 1.0000000180025095e-35 -0.84772008488809492 1.0075288213152265 85.100000000000009 0.010907442517280232 0.26866988313759582 -0.00048999999999974986 0.00066091954022980007 0.98704203617435748 0.9843268112244089 17.900000000000002 0.99792294109297863 0.60702770852580767 -0.0019999999999999493 -0.011000000000000048 18.900000000000002 52.70000000000001 0.99766477902175665 0.99995934132953879 0.0014666666666666502 1.0093918765450069 6.9000000000000012 9.1000000000000014 0.0011999999999995502 -0.0032000000000000999 35.300000000000004 -0.15212338618991697
decision_type=2 2 2 2 2 2 2 2 2 2 2 2 2 2 2 2 2 2 2 2 2 2 2 2 2 2 2 2 2 2
left_child=1 2 8 4 9 15 7 -7 14 12 21 -12 -4 16 -1 -5 17 -2 -19 -20 -3 22 -11 -10 -23 26 -9 -6 -29 -30
right_child=13 20 3 5 27 6 -8 25 23 10 11 -13 -14 -15 -16 -17 -18 18 19 -21 -22 24 -24 -25 -26 -27 -28 28 29 -31
leaf_value=-0.00053077704486212505 0.051410455463960628 0.012113915440902179 0.05505000264006496 0.01191154927532821 0.035003161606190915 -0.058410580395571565 0.055855425917051206 0.0097164816647588165 -0.05149815900068349 0.0026223750584204626 0.054288101880769594 -0.041304764409150735 -0.03915478898211696 0.063103260473181988 0.058903915117233363 -0.026783681331615267 0.056844246032007252 0.070332958305295679 -0.069784251624812638 0.029085497841217497 0.05525840386263188 0.059423872517653659 0.078026036429753962 0.05140764471814363 -0.0076516628292157595 0.049368765103890107 0.064749922581027103 -0.040668263600238112 -0.061747936217299952 0.0090222924358032367
leaf_weight=339.33202003873885 1500.2579100728035 596.60227388143539 202.49961138889194 5429.6088181715459 178.58597971126437 279.91325504332781 2976.161145336926 2085.7491672672331 245.20204638317227 959.68302160874009 207.93165938556194 541.50737139396369 603.34195239469409 22634.442833155394 5773.6302976198494 856.69588751904666 6306.456861436367 268.51525975763798 336.52188770473003 703.4041124433279 7754.7394764088094 1784.9126124121249 206.20976087450981 139.55207995697856 232.97797769680619 1387.739027351141 350.7030699364841 5782.2026691138744 280.99114631675184 781.72362835332751
leaf_count=1736 1460 4271 449 37275 1667 2012 3180 5585 7483 4359 506 5540 6147 15076 8589 10440 5291 186 1304 916 15587 2017 171 299 811 1392 404 162272 5640 10066
internal_value=0.0392207 0.0233486 0.0157364 0.00649589 -0.0118905 0.0226759 0.0369153 0.0231805 0.0514728 0.020961 0.0284275 -0.0147825 -0.0154821 0.0592065 0.0556047 0.00663817 0.0495302 0.0331076 0.0121216 -0.00290893 0.0521763 0.0385988 0.0159589 -0.0141738 0.0516796 0.0291526 0.017638 -0.0340569 -0.0358587 -0.00968998
internal_weight=71727.8 39978.2 31626.9 25129.1 11762.6 13366.6 7080.27 4104.1 6497.72 4739.06 3933.22 749.439 805.842 31749.6 6112.96 6286.3 9115.16 2808.7 1308.44 1039.93 8351.34 3183.78 1165.89 384.754 2017.89 3824.19 2436.45 7023.5 6844.92 1062.71
internal_count=322131 297898 278040 259933 199645 60288 12573 9393 18107 20000 13404 6046 6596 24233 10325 47715 9157 3866 2406 2220 19858 7358 4530 7782 2828 7381 5989 179645 177978 15706
is_linear=0
shrinkage=0.05


Tree=28
num_leaves=31
num_cat=0
split_feature=0 4 4 8 16 0 9 15 16 6 4 4 0 3 1 4 15 3 4 8 7 0 16 16 1 0 5 9 6 16
split_gain=8716.78 3238.46 3880.16 2726.7 3183.76 1132.78 662.9 777.07 648.333 494.213 470.727 628.878 503.721 493.597 430.864 419.748 403.873 626.376 400.505 422.924 809.277 392.731 382.002 371.219 351.833 350.24 357.446 342.601 332.472 329.304
threshold=1.1488460855671934 0.0061666666666667508 -0.0076666666666660496 1.0000000180025095e-35 -0.84772008488809492 1.0062853553984616 85.100000000000009 0.010907442517280232 0.26866988313759582 17.900000000000002 -0.00048999999999974986 0.00066091954022980007 0.98704203617435748 0.9843268112244089 0.99793003510070888 -0.0019999999999999493 0.99638010029475355 0.99474358107997651 -0.011000000000000048 18.900000000000002 52.70000000000001 0.99766477902175665 0.29342972903661901 -0.861146256326485 1.0093918765450069 0.99995934132953879 0.0014666666666666502 6.9000000000000012 9.3000000000000025 -0.931957157303682
decision_type=2 2 2 2 2 2 2 2 2 2 2 2 2 2 2 2 2 2 2 2 2 2 2 2 2 2 2 2 2 2
left_child=1 2 8 4 10 16 7 -7 14 15 13 25 -13 -4 -1 18 17 22 -2 -20 -21 -3 -5 -19 -10 26 -12 -27 -9 -29
right_child=9 21 3 5 -6 6 -8 28 24 -11 11 12 -14 -15 -16 -17 -18 23 19 20 -22 -23 -24 -25 -26 27 -28 29 -30 -31
leaf_value=-0.0004233151600778833 0.049813404252507312 0.011486469855884723 0.052398500361810221 0.04499374215033225 -0.03340094314708178 -0.0570091002785649 0.052754540714128856 0.017366300589749441 -0.051284436945412293 0.062130586250535705 0.0024888122603631195 0.05147461222395653 -0.040373130661679961 -0.038170148021960795 0.05735475843706081 0.055436881114568681 0.031307576380200812 0.013081060969410321 0.068257096892700361 -0.06664600848011433 0.027987968460722653 0.053579524299455332 -0.033257122334881033 -0.02131342132927036 0.049296203931000517 0.057278682136971716 0.075629224523136099 -0.061476582576074225 0.048015731889998942 0.0580015078728294
leaf_weight=342.26137391850352 1471.6729208230972 597.70285313017666 202.11858327314258 932.75543531216681 6810.1932804919779 288.89800541102886 3048.1939910314977 2557.8416883889586 234.19104785658419 21859.025641188025 960.60126432776451 208.32098319008946 526.68316369503736 588.34621599316597 5636.0884503461421 6147.2965442240238 1225.6147409379482 1130.8947561495006 262.98801337182522 334.79260393977165 694.66479712724686 7601.776297301054 187.28015822917223 2561.2007531784475 138.28548553586006 1759.8155653364956 202.20953984186053 127.13464087247849 1352.7543020397425 105.55264028906822
leaf_count=1722 1460 4271 449 5045 179645 2234 3609 6470 7483 15076 4359 506 5540 6147 8603 5291 2904 4352 186 1304 916 15587 2461 31821 299 2017 171 679 1392 132
internal_value=0.0381516 0.0225553 0.0151912 0.00625362 -0.0115816 0.0216798 0.0350056 0.0221226 0.0500593 0.0580847 0.0201639 0.0273112 -0.0143409 -0.0150121 0.054047 0.0481603 0.0056836 -0.000842639 0.0319775 0.0116682 -0.0027882 0.0505111 0.0319095 -0.0107783 -0.0139429 0.0370138 0.0152077 0.0497396 0.0279686 -0.0072784
internal_weight=70097.2 39326.7 31127.2 24776.4 11491 13285.4 7247.69 4199.49 6350.83 30770.4 4680.78 3890.32 735.004 790.465 5978.35 8911.41 6037.75 4812.13 2764.12 1292.45 1029.46 8199.48 1120.04 3692.1 372.477 3155.31 1162.81 1992.5 3910.6 232.687
internal_count=322131 297898 278040 259933 199645 60288 13705 10096 18107 24233 20000 13404 6046 6596 10325 9157 46583 43679 3866 2406 2220 19858 7506 36173 7782 7358 4530 2828 7862 811
is_linear=0
shrinkage=0.05


Tree=29
num_leaves=31
num_cat=0
split_feature=0 4 4 8 16 2 17 2 9 15 6 16 4 3 4 5 3 9 9 8 5 5 4 0 5 9 14 5 3 14
split_gain=8354.73 2999.58 3407.83 2501.04 3208.1 1059.76 635.812 795.336 549.364 763.203 510.759 499.191 470.722 452.774 438.853 430.77 418.237 565.572 472.555 408.149 401.359 363.583 386.75 343.112 373.882 340.854 415.247 379.153 368.645 348.821
threshold=1.1488460855671934 0.0080000000000008519 -0.0076666666666660496 1.0000000180025095e-35 -0.84772008488809492 1.0073699512230647 0.14888728888808322 1.0077482498828674 85.100000000000009 0.20576496797711538 16.900000000000002 0.013976441590891201 -0.00048999999999974986 0.9843268112244089 0.00066666666666745009 -0.0032000000000000999 0.99576711915711003 0.90000000000000013 15.700000000000001 15.300000000000002 -0.0013238095238094997 -1.0000000180025095e-35 1.0000000180025095e-35 0.99995934132953879 0.0014666666666666502 35.300000000000004 -0.15212338618991697 0.0035999999999999505 0.9499560984597073 0.15212338618991686
decision_type=2 2 2 2 2 2 2 2 2 2 2 2 2 2 2 2 2 2 2 2 2 2 2 2 2 2 2 2 2 2
left_child=1 2 6 4 12 16 7 -1 9 -7 14 -8 13 -4 -2 -6 18 -18 -5 -20 -14 -22 23 24 -23 27 -27 28 29 -17
right_child=10 -3 3 5 15 8 11 -9 -10 -11 -12 -13 20 -15 -16 25 17 -19 19 -21 21 22 -24 -25 -26 26 -28 -29 -30 -31
leaf_value=-0.048281146503458452 0.033944682323625928 0.052252087415820783 0.049908368402704836 -0.0096555099197437114 0.039092763410344789 -0.045727000466449286 0.056294347114674195 0.066075208789034445 0.051474251337102699 0.029741810485835421 0.060986103305626975 -0.044545433541613555 0.070604617986247994 -0.037193112049031134 0.057396378368429139 0.10051769003166522 0.047909576634799306 -0.0058445833589080773 0.083154746122571427 0.01770826562352644 -0.025895956022564993 -0.0045517995555974548 -0.0007428018549338549 0.051795443960682801 0.073389753608354133 -0.061161639024986406 0.010438821743378703 0.033224969668198288 -0.043176592252048951 -0.054465659016041147
leaf_weight=355.01597197726369 3813.2353809773922 6686.6327175274491 201.60577943921089 482.02860890701413 209.46545295417309 363.99850422330201 5459.8981731534004 265.93923908658326 2927.2461832426488 4205.0533581431955 21805.559348553419 125.54979911446571 485.41479692049325 573.98119601979852 4183.2889842689037 87.748476320877671 549.81470839865506 4448.2243651952595 486.24940419942141 467.03544092923403 354.56877385079861 689.44358012080193 896.19611594080925 1557.2447737231851 198.06660353019834 271.74681318178773 794.60216256976128 177.72369059547782 5293.0064968951046 61.927946886047721
leaf_count=8917 5328 15316 449 5365 1688 2425 5341 525 3324 7598 15672 3324 371 6147 3233 869 1511 37516 1459 2462 2035 3298 5992 2059 171 5758 10210 1532 161292 944
internal_value=0.0371266 0.0217957 0.0154294 0.00742244 -0.00945978 0.0217875 0.0486917 0.000694756 0.0345636 0.0237295 0.0570222 0.0540277 0.0212235 -0.014552 0.0462132 -0.0315128 0.00690052 6.87013e-05 0.0306902 0.0510911 0.02786 0.0222454 0.0273546 0.0376545 0.0128425 -0.0337245 -0.00780773 -0.0386417 -0.0409884 0.036394
internal_weight=68477.5 38675.4 31988.8 25782.4 11852.7 13929.7 6206.4 620.955 7496.3 4569.05 29802.1 5585.45 4956.52 775.587 7996.52 6896.22 6433.35 4998.04 1435.31 953.285 4180.93 3695.52 3340.95 2444.75 887.51 6686.76 1066.35 5620.41 5442.68 149.676
internal_count=322131 297898 282582 264475 202815 61660 18107 9442 13347 10023 24233 8665 20522 6596 8561 182293 48313 39027 9286 3921 13926 13555 11520 5528 3469 180605 15968 164637 163105 1813
is_linear=0
shrinkage=0.05


Tree=30
num_leaves=31
num_cat=0
split_feature=0 4 4 8 16 0 9 15 17 3 6 16 4 9 0 6 4 4 0 3 14 0 17 7 6 5 3 17 0 15
split_gain=8003.97 2793.85 3373.94 2274.3 2733.48 982.581 608.368 624.848 590.827 734.58 531.251 462.914 410.02 396.783 482.333 1036.91 389.626 536.831 462.279 415.369 386.003 382.986 361.115 823.844 330.987 335.024 330.965 330.122 555.275 314.586
threshold=1.1488460855671934 0.0061666666666667508 -0.0076666666666660496 1.0000000180025095e-35 -0.84772008488809492 1.0075288213152265 85.100000000000009 0.010907442517280232 0.14888728888808322 1.0076638141498151 18.700000000000006 0.013976441590891201 0.013000000000000051 48.100000000000009 4.6460248763456509 5.700000000000002 -0.00048999999999974986 0.00066091954022980007 0.98704203617435748 0.9843268112244089 0.60702770852580767 0.99766477902175665 0.14888728888808322 0.50000000000000011 9.3000000000000025 0.0011999999999995502 0.99750211569389202 0.84658398682345093 0.9966106290049469 -0.82531082829576841
decision_type=2 2 2 2 2 2 2 2 2 2 2 2 2 2 2 2 2 2 2 2 2 2 2 2 2 2 2 2 2 2
left_child=1 2 8 4 16 20 7 -7 9 -1 12 26 13 14 15 -2 19 -18 -19 -4 29 -3 23 -23 25 -9 -10 -22 -29 -5
right_child=10 21 3 5 -6 6 -8 24 11 -11 -12 -13 -14 -15 -16 -17 17 18 -20 -21 27 22 -24 -25 -26 -27 -28 28 -30 -31
leaf_value=-0.047278153419580436 -0.054831322342141213 0.0090711815493462102 0.047562849216615445 -0.027611924550462831 -0.032045133784323908 -0.054523911005971676 0.050689984573511551 0.0072420181039155266 -0.0040791110719825387 0.063973085790254056 0.060578243903648993 -0.043801123533217586 0.062837887039635096 0.050971231006041631 0.052474839118199293 0.031318512403028347 0.034159147309435714 0.048950920649165036 -0.039372147565078924 -0.036223892303627346 -0.042732316580721012 -0.040198377419039047 0.056401954763005351 0.048544763157129821 0.045974197508651393 0.060470687213685148 0.057577105286236475 0.14800774772867961 -0.032235290118650027 0.01421688047341076
leaf_weight=344.38424261845648 455.49484278261662 598.17098274827003 200.98610186204314 494.65084393508732 6425.3674886152148 260.22350220754743 2827.9958180934191 2096.5680427737534 227.37626801617444 260.7007952015847 19800.077707484365 121.40511444397271 2575.4679606109858 3417.6915501207113 1112.5355567336082 1497.8533027917147 3084.8810988273472 208.55838166922331 511.45933887921274 560.22600572928786 653.95039002597332 335.14181948825717 5774.9193759784102 1190.6271315738559 1300.8523336499929 344.13615856692195 5090.9100517593324 66.905483348295093 118.25360126979649 4924.4188442975283
leaf_count=8900 1790 4271 449 5633 179645 2012 3180 5608 672 542 14605 3324 1755 3133 986 1964 7358 506 5540 6147 8453 6588 7285 1714 1369 404 4669 266 1721 31642
internal_value=0.0361355 0.0210665 0.0141263 0.00574233 -0.0110255 0.0198243 0.0329384 0.0203936 0.0475238 0.000654426 0.0559896 0.0527373 0.0459603 0.039256 0.0261965 0.0112295 0.0185529 0.0250858 -0.0137887 -0.0141013 0.00551237 0.0475346 0.0506861 0.0290519 0.0256041 0.0147472 0.0549411 -0.0260445 0.0328938 0.0103988
internal_weight=66882.2 38023.1 30124.2 24079.4 10991.5 13088 6829.78 4001.78 6044.78 605.085 28859.1 5439.69 9059.04 6483.58 3065.88 1953.35 4566.11 3804.9 720.018 761.212 6258.18 7898.86 7300.69 1525.77 3741.56 2440.7 5318.29 839.109 185.159 5419.07
internal_count=322131 297898 278040 259933 199645 60288 12573 9393 18107 9442 24233 8665 9628 7873 4740 3754 20000 13404 6046 6596 47715 19858 15587 8302 7381 6012 5341 10440 1987 37275
is_linear=0
shrinkage=0.05


Tree=31
num_leaves=31
num_cat=0
split_feature=0 16 6 4 5 9 8 16 16 3 0 3 1 1 3 9 6 15 2 16 17 3 9 17 16 9 9 4 9 0
split_gain=7694.22 2646.76 2904.11 1781.31 2322.31 1744.37 1238.69 1654.51 787.356 780.965 727.597 667.812 598.272 596.234 627.514 562.219 541.487 525.718 516.247 509.843 464.751 441.736 463.269 399.633 550.3 516.474 399.451 393.348 390.583 433.97
threshold=1.1488460855671934 0.28519915169571858 1.0000000180025095e-35 0.016333333333334452 -0.004800000000000049 86.700000000000031 0.50000000000000011 -0.89015004145349408 -0.954673248495711 0.99809911741234281 0.95848294868488915 1.0014962254320674 1.0372400461072957 1.0047670123427614 0.99474358107997651 8.5000000000000018 19.900000000000002 0.70864607840491656 1.0365939499376224 -0.031173458710879145 0.063390085881955258 1.0016298811620163 250.80000000000004 0.96849880583763492 -0.52032787705993211 4.9000000000000012 93.700000000000003 0.013000000000000051 48.100000000000009 4.6460248763456509
decision_type=2 2 2 2 2 2 2 2 2 2 2 2 2 2 2 2 2 2 2 2 2 2 2 2 2 2 2 2 2 2
left_child=1 3 5 4 20 10 7 21 15 -9 17 19 -4 14 -10 -8 27 -3 26 23 -1 -6 -23 24 -11 -25 -7 28 29 -2
right_child=16 2 12 -5 6 18 8 9 13 11 -12 -13 -14 -15 -16 -17 -18 -19 -20 -21 -22 22 -24 25 -26 -27 -28 -29 -30 -31
leaf_value=-0.036540706929047144 0.013108157061664367 -0.054231256154085264 0.011270216913147214 0.05899771283560401 0.030736833698737417 0.076914153257257492 0.023901830975338361 -0.04782868843661689 0.051732471378520745 0.017920813117778649 -0.051472138132860216 -0.035580376387695178 0.048531342755745666 0.044166633168789091 0.0054918892476121667 -0.065812896578778618 0.060117611270567965 0.18697975786014021 0.0656047592639009 -0.038889206013610511 0.061537617478467144 -0.035901728822939315 0.079160814872283117 0.064346780002063633 -0.047989333198685181 -0.027353352557676069 -0.035057455290415616 0.061692202025415546 0.050397436079752091 0.051016944258939358
leaf_weight=124.81133198924363 2110.234185308218 37.875308007001877 3050.0384397394955 3969.8868179284036 4452.3834724836051 103.61438913829625 341.82287387922406 1310.8646813370287 1004.0199287440628 1412.0213598608971 3455.1779286321253 1205.7030421774834 1665.5487065166235 5175.1703779716045 2725.0597639512271 357.02669139578938 18253.136303156614 55.969804331660271 476.41273245215416 489.34224832244217 3744.6312671098858 486.28835839778185 106.66791653633118 692.74608039855957 408.2548389788717 197.27656466886401 344.38862992078066 2695.563410282135 3673.7382720708847 1175.4976833760738
leaf_count=2887 3969 664 10736 5485 13974 508 1195 32778 4151 13130 116456 20714 1627 8086 19409 2633 13871 246 345 17225 2948 3273 53 2812 8857 2697 5009 1922 3402 1069
internal_value=0.0351858 0.0203585 -0.0029467 0.0279514 0.0228656 -0.0318062 0.0161188 0.00446995 0.0291728 -0.0139487 -0.0477411 -0.00386735 0.0244309 0.0331837 0.0179417 -0.0219314 0.0550523 0.0896285 0.0293709 0.0080829 0.058374 0.0253377 -0.0152029 0.0165637 0.00313837 0.0440211 -0.0091606 0.0454762 0.0391953 0.0266703
internal_weight=65301.2 37393 9189.03 28204 24234.1 4473.44 20364.6 10761.5 9603.1 5716.21 3549.02 4405.34 4715.59 8904.25 3729.08 698.85 27908.2 93.8451 924.416 3199.64 3869.44 5045.34 592.956 2710.3 1820.28 890.023 448.003 9655.03 6959.47 3285.73
internal_count=322131 297898 135591 162307 156822 123228 150987 115513 35474 98213 117366 65435 12363 31646 23560 3828 24233 910 5862 44721 5835 17300 3326 27496 21987 5509 5517 10362 8440 5038
is_linear=0
shrinkage=0.05


Tree=32
num_leaves=31
num_cat=0
split_feature=0 4 5 2 16 7 16 8 17 17 6 0 17 9 2 16 4 15 14 17 4 8 7 3 2 5 5 3 2 15
split_gain=7378.7 2509.99 2883.11 1860.3 2250.54 1068.95 806.802 764.458 717.372 638.803 563.508 490.379 466.125 1100.19 673.381 612.919 462.466 461.173 447.913 524.802 415.864 451.143 635.705 378.089 377.112 370.185 570.053 358.169 352.816 346.618
threshold=1.1488460855671934 0.0080000000000008519 -0.0052000000000004994 1.0093689006140687 -0.84772008488809492 1.0000000180025095e-35 -0.031173458710879145 8.9000000000000021 0.063390085881955258 0.63089349388778826 16.900000000000002 1.0015588465588467 0.38043945030393422 2.1000000000000005 0.99810640391833771 -0.9124670466711694 -0.0019999999999999493 -0.24825246871434695 0.0021816546423733115 0.16587474750015926 -0.010000000000001249 18.900000000000002 59.300000000000011 0.99881329922826556 0.95856285463081103 -0.0013238095238094997 0.0014666666666666502 1.0043481214957137 0.99995934132953879 0.70864607840491656
decision_type=2 2 2 2 2 2 2 2 2 2 2 2 2 2 2 2 2 2 2 2 2 2 2 2 2 2 2 2 2 2
left_child=1 2 8 4 12 6 9 18 -1 -6 16 23 13 14 -4 27 20 -7 19 -5 -2 -22 -23 -11 29 -25 -27 -14 -17 -8
right_child=10 -3 3 7 5 17 24 -9 -10 11 -12 -13 15 -15 -16 28 -18 -19 -20 -21 21 22 -24 25 -26 26 -28 -29 -30 -31
leaf_value=-0.040798481538135159 0.042827051803753374 0.048648624086785351 -0.030558530483486029 -0.056549918091251788 -0.052805937233119063 -0.033234674968167142 -0.054146516071171692 0.041427392759211229 0.060274153831822413 -0.020203975632416309 0.058576953597178807 -0.055201857846648134 0.067655621191288234 -0.017609337251549541 0.045492140266790479 -0.0049536788587829341 0.050798033690926836 0.012031603047724857 0.020272957778697736 0.023607058054899842 0.063385979587937069 -0.059185258625979009 0.029484734269323527 0.072323039122430183 -0.046946318853969195 -0.0092104101614423721 0.061582139790520643 -0.027899770722288303 0.040400059644895875 0.10792611076144583
leaf_weight=184.80716771632433 1292.0047434866428 6214.8600256275386 343.6629743501544 467.09687167964876 690.99474798701704 666.14100023545325 57.783954706043005 4594.1374292019755 3507.3051218111068 778.80647488683462 19536.209199130535 342.6809214502573 1281.9478103034198 1932.1236487347633 1901.894209375605 940.12647136300802 5136.8637091219425 3622.4942653626204 2825.1756509747356 362.80342245660722 222.18277825415134 425.24169477820396 385.27089007198811 299.50934049487114 3367.6421849858016 993.75035616755486 398.36086706072092 106.18886098265648 788.41563184931874 76.881146473810077
leaf_count=5287 1442 15316 3372 4873 22642 8386 1014 5886 3650 11695 15672 5425 1431 10744 4358 5304 4939 21500 11422 1550 170 1521 489 855 133683 15802 1246 345 1635 477
internal_value=0.0342663 0.0196848 0.0137888 0.00808996 -0.000679137 -0.0146599 -0.0266941 0.0278509 0.055215 -0.00973138 0.0541127 0.000849196 0.0209695 0.0100525 0.0338532 0.0356031 0.0424241 0.00500053 0.0107864 -0.0215081 0.0239203 0.000266142 -0.0170367 0.00862422 -0.0436654 0.0218965 0.0110473 0.0603459 0.0157329 0.0383818
internal_weight=63743.4 36745.6 30530.7 26838.6 18589.4 11295 7006.41 8249.21 3692.11 3504.1 26997.8 2813.11 7294.36 4177.68 2245.56 3116.68 7461.56 4288.64 3655.08 829.9 2324.7 1032.7 810.513 2470.43 3502.31 1691.62 1392.11 1388.14 1728.54 134.665
internal_count=322131 297898 282582 273645 249914 222725 192839 23731 8937 57665 24233 35023 27189 18474 7730 8715 8561 29886 17845 6423 3622 2180 2010 29598 135174 17903 17048 1776 6939 1491
is_linear=0
shrinkage=0.05


Tree=33
num_leaves=31
num_cat=0
split_feature=6 4 4 9 16 15 7 0 15 0 5 10 5 2 9 17 16 0 3 15 4 0 14 17 15 5 4 6 9 17
split_gain=7091.03 2538.34 2954.18 1574.96 1462.2 1980.23 1143.36 1068.13 751.001 723.57 668.076 597.253 593.467 504.36 496.516 645.693 830.019 493.502 1048.31 514.156 483.344 464.287 442.723 422.173 406.214 397.797 377.149 364.794 357.094 354.922
threshold=7.7000000000000011 0.010000000000000153 -0.017666666666664149 81.300000000000026 0.28519915169571858 0.99799686083023531 52.70000000000001 0.99882097045889251 -0.087155742747658083 1.0070708444246657 -0.0052000000000004994 36.500000000000007 0.0014666666666666502 0.95856285463081103 19.300000000000004 0.83730377313544024 -0.47558551945199218 1.008431422946743 0.996650617395615 0.52803643325367278 0.0020000000000006506 0.95848294868488915 -0.70710678118654735 0.14888728888808322 0.6930857131206335 0.0048000000000007004 0.0019999999999988504 20.500000000000004 44.500000000000007 0.063390085881955258
decision_type=2 2 2 2 2 2 2 2 2 2 2 2 2 2 2 2 2 2 2 2 2 2 2 2 2 2 2 2 2 2
left_child=1 2 23 4 7 6 21 13 10 20 -9 -10 -12 22 25 -16 -17 18 -5 -20 -2 -6 -4 28 -24 -15 -14 -11 -1 -3
right_child=9 29 3 17 5 -7 -8 8 11 27 12 -13 26 14 15 16 -18 -19 19 -21 -22 -23 24 -25 -26 -27 -28 -29 -30 -31
leaf_value=-0.047948401295086179 -0.020970931883630684 0.024653737214972774 0.081490843165547736 0.062403724545273015 0.063975261441702028 0.03005530148839991 0.040205010226193529 0.059736220196433522 0.027091366708243747 0.045688275752361923 -0.018081700656535818 -0.093682922980144856 0.076296290279568205 -0.036982714693575995 -0.027809221795057931 0.12387297124523088 -0.057918512337614969 0.044047158274003274 -0.052281751391575149 0.015549862254389778 0.046056912059045496 -0.048554947967356328 -0.067036427627952033 0.059197638461688719 0.036298150442097013 0.0521644564060397 -0.0030659026799818075 0.058554055475438085 0.056667532126754717 0.056524764820873076
leaf_weight=178.25522979162633 535.88807180896401 1092.5641362145543 234.24357066489756 634.32117568328977 93.927543295547366 1459.2455544453114 428.56434168666601 399.52767107449472 7754.6153899040073 8020.0066380165517 2847.0342251937836 103.73381191492081 299.89198005758226 2365.2403677087277 375.37937634252012 213.35228504613042 88.972996052354574 3216.7332681939006 553.96873790211976 563.569724438712 539.96257133409381 3799.7758440375328 159.03926777839661 3496.1221165172756 236.57846377044916 132.12752140685916 298.91546536237001 17600.977834589779 150.38564878329635 4357.4096644036472
leaf_count=5131 3846 7886 775 776 910 3521 654 564 43922 8327 36082 471 536 43810 4662 361 1639 5114 7698 3200 1579 111856 1463 3669 1169 265 2371 14491 250 5133
internal_value=0.0333679 0.0187382 0.0130502 0.00707037 0.00115482 -0.0203062 -0.0373088 0.00915532 0.0166371 0.05284 -0.00146897 0.0254971 -0.0085654 -0.0138582 -0.0219662 0.0159898 0.0703725 0.0324182 0.0110654 -0.0180746 0.0126699 -0.0458404 0.0270133 0.0541046 -0.0052426 -0.0322662 0.0366799 0.0545267 -7.6283e-05 0.0501355
internal_weight=62230.3 35533.5 30083.5 26258.8 21290.2 5781.51 4322.27 15508.7 11703.7 26696.8 3845.37 7858.35 3445.84 3804.93 3175.07 677.705 302.325 4968.59 1751.86 1117.54 1075.85 3893.7 629.861 3824.76 395.618 2497.37 598.807 25621 328.641 5449.97
internal_count=322131 293888 280869 271819 255031 116941 113420 138090 83946 28243 39553 44393 38989 54144 50737 6662 2000 16788 11674 10898 5425 112766 3407 9050 2632 44075 2907 22818 5381 13019
is_linear=0
shrinkage=0.05


Tree=34
num_leaves=31
num_cat=0
split_feature=0 16 7 16 17 9 3 0 15 17 3 6 16 16 5 5 4 2 4 5 5 16 9 9 15 16 8 3 8 0
split_gain=6863.01 2242.05 1984.2 2098.78 1790.36 1074.46 928.553 733.129 720.568 635.053 617.819 581.744 536.308 543.911 533.675 965.08 455.422 454.271 496.093 439.524 756.62 784.216 819.052 443.461 407.353 392.36 389.278 404.67 400.507 387.166
threshold=1.1488460855671934 -0.89015004145349408 0.50000000000000011 -0.031173458710879145 0.47369649395226454 57.300000000000011 0.99809911741234281 1.0062853553984616 0.99999524036036724 0.14888728888808322 1.0176059920771816 16.700000000000006 -0.57780908558020239 0.28519915169571858 0.0048000000000007004 -0.0013238095238094997 0.00066666666666745009 1.0229442657994474 -0.0066666666666666497 -0.0031999999999987494 0.0035999999999999505 -0.931957157303682 1.3000000000000003 0.50000000000000011 0.31107263240371746 -0.954673248495711 15.300000000000002 0.99474358107997651 75.100000000000009 0.99810452203403333
decision_type=2 2 2 2 2 2 2 2 2 2 2 2 2 2 2 2 2 2 2 2 2 2 2 2 2 2 2 2 2 2
left_child=1 9 3 4 -3 8 -6 12 -5 -1 -7 16 -4 26 15 -8 -2 18 -17 -11 21 22 29 -23 -24 -26 27 -14 -28 -21
right_child=11 2 7 5 6 10 14 -9 -10 19 -12 -13 13 -15 -16 17 -18 -19 -20 20 -22 23 24 -25 25 -27 28 -29 -30 -31
leaf_value=-0.005126356805720246 0.027249468468929946 -0.045482253626030249 -0.041897170521014611 -0.044329614800363557 -0.026223163781592645 -0.044237105406647798 0.050867448478339697 0.03613284901988581 0.047060265847291699 0.058167502947265227 0.043973722286806363 0.057138155151707427 0.10046420965292893 -0.0046086028929430969 0.060143318698252068 0.072987676400509335 0.052712446060840662 0.062237820946963132 -0.0087402246608691576 -0.042427755681378798 0.058946910112490897 0.0079630017627492968 -0.040380418494222074 0.054293763391118521 -0.028440036743633653 0.035905570088925635 -0.040098661084101338 0.03383458460720206 0.041768325695021688 0.045586189564357373
leaf_weight=856.49679079651833 3452.052947178483 1132.2493506800383 452.3101383857429 3963.9398259706795 853.98320634290576 277.32676420174539 1803.7132725082338 6420.8983261100948 228.09560065343976 2461.098035838455 698.34046477079391 18217.567477375269 276.94646312855184 1817.0531753115356 1148.6302551776171 201.22150877118111 3574.2459186762571 303.19872118160129 2403.888364598155 138.9810833632946 2241.6370505392551 670.47710891067982 825.46681539714336 2248.7312463745475 424.03396847471595 536.86068298667669 318.83558310382068 1286.2258754894137 281.11116338521242 1237.6035015806556
leaf_count=6058 5269 26685 4889 147095 12223 8446 3705 9550 907 2102 1693 15778 1001 12653 897 172 3186 514 30198 1034 1823 2809 5202 3132 2286 1194 2964 5810 594 2262
internal_value=0.032493 0.0183237 0.0095493 -0.00361573 0.0126787 -0.0283579 0.022486 0.0253358 -0.0393569 0.0363135 0.0189004 0.0524243 0.00969529 0.0155583 0.0295836 0.0221342 0.0402024 0.00431405 -0.00242747 0.0396045 0.0341159 0.0249642 0.00771592 0.0436526 -0.0146196 0.00751045 0.0324988 0.0456393 -0.00173905 0.0367002
internal_weight=60753.2 35509.4 23868 13014.6 7846.88 5167.7 6714.64 10853.4 4192.04 11641.4 975.667 25243.9 4432.48 3980.17 5860.65 4712.02 7026.3 2908.31 2605.11 10784.9 8323.79 6082.15 3162.95 2919.21 1786.36 960.895 2163.12 1563.17 599.947 1376.58
internal_count=322131 297898 269996 232535 74394 158141 47709 37461 148002 27902 10139 24233 27911 23022 35486 34589 8455 30884 30370 21844 19742 17919 11978 5941 8682 3480 10369 6811 3558 3296
is_linear=0
shrinkage=0.05


Tree=35
num_leaves=31
num_cat=0
split_feature=0 4 4 8 16 2 17 6 17 9 3 0 0 9 9 15 16 9 14 4 9 9 0 15 14 3 5 17 7 16
split_gain=6573.79 2124.08 2532.17 1443.18 2246.46 777.187 609.363 602.932 572.438 867.559 546.262 609.295 703.479 521.569 497.482 639.056 466.822 580.751 438.935 420.413 419.785 400.744 437.813 1006.89 367.212 347.849 330.9 326.375 845.344 325.129
threshold=1.1488460855671934 0.0080000000000008519 -0.017666666666664149 1.0000000180025095e-35 -0.70898476237405783 1.0077482498828674 0.14888728888808322 19.900000000000002 0.96849880583763492 35.300000000000004 1.0014962254320674 0.99918550193068045 0.9754836363165067 2.7000000000000006 85.100000000000009 0.010907442517280232 -0.022576249993022598 4.9000000000000012 -0.15212338618991697 0.013000000000000051 299.00000000000006 48.100000000000009 4.6460248763456509 0.98442422532924956 0.60702770852580767 0.95897669635135452 0.0035999999999999505 0.14888728888808322 1.3000000000000003 0.76140650896573492
decision_type=2 2 2 2 2 2 2 2 2 2 2 2 2 2 2 2 2 2 2 2 2 2 2 2 2 2 2 2 2 2
left_child=1 2 6 4 10 24 -1 19 9 25 11 12 -4 -13 15 -7 17 -10 -11 21 -12 22 23 -2 -5 29 -14 28 -3 -6
right_child=7 27 3 5 8 14 -8 -9 16 18 20 13 26 -15 -16 -17 -18 -19 -20 -21 -22 -23 -24 -25 -26 -27 -28 -29 -30 -31
leaf_value=-0.036932149121245789 -0.040343877184412374 -0.033315745598443969 0.041056733380166806 0.010047966207269719 -0.053761144297016422 -0.055959923701745386 0.058506100471331507 0.057449126381094499 0.04159878748005736 -0.062038598711842176 -0.040778194451401378 0.043762322713058202 -0.030058331770901215 -0.0053889468931419583 0.045455816796544785 0.023475417927330301 -0.051183848741023434 -0.042614299171823994 0.025454457388272914 0.059094559859794907 0.073834601837169708 0.046378182731342955 0.046917298937157098 0.034067150422797197 -0.024675279918880428 -0.051536629508882929 0.060012687273463511 0.051786761822525923 0.052277185618024552 0.090420356983935024
leaf_weight=176.68581847287714 709.82879154384136 436.70744807645679 655.20168769918382 5864.7883143275976 72.055487010627985 269.51766260899603 3132.4244802761823 15649.668653100729 712.26381465792656 180.51378210447729 615.90464984066784 2670.4237239155918 1198.8514556139708 676.46128359809518 2837.58501085639 4180.1308313570917 330.11503834091127 287.30460787937045 696.25023963302374 2360.2648579478264 91.799051284790039 3337.1574156582355 1079.3710008263588 1264.4701261073351 875.00409355945885 3367.0807312875986 111.44777447916567 4491.1213074140251 849.81405493989587 85.490081410855055
leaf_count=5270 2414 8075 1623 39296 1662 2058 3523 13871 5085 4675 6459 8234 14605 3541 3417 7983 14922 4211 8592 1922 48 3402 1069 1555 10926 135681 123 6255 986 648
internal_value=0.0316665 0.0177354 0.0122352 0.00694955 -0.00597593 0.0177779 0.0534103 0.0515718 -0.0283818 -0.0370674 0.0153543 0.0208516 -0.00124485 0.033828 0.0290965 0.018664 0.000368109 0.0173935 0.00744083 0.0410613 -0.0259113 0.0344012 0.0213123 0.00731381 0.00553997 -0.0481389 -0.0223973 0.0454264 0.0232228 0.0244771
internal_weight=59265.7 34864.9 29087.3 25778.2 11751.2 14027 3309.11 24400.8 5731.07 4401.39 6020.09 5312.39 1965.5 3346.89 7287.23 4449.65 1329.68 999.568 876.764 8751.09 707.704 6390.83 3053.67 1974.3 6739.79 3524.63 1310.3 5777.64 1286.52 157.546
internal_count=322131 297898 282582 273789 210109 63680 8793 24233 175476 151258 34633 28126 16351 11775 13458 10041 24218 9296 13267 10362 6507 8440 5038 3969 50222 137991 14728 15316 9061 2310
is_linear=0
shrinkage=0.05


Tree=36
num_leaves=31
num_cat=0
split_feature=0 4 4 8 16 2 6 17 4 5 9 15 17 9 4 0 14 16 9 9 0 15 5 5 5 14 17 15 0 17
split_gain=6325.31 2004.72 2502.94 1305.12 1936.22 714.298 611.581 573.478 484.36 496.64 482.873 531.828 438.202 800.7 416.665 410.435 393.835 393.73 454.244 378.426 409.064 920.452 360.614 476.88 520.089 412.417 384.81 438.143 349.408 342.5
threshold=1.1488460855671934 0.0061666666666667508 -0.017666666666664149 1.0000000180025095e-35 -0.70898476237405783 1.0077482498828674 19.900000000000002 0.14888728888808322 0.00066091954022980007 0.0012000000000003503 85.100000000000009 0.20576496797711538 0.96849880583763492 35.300000000000004 0.013000000000000051 0.98704203617435748 -0.15212338618991697 -0.022576249993022598 4.9000000000000012 48.100000000000009 4.6460248763456509 0.98442422532924956 -0.0052000000000004994 -7.2888528405170406e-06 1.0000000180025095e-35 1.0000000180025095e-35 0.63089349388778826 0.86493045449441719 0.99766477902175665 0.14888728888808322
decision_type=2 2 2 2 2 2 2 2 2 2 2 2 2 2 2 2 2 2 2 2 2 2 2 2 2 2 2 2 2 2
left_child=1 2 7 4 8 -5 14 -1 9 22 11 -7 13 -6 19 -10 -15 18 -14 20 21 -2 -4 -24 25 26 -25 -28 -3 -30
right_child=6 28 3 5 12 10 -8 -9 15 -11 -12 -13 17 16 -16 -17 -18 -19 -20 -21 -22 -23 23 24 -26 -27 27 -29 29 -31
leaf_value=-0.036102947970598466 -0.038400293949927049 0.0037567127854068443 0.061571121649584171 0.0042733341220203714 -0.047596775447627131 -0.043202346768724913 0.056865800272376699 0.057807479751069119 0.039786383015899977 0.069617127069436499 0.0440417619416721 0.022140478794668999 0.036806344641376186 -0.061683165465138856 0.058449846218606188 -0.042350515253757465 0.023436992997088856 -0.051114564252229579 -0.041526239986465513 0.045253158362751407 0.045745325182965042 0.03305197295025495 -0.011953469841703861 0.04817461665861144 -0.023851748514115093 0.0071699299427460429 0.099041962761440019 0.45298556726902972 0.022917060269022554 0.050913828676421802
leaf_weight=171.83145751431584 708.50149735808372 568.87481111288071 369.06247963756323 6460.9836601316929 3288.6104700639844 339.45725068449974 15035.258673459291 3014.7523466870189 201.75455606915057 447.47702213563025 2673.889963157475 3767.1992511451244 646.50441577285528 169.29564622230828 2269.2891886234283 617.88389743678272 688.69110485352576 307.29887454397976 259.30398545414209 3251.3149525076151 1052.3648362159729 1238.8041318804026 1532.8533955104649 1130.9120872635394 466.39852613583207 799.83985411003232 30.251572374254465 12.298030938953159 1405.8420100715011 4899.7654393911362
leaf_count=5270 2414 4271 290 49387 136213 2366 13871 3523 631 494 3293 7262 4962 4585 1922 9044 8495 14680 4115 3402 1069 1555 12536 2609 3926 3940 348 71 8302 7285
internal_value=0.0308545 0.0171448 0.0110871 0.00560417 -0.00715127 0.01617 0.0508009 0.0527435 0.0133846 0.0194633 0.0275059 0.0167392 -0.0286413 -0.0363742 0.0400986 -0.0221325 0.00664131 -0.00220912 0.0143822 0.0334365 0.0206286 0.00705501 0.0142941 0.00990187 0.0236335 0.0348568 0.0537284 0.201342 0.0412861 0.0446719
internal_weight=57826.6 34271 27396.5 24210 10968.4 13241.5 23555.5 3186.58 5608.73 4789.09 6780.55 4106.66 5359.7 4146.6 8520.27 819.638 857.987 1213.11 905.808 6250.99 2999.67 1947.31 4341.62 3972.55 2439.7 1973.3 1173.46 42.5496 6874.48 6305.61
internal_count=322131 297898 278040 269247 206939 62308 24233 8793 33889 24214 12921 9628 173050 149293 10362 9675 13080 23757 9077 8440 5038 3969 23720 23430 10894 6968 3028 419 19858 15587
is_linear=0
shrinkage=0.05


Tree=37
num_leaves=31
num_cat=0
split_feature=0 4 5 2 16 15 16 17 9 6 8 17 0 17 16 4 9 15 6 0 9 9 17 7 9 17 3 9 0 15
split_gain=6096.82 1897.87 2234.76 1357.14 1609.17 833.082 835.851 642.195 1003.38 620.625 595.749 565.117 546.377 510.592 431.783 427.589 420.294 418.033 417.04 416.501 404.05 388.33 373.205 643.404 346.428 351.656 345.071 336.886 407.964 774.634
threshold=1.1488460855671934 0.012333333333333451 -0.0052000000000004994 1.0093689006140687 -0.89015004145349408 0.70864607840491656 -0.031173458710879145 0.38043945030393422 2.1000000000000005 18.500000000000004 0.50000000000000011 0.063390085881955258 0.99810452203403333 0.96849880583763492 -0.954673248495711 0.013000000000000051 0.50000000000000011 -0.087155742747658083 2.7000000000000006 0.99813027130694076 43.500000000000007 1.0000000180025095e-35 0.063390085881955258 1.3000000000000003 20.900000000000002 0.81800285027139286 1.0043481214957137 48.100000000000009 4.6460248763456509 0.98664098404873191
decision_type=2 2 2 2 2 2 2 2 2 2 2 2 2 2 2 2 2 2 2 2 2 2 2 2 2 2 2 2 2 2
left_child=1 2 11 4 7 6 13 8 12 15 20 -1 -4 17 -12 27 -9 -6 -8 -15 -5 -7 23 -3 -19 -26 -18 28 29 -2
right_child=9 22 3 10 5 21 18 16 -10 -11 14 -13 -14 19 -16 -17 26 24 -20 -21 -22 -23 -24 -25 25 -27 -28 -29 -30 -31
leaf_value=-0.038791338744043544 -0.037011937462580628 -0.046483270459414909 -0.030417881671596106 -0.046854951308769377 -0.035012279657179221 -0.021656838176863549 -0.047911011769050924 0.010844322907537294 -0.017775241495788879 0.05584781502455971 -0.083864090185119824 0.05709104177564478 0.041591182324850734 -0.056122213339365769 0.030863317420152931 0.058170256937464804 0.063696575411221146 -0.017146198748548863 0.001388438577533031 0.031875598562928993 0.01498800638935413 0.014162968778039759 0.055656550156573795 0.052332917481188117 -0.022009072066689617 0.062309709276059826 -0.029721110751323922 0.043085134994013688 0.044789647085931555 0.031335947267196518
leaf_weight=162.06325428374112 692.70471565425396 262.03659882582724 305.9248034413904 443.71862775459886 1607.5185141507536 969.93530138768256 2740.6771446280181 734.53187973424792 1933.1284385658801 15238.325932703912 82.971527133136988 2968.7157805059105 1896.2398548573256 153.85773973539472 7082.451387854293 1985.349379889667 1387.1565247178078 892.21378274448216 508.58072725310922 1066.8748975768685 652.51387285999954 3440.9116192888469 3340.4752456359565 443.58719371631742 188.33624832704663 360.04804353788495 106.43835440278053 2842.3637396544218 943.11834755539894 1032.4354755580425
leaf_count=5349 2386 5586 2797 8827 29902 29427 113860 2883 10917 14732 545 3686 3955 2421 11398 1730 1555 14693 3627 7505 3539 27625 4103 533 1925 893 347 3086 972 1327
internal_value=0.030041 0.0165527 0.012174 0.00746342 -0.000133128 -0.0109644 -0.0210853 0.0201713 0.00851196 0.0500537 0.0242832 0.0521277 0.0315877 -0.0065402 0.0295348 0.0382749 0.0418105 -0.0174834 -0.0401946 0.0207846 -0.010044 0.00628627 0.0486773 0.0156371 0.00207643 0.0333514 0.0570393 0.0311071 0.0183475 0.00389186
internal_weight=56465.2 33730.9 29684.8 26554 18292.4 11929 7518.11 6363.42 4135.29 22734.3 8261.66 3130.78 2202.16 4268.85 7165.42 7495.97 2228.13 3048.12 3249.26 1220.73 1096.23 4410.85 4046.1 705.624 1440.6 548.384 1493.59 5510.62 2668.26 1725.14
internal_count=322131 297898 287676 278641 254332 231878 174826 22454 17669 24233 24309 9035 6752 57339 11943 9501 4785 47413 117487 9926 12366 57052 10222 6119 17511 2818 1902 7771 4685 3713
is_linear=0
shrinkage=0.05


Tree=38
num_leaves=31
num_cat=0
split_feature=0 4 5 2 16 15 17 6 9 15 17 16 17 4 0 8 17 6 17 8 9 3 15 1 9 9 17 1 16 7
split_gain=5865.68 1803.98 2125.04 1240.53 1482.82 826.662 727.507 629.498 555.351 826.937 579.645 547.281 531.571 410.175 399.82 399.998 355.857 605.372 345.827 645.442 343.439 314.75 380.991 311.616 429.677 414.178 324.903 358.642 316.569 302.086
threshold=1.1488460855671934 0.012333333333333451 -0.0052000000000004994 1.0093689006140687 -0.84772008488809492 0.75327469385087487 0.64414586362404946 19.900000000000002 85.100000000000009 0.70864607840491656 0.66367808336324663 -0.022576249993022598 0.063390085881955258 0.013000000000000051 1.0015588465588467 26.300000000000004 0.063390085881955258 0.50000000000000011 -0.49812626372919405 13.900000000000002 56.500000000000007 0.9499560984597073 0.99993812531908921 0.99995934132953879 54.100000000000009 11.500000000000002 0.14888728888808322 0.99986410273770243 -0.93805425954833843 0.50000000000000011
decision_type=2 2 2 2 2 2 2 2 2 2 2 2 2 2 2 2 2 2 2 2 2 2 2 2 2 2 2 2 2 2
left_child=1 2 12 4 14 6 -6 13 9 10 -5 -8 -1 20 23 -16 17 -3 19 21 -2 -7 -23 24 26 -25 -4 -28 -27 -11
right_child=7 16 3 8 5 18 11 -9 -10 29 -12 -13 -14 -15 15 -17 -18 -19 -20 -21 -22 22 -24 25 -26 28 27 -29 -30 -31
leaf_value=-0.038089322688839668 0.021791274486422027 -0.04870720493821136 -0.042925686443503114 -0.03999030497844358 -0.041044701312422639 0.092357389954543623 0.0015096718721890334 0.055789822253269963 0.040415614098654171 -0.0098591369293946456 0.039901693908697855 -0.042751247916800683 0.056428401841088827 0.057267086074567708 -0.038641845334713848 0.043633560033768032 0.054868751277531227 0.049662507370223638 -0.0047212571661637464 0.066472277834647805 0.046268464984519704 -0.032474565018364182 0.047309087923107729 0.041413445627407286 0.048327944072646734 -0.052924683945499318 0.013998930519646541 -0.066756986730802367 0.032937800067111889 0.030477530137690841
leaf_weight=156.92908304929733 3593.0144342407584 240.56808405183256 337.13989250361919 981.71355603635311 2934.0396741963923 80.588182548061013 3141.1396452561021 13865.911217406392 3008.9025024604052 539.06742343306541 295.33765099942684 898.09168566763401 2856.252929771319 2094.4469671174884 557.62878055498004 200.9656336158514 3222.0281416513026 447.02900466322899 2471.8594593312591 586.67843512631953 2383.8641876131296 568.81669448688626 203.04634110815823 2492.3724137581885 645.82219585962594 223.6841402053833 2379.2863391898572 145.91581009700894 206.40862336009741 3340.447959266603
leaf_count=5349 5956 5541 4272 10003 102787 467 34636 13871 4838 3652 1204 38189 3686 1922 3641 439 4103 578 34815 1375 2484 13831 558 4481 1131 1554 10757 990 409 4612
internal_value=0.0292698 0.0160011 0.0117377 0.00717086 -0.000136666 -0.0117762 -0.0220957 0.0493277 0.0233454 0.0133847 -0.0215141 -0.0083314 0.0515058 0.0382263 0.0174852 -0.0168456 0.0479002 0.0152461 0.00662348 0.0261093 0.0315539 -0.00166957 -0.0114867 0.021535 0.0114892 0.0335942 0.00317733 0.00933255 -0.0117179 0.0248727
internal_weight=55099 33161.8 29252.1 26239 18073.5 10884.3 6973.27 21937.2 8165.47 5156.57 1277.05 4039.23 3013.18 8071.33 7189.22 758.594 3909.63 687.597 3910.99 1439.13 5976.88 852.451 771.863 6430.63 3508.16 2922.47 2862.34 2525.2 430.093 3879.52
internal_count=322131 297898 287676 278641 254332 226658 175612 24233 24309 19471 11207 72825 9035 10362 27674 4080 10222 6119 51046 16231 8440 14856 14389 23594 17150 6444 16019 11747 1963 8264
is_linear=0
shrinkage=0.05


Tree=39
num_leaves=31
num_cat=0
split_feature=6 4 4 9 15 16 16 15 7 0 5 5 0 9 4 0 8 0 3 15 3 14 17 17 14 3 3 10 16 17
split_gain=5686.03 2281.18 2234.6 1019.83 1048.45 1096.59 716.28 1230.84 1206.83 577.111 551.589 566.805 511.996 533.435 495.849 451.881 373.33 364.192 930.015 433.77 320.839 545.052 308.143 946.385 346.475 307.648 424.174 404.866 292.946 291.265
threshold=11.500000000000002 0.012333333333333451 -0.017666666666664149 81.300000000000026 -0.087155742747658083 -0.031173458710879145 0.28519915169571858 0.99428911679529652 52.300000000000011 1.0070708444246657 -0.0052000000000004994 0.0048000000000007004 0.99882097045889251 1.1000000000000003 0.0020000000000006506 0.95848294868488915 14.700000000000001 1.008431422946743 0.996650617395615 0.52803643325367278 0.93003178928247066 -0.70710678118654735 -0.6391983530350368 -0.96687281075841669 -0.23768589232617346 1.0004076363902235 1.0320546842979079 36.500000000000007 0.96465729447553372 0.14888728888808322
decision_type=2 2 2 2 2 2 2 2 2 2 2 2 2 2 2 2 2 2 2 2 2 2 2 2 2 2 2 2 2 2
left_child=1 2 29 4 5 10 12 8 15 14 -4 20 13 -6 -2 -8 -15 18 -5 -20 21 -12 23 24 -19 -14 -27 -28 -9 -1
right_child=9 -3 3 17 6 -7 7 28 -10 -11 11 -13 25 16 -16 -17 -18 22 19 -21 -22 -23 -24 -25 -26 26 27 -29 -30 -31
leaf_value=0.0063494077594148379 -0.03525187903354686 0.049131859206693627 0.056788601613624236 0.057569610510005025 -0.039444477768657449 -0.050586308796085812 0.076824413833512351 0.0096230708618357998 0.03123196471902694 0.051641767117738692 0.096081304831595493 0.057691869227933193 0.033424866494487455 0.021860633893939461 0.043924107272274984 -0.051810838576886953 -0.060541063114722488 -0.081128738657749735 -0.051250049298861983 0.01114578270582736 -0.016404542298515006 -0.071334606173247744 0.04356413160910929 -0.095965095529292166 0.089143739380697251 -0.0011309610481743679 0.036285767122028592 -0.033128896873731412 0.050454071654030257 0.055168501460760445
leaf_weight=341.15101601369679 359.87067046761513 4542.2420603632927 354.45860425196588 627.3022762350738 749.37708992324769 1645.7223990000784 70.646860282868147 1537.0146436151117 633.68012784421444 18908.59104821831 158.1074612736702 304.92308711446822 3425.9618508722633 1249.8052375167608 438.92743550613523 2031.1210070503876 154.44043290242553 35.46706292591989 530.84187010955065 586.04962650313973 3843.8284644931555 70.203569261357188 2661.8018093910068 162.80521550960839 189.52021829038858 2368.8255994077772 2034.5742322877049 234.24768052995205 615.07912427745759 2925.7852822095156
leaf_count=5465 2821 10886 515 842 16249 72706 552 5255 975 20329 183 487 20490 11668 1243 58087 1671 188 7837 3280 44873 614 3797 980 277 20846 3543 701 1008 3763
internal_value=0.0285044 0.0161436 0.0110716 0.00622281 0.00156954 -0.0154304 0.00874692 -0.00699566 -0.0292514 0.0498831 -0.0032024 -0.00806053 0.0162776 -0.00538035 0.00825412 -0.047487 0.012798 0.0270751 0.00885215 -0.01851 -0.0129841 0.0446024 0.0374976 -0.00414262 0.0623019 0.022062 0.0136678 0.029119 0.0212928 0.0500705
internal_weight=53792.4 34085 29542.7 26275.8 21482 6377.24 15104.8 4887.54 2735.45 19707.4 4731.52 4377.06 10217.2 2153.62 798.798 2101.77 1404.25 4793.79 1744.19 1116.89 4072.14 228.311 3049.59 387.792 224.987 8063.61 4637.65 2268.82 2152.09 3266.94
internal_count=322131 297738 286852 277624 260423 119378 141045 65877 59614 24393 46672 46157 75168 29588 4064 58639 13339 17201 11959 11117 45670 797 5242 1445 465 45580 25090 4244 6263 9228
is_linear=0
shrinkage=0.05


Tree=40
num_leaves=31
num_cat=0
split_feature=6 4 4 9 15 16 15 7 0 0 4 5 2 9 8 14 5 3 3 16 16 0 10 17 17 1 3 8 17 16
split_gain=5463.03 2143.87 2159.56 965.87 951.037 881.017 1223.78 1168.15 564.763 453.582 449.325 434.753 417.663 433.636 421.813 414 406.162 388.484 486.622 379.203 377.669 370.75 363.627 342.091 409.423 336.019 846.169 495.697 322.256 302.956
threshold=11.500000000000002 0.010000000000000153 -0.017666666666664149 81.300000000000026 -0.6835516316989646 0.28519915169571858 0.99428911679529652 52.300000000000011 1.0070708444246657 0.99918550193068045 0.0020000000000006506 -0.0052000000000004994 0.95856285463081103 6.3000000000000016 14.700000000000001 0.44032991850403935 0.0048000000000007004 1.0004076363902235 1.0320546842979079 -0.931957157303682 -0.75579217237767959 0.95848294868488915 36.500000000000007 0.97648852793709995 0.83730377313544024 1.0088113852041749 0.996650617395615 64.700000000000017 0.53312596302726967 0.96465729447553372
decision_type=2 2 2 2 2 2 2 2 2 2 2 2 2 2 2 2 2 2 2 2 2 2 2 2 2 2 2 2 2 2
left_child=1 2 -1 4 11 9 7 21 10 12 -2 -4 15 -14 19 20 -13 -11 -19 -15 -6 -7 -20 24 28 26 -5 -28 -21 -8
right_child=8 -3 3 25 5 6 29 -9 -10 17 -12 16 13 14 -16 -17 -18 18 22 23 -22 -23 -24 -25 -26 -27 27 -29 -30 -31
leaf_value=0.049236837282720214 -0.034129230022934963 0.045532926568216753 0.050636268360939124 0.056031798042453743 0.078178595218411917 0.05733901548185627 0.0059104962637629372 0.02954659483238178 0.050958394784734178 0.030245461429607764 0.04155871482274353 -0.033451445692544914 -0.027605456248194417 -0.047791076335071202 -0.054188426705168193 -0.051904271873611546 0.054317867046831995 -0.0047180426754563614 0.031755275465824268 0.049680418634520357 -0.049583345649984151 -0.05062463586046282 -0.034645413022808394 -0.05717384000780195 0.10087111548446588 0.036421587925254927 -0.044412897475118354 0.022730815957401923 -0.057373125982018817 0.048765986469428362
leaf_weight=3159.176200946793 353.29292694106698 5077.65076187253 180.46060768887401 612.69131118431687 366.50704994425178 82.229665828868747 1430.71479758434 621.60024083033204 18221.520897254348 3856.5429361909628 440.66754792630672 2799.3717002263293 1651.9123066291213 134.98564833216369 186.51268204860389 106.65719942748547 138.32492355350405 2839.9996848031878 2239.0705473981798 250.06633270904422 68.682166669517756 2411.4428931772709 227.09378138184547 75.045074716210365 279.29652410745621 2899.0742681240663 670.08693121094257 466.07336927391589 97.78680244833231 579.39321745932102
leaf_count=9228 2821 13658 627 835 446 720 5148 1009 20329 24875 1243 64202 32080 1401 2125 1031 457 28214 4359 2900 1245 81237 694 1590 794 5067 9456 1753 1615 972
internal_value=0.0277539 0.0156065 0.0102617 0.00538945 0.000749013 0.00528056 -0.0121525 -0.031778 0.0491597 0.0124979 0.00787944 -0.0246914 -0.00365282 -0.0117597 0.0138103 0.0363785 -0.0293187 0.0181691 0.00939196 0.0289595 0.058015 -0.0470645 0.0256408 0.0437135 0.0557858 0.0259799 0.00867079 -0.0168693 0.019586 0.0182632
internal_weight=52523.9 33508.4 28430.8 25271.6 20623.7 17505.5 5125.38 3115.27 19015.5 12380.2 793.96 3118.16 3217.45 2675.61 1023.69 541.846 2937.7 9162.71 5306.16 837.18 435.189 2493.67 2466.16 702.195 627.15 4647.93 1748.85 1136.16 347.853 2010.11
internal_count=322131 297738 284080 274852 257741 192455 89086 82966 24393 103369 4064 65286 45227 42505 10425 2722 64659 58142 33267 8300 1691 81957 5053 6899 5309 17111 12044 11209 4515 6120
is_linear=0
shrinkage=0.05


Tree=41
num_leaves=31
num_cat=0
split_feature=6 4 4 3 16 15 9 0 17 17 9 0 4 4 0 3 4 15 16 0 8 9 15 9 7 3 17 9 16 3
split_gain=5256.25 2024.76 1978.51 866.936 1407.75 675.229 576.581 552.479 532.029 485.245 859.616 451.988 407.329 395.476 723.507 540.419 657.969 384.473 572.701 474.665 514.645 498.749 375.504 357.156 335.42 323.019 308.503 381.603 293.859 291.961
threshold=11.500000000000002 0.012333333333333451 -0.017666666666664149 1.0099738785011947 -0.89015004145349408 0.021814885034560652 85.100000000000009 1.0070708444246657 0.95936279103287792 0.38043945030393422 2.1000000000000005 0.99810452203403333 0.0020000000000006506 0.00066666666666745009 11.104767921266129 5.8901285535117065 -0.0020000000000001995 0.99993812531908921 0.28519915169571858 0.95848294868488915 86.300000000000026 93.700000000000003 -0.19509032201612839 0.50000000000000011 1.1000000000000003 0.99576711915711003 0.14888728888808322 43.900000000000006 0.40614137006726808 1.0043481214957137
decision_type=2 2 2 2 2 2 2 2 2 2 2 2 2 2 2 2 2 2 2 2 2 2 2 2 2 2 2 2 2 2
left_child=1 2 26 4 9 8 13 12 -6 10 11 -4 -2 14 15 16 28 18 24 -20 -21 -22 -15 -11 -7 -26 27 -1 -5 -25
right_child=7 -3 3 6 5 17 -8 -9 -10 23 -12 -13 -14 22 -16 -17 -18 -19 19 20 21 -23 -24 29 25 -27 -28 -29 -30 -31
leaf_value=-0.050846980981177528 -0.033029021935363403 0.047075076563382834 -0.028690192161935697 0.036938449689767491 -0.038909555351388715 -0.0055276478828960507 0.037845701224122355 0.050289055979007347 0.0035126671807717406 0.0089534430413313014 -0.017214618968327041 0.038733925638616301 0.039345161559727365 -0.07720553358259076 0.054230878662185004 -0.10807740958109054 -0.029199551388197294 0.038313634529838485 0.083582489020326681 -0.043883360217458006 0.10969323722013057 -0.035313739306399035 0.02568130687033493 0.059344295894148559 0.062132932880282446 0.0092512064118816534 0.053853949295267059 0.054668830197377463 -0.02162958297510964 -0.025211499402262146
leaf_weight=166.23398493044078 346.97167308628559 4296.44167448394 287.58199336379766 827.47882198542356 2971.6097594192252 2763.7699689371511 2647.1210355442017 17557.720462519675 983.74288969580084 712.43924319371581 1826.8272517044097 1831.9846098106354 442.14669425413013 91.344578512944281 480.73636703193188 139.74432291835546 1461.4738459531218 536.5061633400619 90.402170173823833 1611.1997721819207 115.07316796481609 122.34391887485981 3042.1352603547275 1269.3670801967382 405.08963468298316 1005.6982555631548 2723.4694902133197 176.84342156350613 288.95849805884063 111.01718971133232
leaf_count=5181 2821 10886 2790 2254 99397 47469 4556 20329 16895 2884 10492 3980 1243 1285 420 609 10237 1624 542 55138 86 609 5608 1537 1275 6020 3763 284 1557 360
internal_value=0.0269962 0.0150641 0.0102703 0.00572799 -0.00102692 -0.0119998 0.0182498 0.0484496 -0.0283586 0.0182425 0.00792142 0.0295858 0.00752257 0.0100575 -0.00231088 -0.0123128 -0.00712152 -0.00226987 -0.00583133 -0.0282857 -0.0337563 0.0349694 0.022682 0.0377048 0.00459837 0.0244355 0.0482252 0.00354243 0.0217798 0.0525439
internal_weight=51333.5 32986.6 28690.2 25623.6 16644.7 10605.4 8978.99 18346.8 3955.35 6039.22 3946.39 2119.57 789.118 6331.87 3198.39 2717.66 2577.91 6650.08 6113.58 1939.02 1848.62 237.417 3133.48 2092.82 4174.56 1410.79 3066.55 343.077 1116.44 1380.38
internal_count=322131 297738 286852 277624 251098 229055 26526 24393 116292 22043 17262 6770 4064 21970 15077 14657 14048 112763 111139 56375 55833 695 6893 4781 54764 7295 9228 5465 3811 1897
is_linear=0
shrinkage=0.05


Tree=42
num_leaves=31
num_cat=0
split_feature=0 16 6 16 9 5 5 6 16 5 5 17 9 0 8 3 4 15 0 4 9 9 0 15 15 17 4 17 4 16
split_gain=5078.53 1482.37 1186.64 1269.01 1032.85 734.295 951.661 692.01 573.204 534.496 790.983 757.351 729.513 452.113 451.817 443.613 424.49 406.929 388.72 365.412 356.774 346.859 359.916 692.64 346.258 303.164 291.038 290.02 333.775 293.406
threshold=1.1488460855671934 -0.89015004145349408 0.50000000000000011 0.28519915169571858 143.70000000000002 -0.0052000000000004994 0.0014666666666666502 19.900000000000002 -0.67166439702596292 0.0048000000000007004 -0.0032000000000000999 0.36447543099728857 1.3000000000000003 0.99813027130694076 2.3000000000000007 0.9701085457212103 0.013000000000000051 0.99999524036036724 0.99810452203403333 0.0060000000000000513 0.50000000000000011 48.100000000000009 4.6460248763456509 0.98442422532924956 -0.61734245059638992 0.45847758937963173 -0.0039999999999998492 0.47369649395226454 0.0070000000000000505 0.17646842360078757
decision_type=2 2 2 2 2 2 2 2 2 2 2 2 2 2 2 2 2 2 2 2 2 2 2 2 2 2 2 2 2 2
left_child=1 9 3 5 15 25 14 16 -4 10 -1 12 18 -8 27 -5 21 -17 -12 -10 -13 22 23 -2 -14 -3 -16 29 -29 -7
right_child=7 2 8 4 -6 6 13 -9 19 -11 11 20 24 -15 26 17 -18 -19 -20 -21 -22 -23 -24 -25 -26 -27 -28 28 -30 -31
leaf_value=0.053977002712276782 -0.038172146563727381 -0.052402034899292009 -0.078862137868168619 0.051077771081701653 0.040439074385514043 -0.046969043330506437 -0.022982008724490341 0.053997820398244967 0.017744904413497138 0.056805704206285758 -0.030244080769958433 0.0049800247371580841 -0.061708428168120458 0.039651726467426221 0.045817818458195485 -0.046612949995775539 0.055429607896238686 0.032048855880987014 0.034967723363465118 0.043595023163889517 0.047004827540917206 0.039768185344450098 0.040008795238870389 0.026301565676194506 -0.0083409888706769495 0.054424138631576628 0.0014524175729950593 -0.011498055370510971 0.058476795489239931 0.0098702244730258723
leaf_weight=1814.6141500901431 680.18296112120152 71.423581755720079 137.69743290916085 133.39673916716129 481.5574563620612 1082.3372289286926 339.25058401096612 11845.194267466664 5560.3674288205802 1534.995010163635 267.68172034993768 666.96690871939063 371.2792270667851 1911.5970646645874 503.47653050348163 2857.2443053703755 1803.7117067947984 174.44909291900694 1562.0079106427729 1812.7917221821845 2080.1614445447922 2793.8844950273633 913.8398967012763 1074.8107854425907 1675.7881026789546 946.97435780242085 1390.7961985729635 3202.955381331034 179.99266234226525 287.31607463862747
leaf_count=2052 2414 2487 1500 1433 1607 31720 4452 13871 18236 1592 2718 2850 3377 9041 1458 120898 1922 730 3651 2636 3213 3402 1069 1555 8449 1222 8742 55670 332 7832
internal_value=0.0262678 0.0137852 0.00626915 -0.00256024 -0.0277807 0.00671456 0.00211142 0.0465459 0.0222129 0.0296665 0.0247297 0.0167174 0.0024854 0.0302115 -0.00740418 -0.0381601 0.0343984 -0.0420866 0.0254273 0.0241005 0.0368018 0.0274542 0.0145632 0.00131349 -0.0180203 0.0469321 0.0132442 -0.0156341 -0.00777498 -0.0350457
internal_weight=50158.7 31047.1 21073.6 13562.8 3646.65 9916.12 8897.72 19111.6 7510.86 9973.49 8438.5 6623.89 3876.76 2250.85 6646.87 3165.09 7266.43 3031.69 1829.69 7373.16 2747.13 5462.72 2668.83 1754.99 2047.07 1018.4 1894.27 4752.6 3382.95 1369.65
internal_count=322131 297898 269996 247624 124668 122956 119247 24233 22372 27902 26310 24258 18195 13493 105754 123061 10362 121628 6369 20872 6063 8440 5038 3969 11826 3709 10200 95554 56002 39552
is_linear=0
shrinkage=0.05


Tree=43
num_leaves=31
num_cat=0
split_feature=0 5 4 15 6 9 3 9 16 17 16 7 2 16 8 15 4 5 5 4 9 4 6 0 17 6 17 17 9 14
split_gain=4882 1424.44 1724.27 768.306 697.49 519.932 505.669 559.453 523.772 471.972 452.958 719.998 469.117 444.009 422.058 493.713 419.427 376.881 480.569 339.733 328.75 305.957 297.099 293.916 341.842 562.037 290.943 286.543 281.272 280.689
threshold=1.1488460855671934 -0.0052000000000004994 0.0061666666666667508 -0.27982901403099208 19.900000000000002 176.30000000000004 1.025093519844398 97.700000000000003 -0.84772008488809492 0.063390085881955258 0.28519915169571858 1.0000000180025095e-35 0.95856285463081103 0.98213580174693116 50.500000000000007 0.99980486111815037 0.013000000000000051 0.00099999999999985018 4.4444444444427716e-05 -0.0019374999999990498 57.300000000000011 0.0013333333333331503 1.7000000000000004 0.99766477902175665 0.14888728888808322 1.3000000000000003 -0.6391983530350368 0.95936279103287792 0.50000000000000011 -0.11969653353600833
decision_type=2 2 2 2 2 2 2 2 2 2 2 2 2 2 2 2 2 2 2 2 2 2 2 2 2 2 2 2 2 2
left_child=1 9 3 6 16 10 8 -8 -3 -1 17 12 -12 14 15 22 20 18 -5 -20 -2 -19 -13 -4 25 -25 -7 -10 -23 -15
right_child=4 2 23 5 -6 26 7 -9 27 -11 11 13 -14 29 -16 -17 -18 21 19 -21 -22 28 -24 24 -26 -27 -28 -29 -30 -31
leaf_value=-0.037612099129905742 0.016996073759972325 0.00053698821932832272 -0.0010712298051681118 0.013691081797157426 0.053568743911828733 -0.10338954416731178 -0.044105246094808002 0.048782359747743212 -0.042392551910729062 0.053975968767976404 0.065169848662995328 -0.062647754128941552 -0.048369890991068296 -0.080633444174119745 0.030240516874717467 0.030372294578340831 0.054976386456555497 0.055602490286356249 0.04068946644215863 -0.024474893327752906 0.042562658245964155 -0.055450498516231163 -0.014713952353405953 -0.024187280978111476 0.045411010585319121 0.043023776617183401 0.046240445269597766 -0.0046816610561545499 0.024554067260767427 0.048510100306714203
leaf_weight=149.23122364003211 3329.246820807457 2027.707623232156 528.49601578339934 7351.8172512724996 11355.469188034534 33.478062897920609 221.84513387084007 601.93267317861319 2037.8491051150486 2449.7264614589512 98.95413485262543 454.16992860659957 1128.3304615709931 44.886784549802542 681.0673742890358 459.49696245789528 1729.5303678661585 824.23486724402755 231.15241836570203 1484.6928889518604 2020.4144265651703 126.02004222199321 1121.5458457879722 523.66920567676425 3918.5849263034761 766.07029782608151 1097.4341595042497 669.12578745931387 856.6762184035033 671.56913975067437
leaf_count=5410 6032 11327 4228 55104 13871 341 1970 686 80080 3763 627 5999 59485 602 1849 636 1922 1890 1200 19480 2408 3199 4077 7294 7132 920 1922 13223 4527 927
internal_value=0.0255683 0.0133098 0.0100187 0.00371022 0.0458896 0.00907922 -0.0123873 0.0237675 -0.0186778 0.048717 0.00669636 -0.00634615 -0.0392154 0.00540537 -0.00382998 -0.0152314 0.0335719 0.0122854 0.00813022 -0.0156962 0.0266518 0.0331371 -0.02853 0.034457 0.0380621 0.0157343 0.041811 -0.033071 0.0142944 0.0404191
internal_weight=48994.4 30559.8 27960.8 22224 18434.7 16665.5 5558.46 823.778 4734.68 2598.96 15534.6 4660.02 1227.28 3432.74 2716.28 2035.21 7079.19 10874.6 9067.66 1715.85 5349.66 1806.93 1575.72 5736.82 5208.32 1289.74 1130.91 2706.97 982.696 716.456
internal_count=322131 297898 288725 269151 24233 161865 107286 2656 104630 9173 159602 74202 60112 14090 12561 10712 10362 85400 75784 20680 8440 9616 10076 19574 15346 8214 2263 93303 7726 1529
is_linear=0
shrinkage=0.05


Tree=44
num_leaves=31
num_cat=0
split_feature=6 4 4 2 16 15 5 15 0 5 9 3 14 9 8 9 3 17 4 0 3 4 4 1 15 16 17 17 14 17
split_gain=4699.85 1892.1 1761.33 797.627 1136.05 658.502 594.791 686.932 525.722 520.705 477.946 442.5 598.046 505.434 416.381 402.937 400.233 385.482 384.217 606.313 749.829 692.246 342.122 317.959 312.99 291.92 264.738 531.224 380.171 344.606
threshold=13.700000000000001 0.012333333333333451 -0.017666666666664149 1.0137336621711623 0.28519915169571858 0.99381409694945366 -0.0052000000000004994 -0.087155742747658083 1.0075288213152265 0.0048000000000007004 94.700000000000003 0.99102374034563412 -0.70710678118654735 20.300000000000004 66.700000000000017 1.3000000000000003 0.99809911741234281 -0.46800559042974538 0.00066666666666745009 11.104767921266129 5.8901285535117065 -0.0020000000000001995 0.0020000000000006506 1.0019052156355637 -0.20576496797711566 0.45273815774107123 0.85561368268953431 0.83730377313544024 0.55738156824517471 0.96849880583763492
decision_type=2 2 2 2 2 2 2 2 2 2 2 2 2 2 2 2 2 2 2 2 2 2 2 2 2 2 2 2 2 2
left_child=1 2 -1 4 6 14 -4 9 22 11 18 12 -8 -14 -6 16 -13 -16 19 20 21 25 -2 -18 -20 -5 27 28 -9 -28
right_child=8 -3 3 10 5 -7 7 26 -10 -11 -12 15 13 -15 17 -17 23 -19 24 -21 -22 -23 -24 -25 -26 -27 29 -29 -30 -31
leaf_value=0.046627820727517359 -0.033691302949268302 0.045388561769346802 0.053195938996514675 0.038530271442900305 -0.045968788961930893 0.012799171843792667 0.077319900626381291 0.019264849028517415 0.049640894985572288 0.054557478208268562 0.03858357227365207 -0.056502996922658283 -0.062340664396099588 0.052136575667886313 0.066897589372064678 -0.040773187053782654 0.013437094563847722 -0.047928223657564606 -0.078238301394540133 0.049806390558341837 -0.11712264227612973 -0.027481022359521254 0.035438311763187277 -0.056815247164929777 0.02549866631859396 -0.016795762458385891 -0.047102497965295496 0.069712912822824505 -0.0095422018341467275 0.0069265023699211243
leaf_weight=2858.8597709778696 309.56090070679784 4197.9937158171088 622.67472477536649 896.07615696918219 2333.0714981509373 805.56735649611801 272.97896547615528 4760.7196225365624 14693.21802572906 271.44873340986669 2062.8649675343186 332.37410661485046 250.7399644125253 156.66303804703057 167.73895913735032 1778.3021719269454 1250.2709633251652 129.53534566611052 74.403764052316546 497.80490510910749 154.56587424874306 1426.4057288654149 424.27011823281646 184.87632605712861 3196.8188328063115 324.85606425069273 396.69509874936193 431.12999931722879 1508.1184067642316 1152.6799337612465
leaf_count=9328 2458 11207 1391 2003 112254 4974 1353 31865 18881 597 3309 9332 5105 434 367 26347 16947 913 939 491 689 8714 1128 4289 5600 1369 8121 1042 15449 15235
internal_value=0.0248526 0.0140641 0.00941714 0.00523543 -0.00111043 -0.0267542 0.00547982 0.00314895 0.0475781 -0.0125706 0.0175876 -0.0168822 0.0200524 -0.0183195 -0.0388677 -0.0239693 -0.00706295 0.016863 0.0109961 -0.00104207 -0.0100761 -0.0038262 0.00627652 0.00438716 0.0231392 0.0238096 0.0117195 0.0160268 0.0123346 -0.00690684
internal_weight=47923.3 32496.2 28298.2 25439.4 16805.6 3435.91 13369.7 12747 15427 4497.65 8633.8 4226.21 680.382 407.403 2630.35 3545.82 1767.52 297.274 6570.93 3299.71 2801.9 2647.34 733.831 1435.15 3271.22 1220.93 8249.34 6699.97 6268.84 1549.38
internal_count=322131 299664 288457 279129 256015 118508 137507 136116 22467 64404 23114 63807 6892 5539 113534 56915 30568 1280 19805 13266 12775 12086 3586 21236 6539 3372 71712 48356 47314 23356
is_linear=0
shrinkage=0.05


Tree=45
num_leaves=31
num_cat=0
split_feature=6 4 4 2 16 15 16 17 9 0 9 4 1 5 0 0 9 4 15 3 9 4 17 1 7 3 17 8 8 8
split_gain=4537.55 1851.28 1675.19 819.89 1057.54 675.025 584.527 451.107 440.743 434.973 385.393 360.493 513.541 405.338 353.303 327.057 396.776 301.528 299.188 295.327 576.309 455.23 331.371 289.579 281.394 383.875 279.444 356.67 302.342 381.671
threshold=15.500000000000002 0.012333333333333451 -0.017666666666664149 1.0137336621711623 -0.84772008488809492 0.55738156824517471 -0.031173458710879145 0.95936279103287792 85.100000000000009 1.0075288213152265 19.100000000000005 0.00066666666666745009 14.285139964264445 -0.0010000000000001997 0.99813027130694076 1.0020836434454703 179.10000000000005 0.0020000000000006506 -0.19509032201612839 5.8901285535117065 18.900000000000002 -0.0097142857142836977 -0.9497838742125716 1.0016621650416269 1.1000000000000003 0.99526741164127275 -0.95502570686053045 1.0000000180025095e-35 62.500000000000007 6.3000000000000016
decision_type=2 2 2 2 2 2 2 2 2 2 2 2 2 2 2 2 2 2 2 2 2 2 2 2 2 2 2 2 2 2
left_child=1 2 -1 4 15 6 7 24 11 17 14 12 13 -5 -9 -4 -17 -2 -13 21 -21 -15 -23 -16 -6 -26 27 -7 29 -28
right_child=9 -3 3 8 5 26 -8 10 -10 -11 -12 18 -14 19 23 16 -18 -19 -20 20 -22 22 -24 -25 25 -27 28 -29 -30 -31
leaf_value=0.045774875896404811 -0.031050697725877596 0.044647628668791448 0.017659863840501486 0.04399273689522383 -0.037920408960807568 -0.051490209391525793 -0.044024166340498438 -0.054598097539968055 0.036576245158427459 0.049970049419709707 -0.051955007296653789 -0.076855381780408114 0.057395746139467865 0.049660835859679557 0.049149767475465456 -0.043284641109284011 0.043313952093925072 0.036422320767631959 0.025206580818579977 0.044909435021226261 -0.10664704624035085 0.0073603921428033355 -0.033062829586381563 -0.050526093834725685 0.066962181999246889 -0.022636166375301282 -0.00023035780964221248 0.042565335500246798 0.030474932280575653 -0.040174382366084935
leaf_weight=2849.0278250165284 277.56407191231847 4283.1301177032292 6141.4468687605113 345.47604979760945 1283.2276584580541 118.14038182329386 2150.4097506729886 113.66674764640629 2280.9622017778456 13334.154794402421 179.17648367583752 73.453136276453733 345.1827184855938 302.07764969393611 746.18216945230961 478.5160831399262 182.80017092823982 410.40627242997289 3200.560362235643 90.096854537725449 206.47387646883726 876.29172751586884 1202.9587955744937 80.751992939040065 171.06928727589548 396.90305053628981 2731.7781499698758 686.51381363719702 564.00111167319119 765.64686128310859
leaf_count=9405 2198 11468 24056 802 33794 5510 108496 2042 3734 17745 2977 947 300 345 3881 3566 254 1055 5628 103 863 3659 7282 1209 584 4637 54274 2625 1521 7171
internal_value=0.0241588 0.0139938 0.00939712 0.00536654 -0.00114232 -0.0114986 -0.0241693 -0.00979819 0.0176134 0.0479697 0.0152526 0.0111018 -0.000381503 -0.00697801 0.0280551 0.0140623 -0.0193472 0.00920009 0.0229168 -0.0135538 -0.0606049 -0.007694 -0.0160266 0.0394162 -0.0249512 0.00435023 0.00183676 0.028756 -0.0034965 -0.0089748
internal_weight=46868 32845.9 28562.8 25713.8 16790.2 9987.47 5121.39 2970.98 8923.53 14022.1 1119.78 6642.57 3368.56 3023.37 940.601 6802.76 661.316 687.97 3274.01 2677.9 296.571 2381.33 2079.25 826.934 1851.2 567.972 4866.08 804.654 4061.43 3497.43
internal_count=322131 301133 289665 280260 256597 228721 157620 49124 23663 20998 10109 19929 13354 13054 7132 27876 3820 3253 6575 12252 966 11286 10941 5090 39015 5221 71101 8135 62966 61445
is_linear=0
shrinkage=0.05


Tree=46
num_leaves=31
num_cat=0
split_feature=0 5 4 6 5 8 16 16 9 4 4 1 15 17 16 9 16 14 1 14 4 7 0 0 3 17 8 4 4 0
split_gain=4393.01 1249.39 1415.82 720.775 678.221 726.393 1026.92 469.795 417.333 411.838 402.457 386.666 346.47 381.928 489.817 342.099 341.33 336.749 399.201 324.442 325.571 288.424 287.709 297.042 370.092 278.774 652.02 411.408 493.158 352.341
threshold=1.1488460855671934 -0.0052000000000004994 0.0061666666666667508 20.500000000000004 0.0016000000000005001 1.0000000180025095e-35 -0.70898476237405783 -0.031173458710879145 85.100000000000009 0.013000000000000051 0.0019999999999988504 1.0043695230628769 0.75327469385087487 -0.95502570686053045 0.98213580174693116 48.100000000000009 -0.52032787705993211 0.17579586157038604 5.7200929551022286 0.065403129230143062 -0.010000000000001249 38.500000000000007 1.0008158270484373 0.99995934132953879 0.98149906277050636 0.14888728888808322 1.3000000000000003 0.016333333333334452 0.0079999999999990513 0.99846350822190333
decision_type=2 2 2 2 2 2 2 2 2 2 2 2 2 2 2 2 2 2 2 2 2 2 2 2 2 2 2 2 2 2
left_child=1 7 4 9 5 6 19 -1 12 15 -6 -12 16 -14 -15 17 -7 -2 21 22 -21 -19 23 24 -3 26 -4 28 -27 -30
right_child=3 2 25 -5 10 8 -8 -9 -10 -11 11 -13 13 14 -16 -17 -18 18 -20 20 -22 -23 -24 -25 -26 27 -28 -29 29 -31
leaf_value=0.052544593518699147 0.02626558265558886 0.051271394601823575 -0.038292534491694716 0.052662003897259113 0.060174598741569489 0.0050328982643481988 -0.028683464617373727 -0.03843410082111437 0.02396047086315739 0.053647235366802631 -0.027922800321377311 0.043071179167268367 0.036417998018886809 -0.0045611251737724791 0.045892527150564154 0.037299949998047255 -0.028056631297035124 -0.065852365376996208 0.025732671338673348 0.051161393472109712 -0.014598903407833878 0.0064713672987431652 -0.02146266273535757 0.044270795820057711 -0.013014391104811708 0.071575665478910908 0.03487923771456946 0.052348944993660974 -0.047346243423951433 0.01818024003519159
leaf_weight=2206.6947030238807 1556.1842725425959 322.51305460743606 435.44473100453615 9812.1992886066437 779.83269427902997 1695.7789791077375 4061.3382901893929 151.64670279435813 3274.0997371636331 1603.9555651918054 366.84054299816489 401.93318248633295 1143.0669892150909 3085.6898666992784 569.89207550697029 2642.6438363194466 1442.1327720666304 355.8156318962574 429.73528097569942 207.97062517516315 1981.5482674725354 225.03389289230108 388.87223445624113 1043.7173856999725 732.07485601399094 359.45685692131519 1012.0194813776761 2276.6815073229373 254.48848453909159 1058.1454595737159
leaf_count=4375 2461 838 8812 13510 2602 11031 165607 4798 9135 2012 7764 1282 2608 14729 1046 3529 21241 1561 632 231 16936 528 3584 2558 7959 330 1787 3530 1910 3205
internal_value=0.0234638 0.0117994 0.00873942 0.0439868 0.0029916 0.000517156 -0.0102899 0.0466945 0.0089406 0.0314933 0.0348666 0.00919454 0.0027444 0.0111923 0.00330442 0.0246722 -0.0101745 0.0116712 -0.0108024 0.00568345 -0.00835269 -0.0378326 0.0180398 0.0253606 0.00664543 0.0316374 0.0128668 0.0385179 0.0196859 0.00547621
internal_weight=45877.4 29251.9 26893.5 16625.6 21497.3 19948.7 8738.03 2358.34 11210.7 6813.37 1548.61 768.774 7936.56 4798.65 3655.58 5209.41 3137.91 2566.77 1010.58 4676.7 2189.52 580.85 2487.18 2098.31 1054.59 5396.24 1447.46 3948.77 1672.09 1312.63
internal_count=322131 297898 288725 24233 269151 257503 197713 9173 59790 10723 11648 9046 50655 18383 15775 8711 32272 5182 2721 32106 17167 2089 14939 11355 8797 19574 10599 8975 5445 5115
is_linear=0
shrinkage=0.05


Tree=47
num_leaves=31
num_cat=0
split_feature=6 4 4 2 16 15 15 8 0 9 9 0 1 3 9 14 0 3 5 5 9 8 8 3 0 9 7 4 0 17
split_gain=4225.28 1656.61 1510.07 725.689 998.225 714.355 607.581 446.063 429.494 381.396 347.51 323.359 299.702 509.561 543.593 369.819 300.718 778.086 299.31 315.64 342.852 427.684 467.223 413.645 484.935 601.311 436.6 434.949 348.08 309.016
threshold=15.500000000000002 0.012333333333333451 -0.017666666666664149 1.0269522662537518 0.28519915169571858 0.98995972778062036 -0.58244304235731414 66.700000000000017 1.0075288213152265 93.700000000000003 108.10000000000001 1.0032834420766714 14.285139964264445 5.8901285535117065 18.900000000000002 -0.94331137514050689 3.3470717486838102 2.9090518415140587 0.0048000000000007004 -0.0052000000000004994 84.100000000000009 14.700000000000001 14.500000000000002 1.0011795570603794 0.99995934132953879 33.70000000000001 0.50000000000000011 -0.00048999999999974986 0.95848294868488915 0.39629089145655316
decision_type=2 2 2 2 2 2 2 2 2 2 2 2 2 2 2 2 2 2 2 2 2 2 2 2 2 2 2 2 2 2
left_child=1 2 -1 4 6 7 11 -6 -2 -9 12 -4 13 15 -15 -5 17 -17 19 -8 21 22 23 24 25 28 -25 -26 -21 -27
right_child=8 -3 3 10 5 -7 18 9 -10 -11 -12 -13 -14 14 -16 16 -18 -19 -20 20 -22 -23 -24 26 27 29 -28 -29 -30 -31
leaf_value=0.044326776797262379 0.0081466577117967603 0.043019446723734645 -0.0086283898838944093 -0.076801735054060405 -0.046146307955521659 0.009024410693015357 0.052516213913892919 0.061213018198550323 0.04895220501629384 -0.04018958782094089 0.041885330824451318 -0.060268937369591519 0.05655862625808248 0.045511868174804154 -0.092647691001210633 0.016409456285763332 0.050524915462974579 -0.077141312912736001 0.052483532430191826 0.031529087920683541 0.028381351987280062 -0.037962493278984835 0.10582059848638731 -0.03882014339266384 -0.015120251763469037 -0.061536031855798236 0.016053561099217788 0.036333774554097101 -0.015901918543995034 0.065710338572841587
leaf_weight=2683.5302616693079 680.42099976539612 4017.7292647622526 2571.9640815733001 109.86338558420539 2257.6433709077537 1180.8894515521824 406.63203669153154 194.8643994666636 12335.065830651671 176.91973094083369 1268.1546271964908 343.64350712765008 372.71504062414169 103.23154833912849 229.41601926088333 4482.9003208139911 560.00984534621239 233.86084653437138 417.26145236566663 451.4917610315606 1662.0841117901728 578.09224126860499 116.84701179340482 960.76693142298609 504.69731966499239 53.817773361690342 582.11798176728189 2205.5605498515069 2699.8922869395465 420.57079812977463
leaf_count=9405 3253 11468 37353 619 113976 6855 970 558 17745 857 1590 6198 348 118 907 10259 605 1055 866 2404 5290 5092 118 16306 6073 860 2456 10865 46211 1451
internal_value=0.0228163 0.0130067 0.00867375 0.00486891 -0.000595188 -0.0232808 0.0055899 -0.0377892 0.046819 0.0129589 0.0180729 -0.0147149 0.0131159 0.0102848 -0.0497722 0.0139936 0.015884 0.0117711 0.0109427 0.009314 0.00759775 0.00356875 0.00657145 0.00509955 0.0107529 -0.00120643 -0.0181167 0.0267521 -0.00910658 0.0512747
internal_weight=44862.7 31847.2 27829.4 25145.9 17785.8 3810.32 13975.4 2629.43 13015.5 371.784 7360.15 2915.61 6092 5719.28 332.648 5386.63 5276.77 4716.76 11059.8 10642.6 10235.9 8573.85 7995.76 7878.92 6336.03 3625.77 1542.88 2710.26 3151.38 474.389
internal_count=322131 301133 289665 280260 264759 122246 142513 115391 20998 1415 15501 43551 13911 13563 1025 12538 11919 11314 98962 98096 97126 91836 86744 86626 67864 50926 18762 16938 48615 2311
is_linear=0
shrinkage=0.05


Tree=48
num_leaves=31
num_cat=0
split_feature=0 5 4 6 5 4 7 16 17 17 1 4 9 4 16 9 16 16 15 8 0 0 16 5 1 9 17 8 4 4
split_gain=4063.92 1137.2 1244.03 730.832 631.525 649.339 639.209 938.896 520.547 473.137 442.74 406.398 331.099 316.733 299.154 290.827 330.156 324.422 344.247 321.511 283.927 464.866 408.812 390.213 359.984 312.145 274.442 598.807 392.137 462.601
threshold=1.1488460855671934 -0.0052000000000004994 0.0061666666666667508 20.500000000000004 0.0012000000000003503 0.00066091954022980007 1.0000000180025095e-35 -0.52032787705993211 0.029024409397335454 0.063390085881955258 1.0043695230628769 0.013000000000000051 70.700000000000017 -0.005999999999998399 -0.54939360607974019 85.100000000000009 0.98213580174693116 0.62587949062545845 -0.20576496797711566 8.5000000000000018 1.0220285415295292 1.0019126294656899 -0.70898476237405783 1.0000000180025095e-35 0.99995934132953879 1.1000000000000003 0.14888728888808322 1.3000000000000003 0.016333333333334452 0.0079999999999990513
decision_type=2 2 2 2 2 2 2 2 2 2 2 2 2 2 2 2 2 2 2 2 2 2 2 2 2 2 2 2 2 2
left_child=1 9 4 11 6 -6 7 8 -3 -1 -7 12 -2 -9 20 16 17 18 -8 -17 21 22 23 24 -10 -26 27 -4 29 -28
right_child=3 2 26 -5 5 10 15 13 14 -11 -12 -13 -14 -15 -16 19 -18 -19 -20 -21 -22 -23 -24 -25 25 -27 28 -29 -30 -31
leaf_value=-0.03857692945604059 0.01743365176550616 -0.059026394339600288 -0.037937243392678788 0.051955136206343212 0.059790616091448125 -0.025988671677091364 -0.026502050352767578 0.0058724897161245302 0.0012380754598388078 0.051784522549668581 0.036437144379092498 0.052934726240943364 0.052264618022974767 -0.032121070915334934 0.063582764521536717 -0.036329626517129718 0.039625515295795249 -0.021785591150183262 0.012925106409288945 0.029552256635511254 0.046828326942570685 -0.046812425574018976 -0.056035016133134198 -0.01997982506152636 0.049463397806972696 0.0069585421279052852 0.069887437187860099 0.03274259633983103 0.051237387252909744 0.0048420148442485968
leaf_weight=155.87586727365851 4179.2163611501455 309.58191793039441 430.80915724113584 9025.055468082428 931.80599770415574 600.92702942341566 654.53367847576737 645.02076804731041 1733.0453030522913 2050.6064872248098 538.59280256554484 1482.1273026913404 815.4071244597435 3667.5644788723439 228.61073199100792 201.48740544356406 586.54146431013942 1289.8522164393216 3591.2352594397962 2288.6656506452709 381.26642369106412 443.5895975176245 245.58862693049014 859.92649371549487 1119.634057322517 703.23037832416594 347.03153767064214 984.40138676390052 2122.3773911856115 1287.3574671959504
leaf_count=5410 7747 10609 8812 13510 3332 13378 7089 12666 10948 3763 1997 2012 964 151984 955 1184 1529 9146 15246 5195 758 4640 5351 7883 2252 3009 330 1787 3530 5115
internal_value=0.0221677 0.0109283 0.0080243 0.0427582 0.00261924 0.0288321 -0.00024605 -0.0086282 0.00412119 0.045401 0.00351682 0.0299428 0.02312 -0.0264385 0.00754197 0.00981475 0.00395488 0.000175305 0.00684696 0.0242215 0.00520677 0.00209828 0.00675271 0.0102447 0.0175539 0.0330657 0.0299924 0.0112267 0.0370616 0.0186532
internal_weight=43901 28399.2 26192.7 15501.8 21020.7 2071.33 18949.4 10337.1 6024.47 2206.48 1139.52 6476.75 4994.62 4312.59 5714.89 8612.32 6122.16 5535.62 4245.77 2490.15 5486.28 5105.01 4661.42 4415.84 3555.91 1822.86 5171.98 1415.21 3756.77 1634.39
internal_count=322131 297898 288725 24233 269151 18707 250444 211055 46405 9173 15375 10723 8711 164650 35796 39389 33010 31481 22335 6379 34841 34083 29443 24092 16209 5261 19574 10599 8975 5445
is_linear=0
shrinkage=0.05


Tree=49
num_leaves=31
num_cat=0
split_feature=6 4 4 2 16 15 15 0 8 9 5 4 1 3 4 7 9 0 17 9 5 5 9 8 8 1 1 9 17 7
split_gain=3912.98 1476.44 1355.74 629.168 886.126 661.915 536.006 430.89 410.44 348.581 343.501 342.754 406.791 436.967 500.835 338.285 443.458 299.176 290.186 344.532 269.701 285.166 300.721 394.761 412.52 378.783 588.325 506.28 577.378 352.381
threshold=15.500000000000002 0.012333333333333451 -0.017666666666664149 1.0269522662537518 0.28519915169571858 0.98995972778062036 -0.58244304235731414 1.0075288213152265 66.700000000000017 93.700000000000003 -0.0010000000000001997 0.00066666666666745009 14.285139964264445 2.9090518415140587 -0.0020000000000001995 60.100000000000009 18.900000000000002 1.0032834420766714 0.14888728888808322 42.300000000000011 0.0048000000000007004 -0.0052000000000004994 84.100000000000009 14.700000000000001 14.500000000000002 1.0004075810086059 0.99995934132953879 18.100000000000005 0.83730377313544024 0.50000000000000011
decision_type=2 2 2 2 2 2 2 2 2 2 2 2 2 2 2 2 2 2 2 2 2 2 2 2 2 2 2 2 2 2
left_child=1 2 18 4 6 8 17 -2 -6 -10 -5 12 13 14 -12 16 -15 -4 19 -1 21 -8 23 24 25 26 27 -23 -29 -27
right_child=7 -3 3 10 5 -7 20 -9 9 -11 11 -13 -14 15 -16 -17 -18 -19 -20 -21 -22 22 -24 -25 -26 29 -28 28 -30 -31
leaf_value=-0.046575472474879608 0.0069752756986066798 0.041394309516016636 -0.008328247548797468 0.052143859335101211 -0.04552438603666354 0.0084416457526153947 0.051232892678672197 0.047951209842314602 0.057668143119800064 -0.039472962495119113 0.038363526787737363 0.025246882995758627 0.055680818837167606 0.0048373879302795958 -0.010056514673507856 0.010451672364318959 -0.094825703663397765 -0.059127533892289301 0.049832866677532922 0.04984627069752532 0.050906743738879157 -0.0099383495129205246 0.026672078799220213 -0.037026325440858196 0.098997393426557626 -0.028321407535512308 0.032760727339388618 -0.004096319150277028 0.085993846080861469 0.015737485467437796
leaf_weight=184.09141376800835 679.79039639607072 3773.8146242909133 2528.2129366900772 629.19724200852215 2129.8127295970917 1173.559896173887 379.2324283560738 11413.074487078935 194.34450763836503 175.96758691221476 837.96259046159685 3183.3044152678922 323.81254930794239 170.15341456234455 1472.5320086497813 253.99203613400459 324.43442079424858 327.36444542184472 2163.7388356011361 186.50248521752656 392.14338150247931 2921.906754443422 1637.541120682843 567.26076002418995 117.87091663107276 1367.421637987718 2055.9244325608015 390.36272904649377 326.67974644992501 679.25464735552669
leaf_count=5228 3253 11468 37353 729 113976 6855 970 17745 558 857 1509 5136 317 444 5454 447 1465 6198 3852 325 866 45948 5290 5092 118 21143 11141 3858 1502 3034
internal_value=0.0215388 0.012094 0.00801301 0.00442021 -0.000731222 -0.022536 0.00511954 0.0456478 -0.0370769 0.0115079 0.0168523 0.0134706 0.00238903 -0.00325207 0.00750431 -0.0364517 -0.0605385 -0.0141519 0.0428308 0.00194906 0.0101983 0.0086697 0.00706587 0.00325583 0.00616323 0.00474976 0.0113801 -0.000699524 0.0369482 -0.0136991
internal_weight=42961.3 30868.4 27094.6 24560.2 17364.9 3673.68 13691.2 12092.9 2500.12 370.312 7195.39 6566.19 3382.89 3059.07 2310.49 748.58 494.588 2855.58 2534.33 370.594 10835.6 10443.5 10064.2 8426.68 7859.42 7741.55 5694.87 3638.95 717.042 2046.68
internal_count=322131 301133 289665 280260 264759 122246 142513 20998 115391 1415 15501 14772 9636 9319 6963 2356 1909 43551 9405 5553 98962 98096 97126 91836 86744 86626 62449 51308 5360 24177
is_linear=0
shrinkage=0.05


Tree=50
num_leaves=31
num_cat=0
split_feature=1 5 4 6 15 4 17 9 17 6 16 17 3 7 16 17 9 0 9 0 2 16 17 8 3 4 3 15 14 4
split_gain=3758.9 1035.02 1139.92 692.04 628.594 457.71 422.645 400.522 373.85 640.862 367.179 335.804 368.153 324.421 680.52 515.876 311.641 562.369 287.661 305.076 282.63 279.256 277.44 267.773 266.045 416.485 458.805 359.101 314.146 251.679
threshold=1.1413272793982758 -0.0052000000000004994 0.010000000000000153 20.300000000000004 -0.27982901403099208 0.00066666666666745009 0.063390085881955258 176.30000000000004 0.14888728888808322 1.3000000000000003 -0.11692013674435768 0.14888728888808322 1.0229936555019983 1.0000000180025095e-35 -0.52032787705993211 0.029024409397335454 2.1000000000000005 0.99091404982740505 76.100000000000009 11.104767921266129 0.99809387647029724 -0.54939360607974019 -0.6391983530350368 89.300000000000026 5.8901285535117065 -0.0097142857142836977 1.47742236948303 0.72386916653602185 0.67397850752516419 -0.005999999999998399
decision_type=2 2 2 2 2 2 2 2 2 2 2 2 2 2 2 2 2 2 2 2 2 2 2 2 2 2 2 2 2 2
left_child=1 6 4 5 10 18 -1 13 9 -4 11 -3 16 14 15 -6 20 -18 19 24 -13 -17 -9 -12 25 -2 -27 -28 -26 -16
right_child=3 2 8 -5 7 -7 -8 22 -10 -11 23 12 -14 -15 29 21 17 -19 -20 -21 -22 -23 -24 -25 28 26 27 -29 -30 -31
leaf_value=-0.036619611028696895 0.041820137261648758 -0.04558139003309393 -0.03761636307610397 0.051368331221437059 -0.06140033437630979 0.045673430676059681 0.050838043135638424 -0.10692817324650497 0.044327466580403166 0.043720629563433734 -0.03757420922141147 -0.029628477696259849 0.04496317347043767 0.013097420257383094 0.016894658390452757 0.011396068413919483 0.044473224090675369 -0.033799554698335024 0.055165516369248685 0.041809310143554643 0.023940957466149937 0.065260487767876407 0.041883540336412839 0.043838332008927255 -0.019574082500619611 0.037981897958398014 -0.079694403574523717 -0.0063340219514585409 -0.16843800149977561 -0.025602236452377476
leaf_weight=148.89041183982044 674.3044814914465 413.85269163735211 431.67901067622006 8294.0786673426628 235.91188966762275 2308.0986457541585 1913.2192013319582 32.269731209613383 2538.4208608847111 551.65777166187763 1437.0283602140844 313.48531208373606 437.13821073807776 8385.3397904653102 402.96205169335008 4239.5232144352049 279.83498289994895 1275.1895586196333 421.849324837327 625.46966500580311 1147.5014591161162 255.10287165269256 1065.3245085356757 108.63596411421895 389.33763085305691 369.22343515604734 245.65880168229342 519.7506622299552 38.988959565758705 2572.8448068639264
leaf_count=5412 867 11532 7384 13484 6944 3284 3774 343 4983 764 69567 4024 702 31749 6927 22550 1088 14946 501 808 8375 661 2012 208 1044 530 1124 1362 196 94986
internal_value=0.0209108 0.0104205 0.00772857 0.0422027 0.00360573 0.0286099 0.0445233 0.00828479 0.0341882 0.00801417 -0.0112538 -0.00302052 0.00208031 0.00629149 -0.00111411 0.0106704 -0.00413509 -0.0197139 0.0166193 0.0109392 0.0124465 0.0144533 0.0375084 -0.0318522 0.00230881 0.0106989 -0.0077963 -0.0298791 -0.0331246 -0.0198476
internal_weight=42072.6 28185.8 26123.7 13886.8 22601.9 5592.68 2062.11 17189.3 3521.76 983.337 5412.67 3867 3453.15 16091.7 7706.34 4730.54 3016.01 1555.02 3284.58 2862.73 1460.99 4494.63 1097.59 1545.66 2237.26 1808.94 1134.63 765.409 428.327 2975.81
internal_count=322131 298931 289745 23200 276614 9716 9186 166172 13131 8148 110442 40667 29135 163817 132068 30155 28433 16034 6432 5931 12399 23211 2355 69775 5123 3883 3016 2486 1240 101913
is_linear=0
shrinkage=0.05


Tree=51
num_leaves=31
num_cat=0
split_feature=6 4 4 9 15 16 0 3 2 16 10 17 8 9 17 16 17 16 17 9 0 14 1 3 9 8 17 17 7 9
split_gain=3617.92 1324.9 1234.2 551.445 612.92 1344.14 473.023 461.935 704.128 524.075 438.935 434.196 429.432 424.382 424.007 392.191 356.431 354.337 419.599 350.758 341.271 345.318 327.385 532.258 436.127 397.017 300.127 424.969 692.534 277.846
threshold=15.500000000000002 0.012333333333333451 -0.017666666666664149 56.500000000000007 0.99428911679529652 -0.082689790342551792 0.99882097045889251 1.0016298811620163 1.0269522662537518 -0.27694604220087021 35.500000000000007 -0.9497838742125716 1.3000000000000003 19.100000000000005 0.97648852793709995 -0.954673248495711 -0.98801846520836334 -0.70898476237405783 0.95936279103287792 26.500000000000004 0.95848294868488915 -0.70710678118654735 1.0088113852041749 0.99707010811270413 59.500000000000007 64.700000000000017 -0.96904977397942549 -0.65883892954715351 4.700000000000002 31.700000000000006
decision_type=2 2 2 2 2 2 2 2 2 2 2 2 2 2 2 2 2 2 2 2 2 2 2 2 2 2 2 2 2 2
left_child=1 2 -1 4 5 6 20 13 -9 -10 -2 12 -7 14 17 -5 -17 -8 -19 -14 21 -4 23 -18 -25 -26 -24 28 -28 -22
right_child=10 -3 3 15 -6 11 7 8 9 -11 -12 -13 19 -15 -16 16 22 18 -20 -21 29 -23 26 24 25 -27 27 -29 -30 -31
leaf_value=0.041740034451299687 0.014661279854182904 0.03986611869815275 0.06981473960751694 -0.059196763868705538 0.019208996553599898 -0.043821590718625028 0.025071719139447841 -0.037578035029119612 0.025383601119084338 -0.089557823027947098 0.047757323902464614 -0.037232746793231873 0.039875407782325699 -0.028101472830501018 0.066037413221640334 -0.067756363284380283 0.04136947900545139 -0.048547965700562551 0.034562418650288938 -0.025418740163918981 -0.028840048185704226 -0.012548797816045879 0.074752627855001294 0.056984391008973394 -0.047620557554043014 0.010333612209933559 -0.082557509936645429 0.033409840842940922 0.029168788159173814 0.03338625546868438
leaf_weight=2376.5331994313747 1111.7912195455283 3557.9581579118967 222.76308946311474 164.39024093747139 3252.1732157161459 439.2807801105082 3575.985822448507 1037.7342080073431 1306.3387208646163 107.31696067936718 10127.937569074333 3228.5835349429399 575.37404235452414 420.36432510428131 539.69436508789659 115.81268703378737 679.66709841601551 381.7757686721161 252.18367259949446 320.11838346719742 1814.4396406561136 296.83258232288063 336.82519988529384 194.7879396751523 712.81565506011248 504.78679401986301 223.93517504539341 2785.7694206731394 364.38745968788862 199.07061508577317
leaf_count=9405 3916 11468 648 1520 11357 19461 14015 15435 3078 739 17082 129587 2165 5019 2184 574 1988 10789 1719 1791 32058 1968 443 1166 12291 2123 1513 4646 545 1438
internal_value=0.02029 0.011222 0.00736593 0.00396966 -0.000435136 -0.00477586 0.00535352 0.011575 -0.00630153 0.0166579 0.0444836 -0.027316 -0.00332919 0.0200512 0.024313 0.0169817 0.0190975 0.0189641 -0.0154874 0.0165342 -0.013365 0.0227624 0.0208308 0.00501369 -0.0124813 -0.0235942 0.0297479 0.0252552 -0.013358 -0.0226879
internal_weight=41227.4 29987.7 26429.7 24053.2 17970 14717.9 10154.5 7621.39 2451.39 1413.66 11239.7 4563.36 1334.77 5170 4749.64 6083.18 5918.79 4209.95 633.959 895.492 2533.11 519.596 5802.97 2092.06 1412.39 1217.6 3710.92 3374.09 588.323 2013.51
internal_count=322131 301133 289665 280260 253451 242094 89090 52978 19252 3817 20998 153004 23417 33726 28707 26809 25289 26523 12508 3956 36112 2616 24715 17568 15580 14414 7147 6704 2058 33496
is_linear=0
shrinkage=0.05


Tree=52
num_leaves=31
num_cat=0
split_feature=1 5 4 6 15 4 17 17 6 9 16 16 17 3 5 4 0 9 14 9 17 17 17 15 8 9 1 3 0 9
split_gain=3470.09 945.115 999.127 697.819 555.718 437.424 406.836 378.087 566.342 372.368 345.567 350.291 353.659 356.459 355.534 321.047 300.671 399.704 331.116 402.065 295.362 313.562 914.828 310.856 287.697 276.947 291.341 267.182 294.598 464.265
threshold=1.1413272793982758 -0.0052000000000004994 0.012333333333333451 20.500000000000004 -0.27982901403099208 0.00066666666666745009 0.14888728888808322 0.063390085881955258 1.3000000000000003 176.30000000000004 0.78857998149907527 0.77244481603295057 0.14888728888808322 1.025093519844398 0.0048000000000007004 -0.017666666666664149 0.99033341153689547 2.1000000000000005 -0.66746801135786415 81.300000000000026 -0.99864786094873803 -0.95502570686053045 -0.6523320455745395 0.99970967602773331 105.50000000000001 76.100000000000009 14.285139964264445 0.95897669635135452 0.99918550193068045 31.700000000000006
decision_type=2 2 2 2 2 2 2 2 2 2 2 2 2 2 2 2 2 2 2 2 2 2 2 2 2 2 2 2 2 2
left_child=1 6 4 5 10 25 -1 8 -4 20 11 12 24 14 15 -14 18 -18 -17 -20 -6 -22 23 -23 -3 26 -2 -24 29 -29
right_child=3 2 7 -5 9 -7 -8 -9 -10 -11 -12 -13 13 -15 -16 16 17 -19 19 -21 21 22 27 -25 -26 -27 -28 28 -30 -31
leaf_value=-0.034101020252820441 0.0033259477318292978 -0.045721687714643161 -0.044776390240358621 0.050819970182519075 -0.069972096229607775 0.044472375223462791 0.05012986429396913 0.046073596878434625 0.043922669266759314 0.036369323253947455 -0.055812836779355446 0.072779257386469731 0.053188272233967618 0.041436172231795451 0.055248452231251591 0.081716146334553319 -0.0023062369923401572 -0.040384709396951768 -0.0649367669495622 0.060621086194967692 0.024012148867753751 -0.050352964716839171 0.044156699134719535 0.021488355441059599 0.056380253648195038 0.054474639356582102 0.049351657391594528 -0.022969842951492576 0.010320749136922115 0.022224952004162829
leaf_weight=155.93963887076825 2397.3787164613605 831.77691264636815 325.94295629486442 7563.2682884335518 126.71975499764085 2193.5586572438478 1776.5456274822354 2078.0276827067137 401.81445284932852 1081.28364310693 388.9210719037801 134.28114012628794 180.38559833168983 411.05860386509448 210.7953457403928 156.37694724462926 1376.9190203193575 1379.7179750371724 146.76449251454324 112.73756396770477 2241.2887703701854 959.91315812245011 483.51612007990479 178.58767550811172 75.233658108860254 398.57140091061592 401.39432254433632 1786.9274503458291 9586.1619911417365 833.18717185687274
leaf_count=5533 5492 31724 5661 13372 2173 3339 3653 4152 588 2380 26528 974 270 743 282 455 27102 21356 1864 89 16518 22463 1842 580 171 513 484 37960 78926 4944
internal_value=0.019696 0.00962093 0.00706493 0.0410225 0.00358324 0.027277 0.043333 0.0352117 0.00419675 0.00796054 -0.0104093 -0.00688891 -0.00908031 -0.00265159 -0.00773694 -0.0116968 -0.0153861 -0.0213648 0.0242436 -0.0103897 0.00606394 0.00666353 0.00385167 -0.0390838 -0.0372527 0.0154801 0.00992686 0.00770375 0.00625977 -0.00859806
internal_weight=40375 27420.8 25488.3 12954.2 22682.6 5390.9 1932.49 2805.79 727.757 17277.6 5404.97 5016.05 4881.77 3974.76 3563.7 3352.9 3172.52 2756.64 415.879 259.502 16196.3 16069.6 13828.3 1138.5 907.011 3197.34 2798.77 12689.8 12206.3 2620.11
internal_count=322131 298931 289745 23200 279344 9828 9186 10401 6249 167786 111558 85030 84056 52161 51418 51136 50866 48458 2408 1953 165406 163233 146715 23043 31895 6489 5976 123672 121830 42904
is_linear=0
shrinkage=0.05


Tree=53
num_leaves=31
num_cat=0
split_feature=6 4 4 2 16 15 10 5 15 8 9 5 5 1 3 16 0 3 17 9 5 17 17 14 17 2 9 3 3 3
split_gain=3336.68 1187.87 1112.43 486.767 730.723 561.463 447.281 442.221 475.189 350.915 324.198 314.42 327.952 271.376 422.386 429.12 307.893 628.06 266.581 306.419 262.277 257.165 501.612 372.491 302.708 284.042 318.658 280.019 399.371 512.493
threshold=15.700000000000001 0.012333333333333451 -0.017666666666664149 1.0269522662537518 0.28519915169571858 0.98995972778062036 36.500000000000007 0.0048000000000007004 -0.6835516316989646 66.700000000000017 93.700000000000003 -0.0010000000000001997 0.0010000000000001503 14.285139964264445 5.8901285535117065 -0.25205528343633249 3.3470717486838102 2.9090518415140587 0.14888728888808322 42.300000000000011 -0.0052000000000004994 0.85561368268953431 0.83730377313544024 0.55738156824517471 0.96849880583763492 1.014845625444704 92.300000000000026 0.99474358107997651 0.99995939416088042 1.0000285844957697
decision_type=2 2 2 2 2 2 2 2 2 2 2 2 2 2 2 2 2 2 2 2 2 2 2 2 2 2 2 2 2 2
left_child=1 2 18 4 7 9 -2 8 -4 -6 -11 -5 13 14 16 -16 17 -13 19 -1 -10 22 23 27 -23 -25 -27 -22 -29 -30
right_child=6 -3 3 11 5 -7 -8 -9 20 10 -12 12 -14 -15 15 -17 -18 -19 -20 -21 21 24 -24 25 -26 26 -28 28 29 -31
leaf_value=-0.046075991422472942 0.019303527112827401 0.038361398935146292 -0.018733310337904926 0.049726609191844649 -0.044328993046669984 0.006802138696770637 0.047903518669188204 0.0500377711441405 0.049303084404470732 0.053938826124758768 -0.040078205607776203 0.0087708711042216708 0.044702438752426243 0.054051488197454145 0.051010096958399545 -0.086317678079405422 0.047441593159144611 -0.076581920881352405 0.04772001832110561 0.047473349438858399 0.032442230809210902 -0.045432149094269396 0.054518779769937326 -0.017607872097888843 0.00067232572403578205 -0.063642739301377524 0.088308267315520994 -0.019048927316882441 0.042225520462232047 0.00047168717853946878
leaf_weight=176.7489305306226 1619.7646058853716 3370.2679433077574 2182.4282216327265 588.66113089770079 1930.2705792132765 1165.4921376928687 8762.601041816175 508.86028570495546 352.44920194987208 191.74739635363221 175.72463979013264 4341.3156938338652 665.67384192161262 297.68110303580761 75.70415087044239 228.8415661752224 460.19918076694012 226.7880754545331 1905.1301998849958 173.4165290556848 1344.6413097800687 484.80743744317442 567.66124172322452 1939.9568333821371 1340.2430783687159 46.803846413269639 131.28161901608109 1142.3312815753743 1143.4323568185791 2056.9840102810413
leaf_count=5229 4839 11499 37209 734 114002 6863 16000 1275 1017 558 857 10925 912 334 84 904 579 1091 3857 327 10866 11561 1517 24703 21673 982 170 14026 3112 14426
internal_value=0.0190944 0.0104421 0.00680132 0.00359391 -0.00101703 -0.0214653 0.0434416 0.00433093 0.00250431 -0.0358034 0.00898001 0.0147817 0.0115145 0.00759086 0.00499741 -0.0521807 0.00846048 0.00453345 0.0403502 0.000253541 0.00689739 0.00543184 0.00913873 0.00583841 -0.0115749 -0.0120602 0.048373 0.012504 0.00633058 0.0153893
internal_weight=39597.9 29215.5 25845.3 23590 16705.1 3463.23 10382.4 13241.9 12733 2297.74 367.472 6884.86 6296.2 5630.53 5332.85 304.546 5028.3 4568.1 2255.3 350.165 10550.6 10198.1 8373.09 7805.43 1825.05 2118.04 178.085 5687.39 4342.75 3200.42
internal_count=322131 301292 289793 280380 264817 122280 20839 142537 141262 115417 1415 15563 14829 13917 13583 988 12595 12016 9413 5556 104053 103036 69802 68285 33234 25855 1152 42430 31564 17538
is_linear=0
shrinkage=0.05


Tree=54
num_leaves=31
num_cat=0
split_feature=1 16 6 17 6 9 16 16 9 17 16 17 9 16 15 5 5 17 9 4 9 0 16 0 9 9 9 9 0 9
split_gain=3200.86 881.625 714.263 708.554 699.766 609.483 794.924 553.352 678.116 512.954 483.437 538.258 494.888 475.836 469.556 449.419 591.215 640.626 452.046 404.659 381.046 350.037 340.563 501.269 307.736 282.901 275.001 271.226 270.413 265.905
threshold=1.1413272793982758 -0.89015004145349408 0.50000000000000011 0.96849880583763492 21.700000000000006 18.500000000000004 -0.022576249993022598 -0.52032787705993211 12.100000000000001 0.47369649395226454 0.10837544681456417 -0.57077231802681661 143.70000000000002 -0.67166439702596292 0.99999524036036724 0.0048000000000007004 -0.0031999999999987494 0.38043945030393422 1.3000000000000003 0.00066666666666745009 0.50000000000000011 0.95848294868488915 -0.54939360607974019 0.99918550193068045 176.30000000000004 36.100000000000009 20.300000000000004 76.100000000000009 0.99810452203403333 0.50000000000000011
decision_type=2 2 2 2 2 2 2 2 2 2 2 2 2 2 2 2 2 2 2 2 2 2 2 2 2 2 2 2 2 2
left_child=1 15 3 7 19 6 -5 9 14 -3 -10 -12 -13 -4 21 16 -1 18 28 27 -19 -9 23 -11 25 -20 -24 -2 -18 -25
right_child=4 2 13 5 -6 -7 -8 8 10 22 11 12 -14 -15 -16 -17 17 20 24 -21 -22 -23 26 29 -26 -27 -28 -29 -30 -31
leaf_value=0.048856047358804944 0.009983477920025699 -0.047613261735816884 -0.080840193776904656 0.041020789482645335 0.050795612239423873 -0.03917773695205734 -0.045251364757421524 0.031934144808761868 -0.054512496167532835 -0.037620093700659503 0.023935455310156211 -0.059338695499786313 0.028717355715257339 0.016859943206224488 0.034273771135936403 0.053436625651072649 -0.028933369837568768 -0.00027674789199097982 -0.012196065327509683 0.043022895348910857 0.046794594526470022 -0.048498623028169013 -0.058536650718810937 0.034712358278373233 0.039499479611110694 -0.058385777474416214 0.070174813350280585 0.053892622209325086 0.027925393044017713 -0.0013687884527499399
leaf_weight=1281.1675310507417 2853.1630981713533 421.52116594649851 126.8620114531368 1850.6863851137459 6614.5386239886284 392.1278877267614 312.02543634269387 143.01097742840648 384.81784118805081 550.2701614331454 1437.4088071025908 467.47419710364193 242.2474105367437 7069.0223152656108 205.78003564849496 1027.5381461903453 247.25836453400552 600.72460375726223 1517.6262349896133 2236.2406818680465 1512.2429775744677 2497.6650108871982 47.166198728606105 992.13585694134235 224.87595120072365 424.14762626495212 345.39355257153511 401.13611488044262 1355.3072506934404 1052.1398221440613
leaf_count=2210 6254 11804 1500 9620 12668 6076 14789 2052 5343 8846 13042 17814 1201 21976 906 1592 2707 2827 8828 3710 2234 139306 823 5630 349 3512 506 568 3634 9804
internal_value=0.0185123 0.00885196 0.0028158 -0.00500174 0.0398429 0.0181751 0.0285739 -0.0117404 -0.0217292 0.00402068 -0.00290486 0.00634448 -0.0292828 0.0151375 -0.0384736 0.0225131 0.0180773 0.0113735 -0.000980922 0.0266481 0.033412 -0.0441426 0.0113069 0.00473994 -0.0158728 -0.0222854 0.0547101 0.0153959 0.0191527 0.0161423
internal_weight=38833.7 26728.6 18537.8 11341.9 12105.1 2554.84 2162.71 8787.03 5378.4 3408.63 2531.95 2147.13 709.722 7195.88 2846.46 8190.89 7163.35 5882.18 3769.22 5490.54 2112.97 2640.68 2987.11 2594.55 2166.65 1941.77 392.56 3254.3 1602.57 2044.28
internal_count=322131 298931 271038 247562 23200 30485 24409 217077 179664 37413 37400 32057 19015 23476 142264 27893 26301 24091 19030 10532 5061 141358 25609 24280 12689 12340 1329 6822 6341 15434
is_linear=0
shrinkage=0.05


Tree=55
num_leaves=31
num_cat=0
split_feature=6 4 4 2 16 15 10 5 5 15 9 8 9 0 9 17 9 17 3 9 8 8 3 0 9 17 0 4 7 14
split_gain=3060.2 1092.61 1020.43 487.911 707.932 568.083 457.694 381.972 404.709 424.995 319.894 269.852 355.138 256.695 303.078 239.044 278.742 237.852 862.938 230.239 344.484 338.239 314.975 330.644 391.502 423.775 377.669 374.757 307.627 342.63
threshold=15.900000000000002 0.014000000000000101 -0.017666666666664149 1.0320670495509974 0.28519915169571858 0.98995972778062036 36.500000000000007 0.0048000000000007004 -0.0052000000000004994 -0.6835516316989646 143.70000000000002 66.700000000000017 93.700000000000003 0.95848294868488915 2.9000000000000008 0.14888728888808322 42.300000000000011 0.063390085881955258 1.0425144786635727 84.100000000000009 14.700000000000001 14.500000000000002 1.0011795570603794 0.99995934132953879 18.100000000000005 0.39629089145655316 0.95848294868488915 -0.00048999999999974986 0.3000000000000001 0.12836258067794062
decision_type=2 2 2 2 2 2 2 2 2 2 2 2 2 2 2 2 2 2 2 2 2 2 2 2 2 2 2 2 2 2
left_child=1 2 15 4 7 11 -2 8 -4 -10 -5 13 -13 14 -6 16 -1 18 -3 20 21 22 23 24 26 -26 -11 -25 -24 -30
right_child=6 17 3 10 5 -7 -8 -9 9 19 -12 12 -14 -15 -16 -17 -18 -19 -20 -21 -22 -23 28 27 25 -27 -28 -29 29 -31
leaf_value=-0.044288008480106202 0.017494740643663294 -0.045799365511190494 0.04843797157533556 0.011122501765163099 -0.045483780418763151 0.0062337043332128797 0.047150755916943371 0.047931924216018121 -0.019462159294500653 0.03098689914924907 0.046542909082243455 0.050583376871069577 -0.04533625764419541 -0.047707241073139832 0.14806769792724994 0.046843862329413469 0.046375844871921264 0.047672517998602934 0.054168231176356156 0.021891895248474298 -0.034266176528274357 0.088411778239852273 -0.034660417893691994 -0.01651041586737503 -0.041384317031815138 0.051034526382559925 -0.017761768123673582 0.030825011048401657 0.025058994975259697 -0.075661664600617573
leaf_weight=169.53128888085485 1551.6861228644848 342.5673909522593 462.03055694513023 5675.9956216961145 44.23474292177707 1228.9306173464283 8054.3337015248835 479.45420386362821 2146.3942369837314 474.9346661278978 718.08288057893515 190.9455081038177 195.09442426450551 1801.6486191516742 37.263831296004355 1784.9956796038896 169.57391703501344 2073.2704748176038 583.70687136054039 1685.7917692204937 618.39466552436352 118.21756862103939 953.7876635696739 519.13121500331908 158.16006880160421 574.92985661886632 2430.7501028394327 2149.2854316188022 557.44626275543123 99.508643962442875
leaf_count=5232 4748 5755 1396 12905 784 7006 15946 1291 37193 2490 879 559 940 113747 112 3861 331 4379 903 5809 5404 121 17706 6490 2589 3084 45901 11602 2048 920
internal_value=0.0179603 0.00971997 0.00635533 0.0033334 -0.00111168 -0.0211461 0.0423603 0.00410738 0.00248469 0.000784338 0.0151004 -0.0359742 0.00210812 -0.043781 0.0430143 0.039533 0.00104962 0.0382615 0.0171969 0.004987 0.00169415 0.00446136 0.00320795 0.00824756 -0.00155595 0.0310957 -0.00979379 0.0216161 -0.0165257 0.00980289
internal_weight=38050.1 28444.1 25444.5 23320.4 16926.3 3498.12 9606.02 13428.2 12948.8 12486.7 6394.08 2269.19 386.04 1883.15 81.4986 2124.1 339.105 2999.54 926.274 10340.3 8654.55 8036.15 7917.93 6307.19 3638.77 733.09 2905.68 2668.42 1610.74 656.955
internal_count=322131 301437 290400 280976 267192 123148 20694 144044 142753 141357 13784 116142 1499 114643 896 9424 5563 11037 6658 104164 98355 92951 92830 72156 54064 5673 48391 18092 20674 2968
is_linear=0
shrinkage=0.05


Tree=56
num_leaves=31
num_cat=0
split_feature=6 4 4 2 16 15 10 5 5 15 5 5 7 10 4 17 17 16 16 15 8 9 0 9 16 9 7 17 9 3
split_gain=2926 1131.05 968.881 522.814 578.873 593.458 412.648 355.429 376.884 387.71 294.749 274.628 321.44 468.216 434.903 234.719 705.537 345.948 481.261 308.252 216.3 320.792 209.473 283.487 206.462 264.762 413.228 205.266 254.588 203.71
threshold=19.500000000000004 0.014000000000000101 -0.017666666666664149 1.0320670495509974 0.28519915169571858 0.98664098404873191 36.500000000000007 0.0048000000000007004 -0.0052000000000004994 -0.6835516316989646 -0.0010000000000001997 0.0010000000000001503 59.300000000000011 36.500000000000007 0.00066666666666745009 -0.6523320455745395 -0.9260227363677036 -0.26866367175705824 0.056951373111866661 0.45201865172701722 66.700000000000017 93.700000000000003 0.95848294868488915 2.9000000000000008 0.96465729447553372 0.90000000000000013 14.500000000000002 0.14888728888808322 41.100000000000009 2.9090518415140587
decision_type=2 2 2 2 2 2 2 2 2 2 2 2 2 2 2 2 2 2 2 2 2 2 2 2 2 2 2 2 2 2
left_child=1 2 27 4 7 20 -2 8 -4 -10 -5 12 13 15 29 16 17 -12 -19 -20 22 -22 23 -6 25 -7 -27 28 -1 -15
right_child=6 -3 3 10 5 24 -8 -9 9 -11 11 -13 -14 14 -16 -17 -18 18 19 -21 21 -23 -24 -25 -26 26 -28 -29 -30 -31
leaf_value=-0.03545827382730176 0.013320221516895173 0.038535902832121466 0.047498798390015667 0.052601338405550861 -0.055213283341714214 0.031648787997879006 0.048415648794126381 0.046877807281552587 -0.018604555864821775 0.0047756608623619953 0.055299051262788307 0.044970936838038753 0.034916483891209001 -0.017284211851479377 0.047819347445250716 0.02012865143558476 -0.075698671931101788 -0.082398501783830666 -0.06269635259646153 0.033842421560986068 0.046806310951867131 -0.04538959006321136 -0.04578517438054433 0.13161184005785306 0.039277832775493876 -0.049576748638508986 0.027313726303861148 0.046131902399302434 0.046340874236144684 -0.068872625869079343
leaf_weight=189.34872533287853 950.64866047911346 3125.7977315224707 447.07508093956858 494.36836117692292 41.427661298774183 346.45103542227298 7041.0710585862398 465.08505047205836 2138.8707853881642 10370.720739506651 333.58490569889545 593.1081902673468 1011.4736549556255 374.37749072909355 156.49689134582877 2615.378739294596 283.08688614144921 161.15180919505656 101.54195829108357 445.3326898291707 183.79539483971894 193.87242693267763 1734.722057168372 39.823823150247335 356.87927465513349 473.4136109650135 276.9645704627037 1761.3049587998539 191.1474087536335 391.43830547481775
leaf_count=5280 3156 11503 1397 595 783 3394 14577 1293 37265 104560 355 796 1643 1070 215 5000 1469 873 632 760 556 950 113326 111 1137 3033 489 3926 372 1615
internal_value=0.0174238 0.0101088 0.00671371 0.00384165 -0.000868165 -0.0185315 0.0442409 0.00393183 0.00239026 0.000778147 0.0153901 0.0125454 0.00927129 0.00393658 -0.0281321 0.0114434 -0.0057041 0.0133189 -0.00645999 0.0159174 -0.0349499 -0.000521637 -0.04211 0.0363554 0.00624391 -0.00450445 -0.0211965 0.0389375 0.00563464 -0.0436531
internal_weight=37289.8 29298 26172.2 24030.4 17069.1 3647.35 7991.72 13421.8 12956.7 12509.6 6961.34 6466.97 5873.86 4862.39 922.313 3940.08 1324.7 1041.61 708.026 546.875 2193.64 377.668 1815.97 81.2515 1453.71 1096.83 750.378 2141.8 380.496 765.816
internal_count=322131 304398 292895 283317 268294 123779 17733 144515 143222 141825 15023 14428 13632 11989 2900 9089 4089 2620 2265 1392 115726 1506 114220 894 8053 6916 3522 9578 5652 2685
is_linear=0
shrinkage=0.05


Tree=57
num_leaves=31
num_cat=0
split_feature=6 4 4 9 15 16 17 0 0 9 17 3 3 8 15 17 16 16 17 9 0 14 4 9 17 17 7 9 9 17
split_gain=2804.85 1055.47 912.312 481.272 558.526 1024.82 427.332 433.685 416.788 387.157 366.219 349.411 431.082 334.936 314.343 275.561 271.878 608.534 340.736 270.191 259.238 305.114 245.427 223.004 220.041 248.088 669.305 219.95 208.718 250.432
threshold=19.500000000000004 0.014000000000000101 -0.017666666666664149 56.500000000000007 0.98868868691483891 -0.082689790342551792 -0.96234030595689413 0.99882097045889251 1.0075288213152265 48.300000000000011 -0.9497838742125716 1.0147642955587435 0.996650617395615 1.3000000000000003 0.17364817766693061 -0.98801846520836334 -0.31799228562170639 -0.64578423485557612 0.029024409397335454 25.300000000000004 0.95848294868488915 -0.39271506111191307 0.0020000000000006506 36.100000000000009 -0.96904977397942549 -0.65883892954715351 4.700000000000002 59.500000000000007 20.300000000000004 0.83730377313544024
decision_type=2 2 2 2 2 2 2 2 2 2 2 2 2 2 2 2 2 2 2 2 2 2 2 2 2 2 2 2 2 2
left_child=1 2 -1 4 5 6 -4 20 22 16 13 12 -5 -7 27 -13 17 18 -9 -15 21 -8 -2 -19 -17 26 -26 -14 -22 -30
right_child=8 -3 3 11 -6 10 7 9 -10 -11 -12 15 14 19 -16 24 -18 23 -20 -21 28 -23 -24 -25 25 -27 -28 -29 29 -31
leaf_value=0.03827411767022329 -0.036185336025127086 0.037550990721894384 -0.082917432473029948 0.038278092912917255 0.015357848898494085 -0.042606060560372194 0.051918362188564438 -0.063422248580913596 0.047080077060956217 -0.067828950793570347 -0.03686455983501228 -0.044533755605604818 0.042967871431772817 0.035717805389050304 0.0039892148901923136 0.068285776297438344 0.034289942581823114 -0.057627090693332328 0.015704053599488229 -0.020692093186238544 -0.030419604594237839 -0.028104581011306824 0.029246279490328816 0.026808478921449597 -0.078353717387349989 0.032557734530522013 0.032702741054783574 -0.049561131058517505 -0.036116968931451422 0.050387390292844197
leaf_weight=2071.9565663570538 234.67035429924726 3049.3660961352289 140.828160405159 640.82177360448986 4231.7168132346123 396.47239256091416 285.32517724391073 139.90587783511728 7093.5762606114149 152.08763175923377 2749.7638619798236 131.28068886324763 72.848542376421392 521.32568532787263 1461.6174916829914 326.5271503040567 1213.6022181268781 438.8582819076255 4943.8007126059383 358.07984967250377 1503.3731944467872 204.48445656057447 368.1329144872725 95.15423440374434 200.002427152358 2311.5770158832893 421.76139021292329 542.58894342929125 147.59349345322698 193.1701650954783
leaf_count=9578 1718 11503 3790 1905 16545 19182 981 4491 15116 1688 127901 553 737 2087 8165 465 8132 12371 22972 1885 28370 1521 899 543 1233 4075 671 9935 2145 974
internal_value=0.0168605 0.00972727 0.00645098 0.00368341 -0.000489721 -0.00546327 0.00352965 0.00483626 0.0436882 0.0110725 -0.026592 0.015785 0.00242799 -0.00445257 -0.00863264 0.0264902 0.0128291 0.00819289 0.0135265 0.0127486 -0.0138232 0.0185106 0.00377386 -0.0425817 0.0293505 0.0250164 -0.00302073 -0.0386086 -0.0224112 0.0129201
internal_weight=36642.3 28945.9 25896.5 23824.6 17715.5 13483.8 9458.18 9317.36 7696.38 6983.41 4025.64 6109.03 2717.88 1275.88 2077.05 3391.15 6831.32 5617.72 5083.71 879.406 2333.95 489.81 602.803 534.013 3259.87 2933.34 621.764 615.437 1844.14 340.764
internal_count=322131 304398 292895 283317 255578 239033 87978 84188 17733 50197 151055 27739 20742 23154 18837 6997 48509 40377 27463 3972 33991 2502 2617 12914 6444 5979 1904 10672 31489 3119
is_linear=0
shrinkage=0.05


Tree=58
num_leaves=31
num_cat=0
split_feature=6 4 4 10 2 16 15 5 5 15 3 9 17 3 1 4 5 7 10 4 3 0 7 17 9 9 8 6 0 14
split_gain=2691.32 961.824 847.991 456.841 427.969 526.958 514.944 335.056 351.434 343.99 283.773 277.066 215.852 875.017 211.126 262.329 293.778 250.178 386.336 382.49 253.977 695.885 243.824 210.937 233.099 208.339 281.56 282.959 249.253 309.95
threshold=18.300000000000001 0.014000000000000101 -0.017666666666664149 37.500000000000007 1.0320670495509974 0.28519915169571858 0.98802492553144938 0.0048000000000007004 -0.0052000000000004994 -0.564573334685324 2.1542883409041749 178.10000000000005 0.063390085881955258 1.0425144786635727 14.285139964264445 0.00066666666666745009 -0.0010000000000001997 60.900000000000006 36.500000000000007 -0.0019374999999990498 2.9090518415140587 1.9289198606271782 12.500000000000002 0.14888728888808322 41.900000000000006 84.100000000000009 17.900000000000002 4.9000000000000012 1.008431422946743 0.55375360916583027
decision_type=2 2 2 2 2 2 2 2 2 2 2 2 2 2 2 2 2 2 2 2 2 2 2 2 2 2 2 2 2 2
left_child=1 2 23 10 5 7 -7 8 -4 -10 -2 14 13 -3 15 16 -6 18 19 -18 21 -20 -17 24 -1 26 -11 -28 29 -27
right_child=3 12 4 -5 11 6 -8 -9 9 25 -12 -13 -14 -15 -16 22 17 -19 20 -21 -22 -23 -24 -25 -26 28 27 -29 -30 -31
leaf_value=-0.036749975581363829 0.013198892421988587 -0.045757728368126055 0.046757748799582353 0.051096252563766736 0.04844515856961739 -0.033985686523309119 0.0054054956083475977 0.046169787087758818 -0.015911895527976307 0.003925611078705993 0.046511418848767846 0.049143501198564803 0.045985784467687765 0.053187623208937974 0.051133196350944043 0.011545896098242484 0.028783815178862096 0.025068827345139308 -0.081346431077419207 -0.022167541579239634 -0.071529747580931904 0.055190969122535474 0.046170563260283147 0.044844690508355753 0.04444549248093331 0.017064784941183419 -0.057252447007859322 0.026592756293523534 0.041404860843464279 -0.059698044395829521
leaf_weight=183.84789979364723 1698.958198543638 352.10748273134232 425.96922219265252 5099.393487919122 271.3563795145601 2085.5864859414287 1377.7408794760704 446.45667434763163 2521.1599896661937 7702.3991538630798 1024.9606872461736 519.90317498147488 1938.8792578838766 611.4779684394598 312.38420381397009 2024.9763828320429 686.22552647814155 522.30362942069769 187.40764933824539 795.14195632282645 377.25389679521322 185.87830592691898 678.91262810304761 1638.8061547745019 170.2452303506434 682.69721622206271 370.53083402011544 138.14003835059702 784.88362620491534 162.87407526839525
leaf_count=5267 5254 5760 1396 11155 353 115690 7907 1291 44020 87690 2331 642 4493 1083 409 3765 1607 916 869 3284 1604 177 943 3906 353 2445 3824 695 1226 1776
internal_value=0.0163228 0.00911436 0.00598135 0.0422656 0.00329944 -0.000952054 -0.0183155 0.00359158 0.00210515 0.000566603 0.0257338 0.0141187 0.0363733 0.0170316 0.0111048 0.00892235 -0.00119175 -0.00608219 -0.013372 0.00143506 -0.0425974 -0.0133574 0.0202397 0.0372834 0.00228818 0.00478799 0.00154625 -0.0344826 0.0211136 0.00227872
internal_weight=35978.9 28155.5 25253.1 7823.31 23260.2 16698.4 3463.33 13235.1 12788.7 12362.7 2723.92 6561.74 2902.46 963.585 6041.84 5729.46 3025.57 2754.21 2231.91 1481.37 750.54 373.286 2703.89 1992.9 354.093 9841.52 8211.07 508.671 1630.45 845.571
internal_count=322131 303391 292055 18740 282529 267960 123597 144363 143072 141676 7585 14569 11336 6843 13927 13518 8810 8457 7541 4891 2650 1046 4708 9526 5620 97656 92209 4519 5447 4221
is_linear=0
shrinkage=0.05


Tree=59
num_leaves=31
num_cat=0
split_feature=1 16 6 7 17 9 16 16 16 17 9 17 9 15 4 17 9 17 16 16 15 0 0 16 9 3 17 15 16 0
split_gain=2573.24 730.181 702.959 562.863 544.045 549.504 627.328 508.692 469.846 419.19 878.22 386.62 374.778 388.846 371.376 359.896 424.773 353.299 351.733 401.235 307.123 282.4 277.289 276.564 266.973 259.65 343.061 279.316 258.884 262.012
threshold=1.1413272793982758 -0.89015004145349408 21.700000000000006 0.50000000000000011 0.96849880583763492 18.500000000000004 -0.022576249993022598 -0.52032787705993211 -0.67166439702596292 0.38043945030393422 1.3000000000000003 0.45847758937963173 57.300000000000011 0.99999524036036724 0.00066666666666745009 0.29958852271690523 8.9000000000000021 0.18281312110578127 0.17646842360078757 0.22700754078277599 0.17364817766693061 0.95848294868488915 1.0062853553984616 -0.96434279144912105 178.10000000000005 0.99584199584199584 0.94909129669788206 0.99638010029475355 0.81428061195174062 0.98518707676011064
decision_type=2 2 2 2 2 2 2 2 2 2 2 2 2 2 2 2 2 2 2 2 2 2 2 2 2 2 2 2 2 2
left_child=1 9 14 4 7 6 -6 11 -5 10 17 -3 13 21 -2 16 23 -1 -14 -20 -17 -9 25 -12 -21 28 27 -27 29 -10
right_child=2 3 -4 8 5 -7 -8 12 22 -11 15 -13 18 -15 -16 20 -18 -19 19 24 -22 -23 -24 -25 -26 26 -28 -29 -30 -31
leaf_value=0.0023187593965016255 0.012319456254898388 -0.058606169961596455 0.049435235771246429 -0.057308238518678223 0.037242275888646925 -0.051969134836723309 -0.044207768741611669 0.027196513869782158 -0.013306970392385375 0.0363906119457552 0.011994517250551803 0.0073546903423067772 -0.078499480464283303 0.030832323901209442 0.040395678077093523 -0.022766822585679629 -0.063977241954281006 0.0433063121801745 0.07595894392229588 -0.038284767845960577 0.02830556323657404 -0.043835304341586369 0.01975776416326664 -0.074744286912917499 0.038259426110565181 -0.029961583739774863 0.024490453420104322 0.0086612573521114167 -0.064950498635088852 0.054732031905172646
leaf_weight=731.84034138265997 3016.7793299034238 243.64278487721458 5342.6183064840734 249.3388057500124 1525.2671158537269 269.12400684505701 279.76325391698629 147.9271287387237 195.22669269144535 2597.5848788879812 529.80352385994047 2518.6500341165811 111.5564815364778 208.57012423593551 1932.1769893951714 480.50976588018239 516.68105681519955 1866.9616629183292 203.98022959660739 286.6327958041802 759.84088456630707 2587.0955814970657 5102.0088588399813 111.18433422688395 189.04785834997892 1306.4994007721543 698.2842832505703 729.47373773530126 69.743630248121917 514.11811964865774
leaf_count=4279 6822 10661 12668 2886 8855 5344 14573 2090 1268 6134 2563 23630 1186 977 3710 2635 5415 4109 973 7411 1915 156022 10175 843 778 15738 3704 1487 1079 2201
internal_value=0.0158118 0.00715821 0.0368583 0.00152215 -0.00761389 0.014681 0.0246183 -0.0147314 0.0103558 0.020098 0.0116283 0.00153674 -0.0267634 -0.0349751 0.023281 -0.0101932 -0.0302431 0.0317639 0.00378681 0.0172929 0.00852021 -0.0399935 0.0123141 -0.003051 -0.00786412 0.00150445 -0.00575123 -0.0161233 0.0269687 0.0360063
internal_weight=35321.9 25030.4 10291.6 17436 8571.26 2074.15 1805.03 6497.1 8864.69 7594.41 4996.82 2762.29 3734.81 2943.59 4948.96 2398.02 1157.67 2598.8 791.217 679.661 1240.35 2735.02 8615.35 640.988 475.681 3513.35 2734.26 2035.97 779.088 709.345
internal_count=322131 298931 23200 271038 232500 28772 23428 203728 38538 27893 21759 34291 169437 159089 10532 13371 8821 8388 10348 9162 4550 158112 35652 3406 8189 25477 20929 17225 4548 3469
is_linear=0
shrinkage=0.05


Tree=60
num_leaves=31
num_cat=0
split_feature=6 4 4 10 9 15 16 17 0 16 9 9 16 17 8 17 0 9 0 14 8 3 9 0 3 9 8 9 17 17
split_gain=2473.38 928.268 792.036 428.713 411.337 458.774 856.749 349.23 370.867 359.636 402.818 315.331 300.359 283.519 294.524 282.633 264.911 262.547 258.269 282.119 257.765 251.334 251.014 234.7 373.261 379.702 272.869 259.621 254.683 225.383
threshold=19.500000000000004 0.014000000000000101 -0.017666666666664149 37.500000000000007 56.500000000000007 0.98868868691483891 -0.13398594226331254 -0.96234030595689413 0.99846350822190333 -0.21022463061426777 6.700000000000002 48.300000000000011 -0.954673248495711 -0.9497838742125716 1.3000000000000003 0.76556758748011056 0.99986406579152864 8.3000000000000025 0.95848294868488915 0.44032991850403935 14.700000000000001 2.1542883409041749 20.300000000000004 1.008431422946743 0.99707010811270413 59.500000000000007 64.700000000000017 176.30000000000004 -0.98801846520836334 -0.96904977397942549
decision_type=2 2 2 2 2 2 2 2 2 2 2 2 2 2 2 2 2 2 2 2 2 2 2 2 2 2 2 2 2 2
left_child=1 2 -1 21 5 6 7 -4 18 11 -11 15 -6 14 -8 -10 17 -17 19 -9 -16 -2 -20 24 -14 -26 27 -27 -25 -30
right_child=3 -3 4 -5 12 -7 13 8 9 10 -12 -13 23 -15 20 16 -18 -19 22 -21 -22 -23 -24 28 25 26 -28 -29 29 -31
leaf_value=0.036529876470312486 0.012774200736693823 0.036002737693412494 -0.080444978675705422 0.051206556854234635 -0.05655648861942373 0.013667891106559901 -0.041741860379900436 0.036814659845010818 0.012426876704411441 0.071281787468952224 -0.058145060070633248 -0.066174143516646564 0.033889823872354556 -0.033407544794479473 0.033033232319434884 -0.030129403174572841 -0.041267365677934438 0.060115592814841745 -0.035241653694216266 -0.056458381157664009 -0.022536985648665117 0.046679342265565006 0.016436192530497769 -0.044196989528944387 0.053336347550735276 -0.063276641953210797 0.0049650113459733898 0.0099024832353887364 0.064337875916528342 0.022001699099030395
leaf_weight=1912.7522861324251 1521.5033888686448 2793.1557164248079 123.30782061442733 4506.8277426064014 145.02049666177481 4140.1460230518132 376.45721861161292 380.28457243554294 5499.6746760057285 400.85010373406112 70.724206108599901 145.33062976785004 624.45566757256165 2795.1369200311601 530.0526768816635 155.59178981930017 509.93675400596112 167.20034078508615 1200.1763997618109 103.03526988252997 344.18304319493473 853.033935431391 292.18460904434323 133.81203324906528 184.44469014182687 487.75026114936918 468.95104020275176 161.2762604188174 347.49315081164241 3297.7680969871581
leaf_count=9578 4802 11503 3216 10802 1527 16545 19694 1579 33215 1413 1349 1728 2034 130089 2379 3250 9373 1099 25458 923 1655 2129 2613 599 1172 10616 2123 1662 513 7493
internal_value=0.0153105 0.00866527 0.00561071 0.0421478 0.00304887 -0.000839963 -0.00542711 0.00312511 0.00427972 0.00971426 0.051871 0.00664528 0.0145036 -0.0245537 -0.00476657 0.00831651 -0.01883 0.0166158 -0.0148359 0.0169305 0.0111555 0.0249544 -0.0251238 0.0163096 0.00210832 -0.0131295 -0.0240951 -0.0450924 0.0235506 0.0260375
internal_weight=34672.5 27791.2 24998 6881.37 23085.2 17234.3 13094.1 9048.3 8924.99 6949.31 471.574 6477.73 5850.97 4045.83 1250.69 6332.4 832.729 322.792 1975.68 483.32 874.236 2374.54 1492.36 5705.95 1926.88 1302.42 1117.98 649.027 3779.07 3645.26
internal_count=322131 304398 292895 17733 283317 255578 239033 85216 82000 51427 2762 48665 27739 153817 23728 46937 13722 4349 30573 2502 4034 6931 28071 26212 17607 15573 14401 12278 8605 8006
is_linear=0
shrinkage=0.05


Tree=61
num_leaves=31
num_cat=0
split_feature=6 4 4 10 2 16 17 15 16 16 7 2 14 9 17 9 9 9 3 9 8 16 3 2 5 5 7 10 4 14
split_gain=2362.24 863.217 736.07 435.653 379.61 449.602 437.34 434.746 346.069 379.184 337.341 421.722 321.973 302.918 256.422 283.044 423.613 377.866 246.955 245.436 234.706 389.245 251.765 284.591 225.083 231.791 220.193 357.239 385.455 219.896
threshold=19.500000000000004 0.014000000000000101 -0.017666666666664149 37.500000000000007 1.0365939499376224 -0.52032787705993211 0.83730377313544024 0.99980486111815037 -0.31799228562170639 0.29342972903661901 13.900000000000002 0.95856285463081103 -0.11969653353600833 143.70000000000002 -0.99273797715557011 141.70000000000002 99.500000000000014 27.700000000000006 2.1542883409041749 20.300000000000004 2.7000000000000006 -0.022576249993022598 0.99823645118906479 1.0016301025681396 -0.0036000000000000498 0.0048000000000007004 59.70000000000001 36.500000000000007 0.00066666666666745009 0.15212338618991686
decision_type=2 2 2 2 2 2 2 2 2 2 2 2 2 2 2 2 2 2 2 2 2 2 2 2 2 2 2 2 2 2
left_child=1 2 -1 18 5 6 12 8 -7 14 11 29 -4 26 -10 16 17 20 -2 -8 21 22 -16 -24 -14 -26 27 -6 -29 -11
right_child=3 -3 4 -5 13 7 19 -9 9 10 -12 -13 24 -15 15 -17 -18 -19 -20 -21 -22 -23 23 -25 25 -27 -28 28 -30 -31
leaf_value=0.035568946579114476 0.012203223414142065 0.035011573014897053 0.012917364166073251 0.051005425854080633 0.012478065404318464 -0.056595794678748562 -0.05780875288313389 0.026071488746522958 -0.048342280961183842 0.10862632346340245 0.0030154069950751664 -0.040070866972144979 0.041246417836450666 0.047866536115332182 -0.043311993383573583 -0.053369670125960389 0.069791955699289046 -0.042456435142793097 0.046304289886995087 0.054294430987876133 0.031315053421994775 -0.040831665715813092 0.033605242660031301 -0.046026938658906759 -0.012372490346343613 0.048904077501309547 0.032681191299610099 -0.03593504908800705 0.049201274674387951 -0.054945488808750859
leaf_weight=1867.3768617929891 1513.2740391921252 2730.2440700531006 4301.3702513142489 4303.5074210874736 3823.2120652580634 443.60915957763791 53.020206429064274 755.64722099341452 254.42575740395114 74.733529382385314 811.7750449096784 1988.5844905814156 229.66099550575018 579.18648265302181 165.50779127608985 203.45237658545375 250.89506620634347 408.91387671791017 817.83864677324891 617.06397597491741 817.75729218125343 453.70702064223588 865.99075629655272 128.89773642225191 3596.3352321311831 161.24865049682558 893.97714673727751 795.53090334683657 159.62515206634998 28.337519305758178
leaf_count=9578 4802 11503 27620 10802 8681 17592 951 1897 9868 441 3844 117261 393 777 4620 2258 743 6503 2129 1155 4121 26601 6781 2642 33174 303 1620 2753 233 485
internal_value=0.0148005 0.00833138 0.00538581 0.0415756 0.00292049 -0.00103203 0.00657051 -0.00993255 -0.0138775 -0.0109408 -0.0243421 -0.0349595 0.00342942 0.0134227 2.10768e-05 0.00375535 0.00751455 0.00201426 0.0241671 0.0454243 0.00949195 -0.00156435 0.0137889 0.0232881 -0.00680601 -0.00974294 0.00990575 0.00564473 -0.0217071 0.0636552
internal_weight=34094.7 27460.1 24729.8 6634.62 22862.5 16610.9 8958.7 7652.23 6896.59 6452.98 2903.43 2091.66 8288.62 6251.53 3549.55 3295.12 3091.67 2840.77 2331.11 670.084 2431.86 1614.1 1160.4 994.888 3987.24 3757.58 5672.35 4778.37 955.156 103.071
internal_count=322131 304398 292895 17733 283317 269253 63596 205657 203760 186168 122031 118187 61490 14064 64137 54269 52011 51268 6931 2106 44765 40644 14043 9423 33870 33477 13287 11667 2986 926
is_linear=0
shrinkage=0.05


Tree=62
num_leaves=31
num_cat=0
split_feature=6 4 4 10 2 16 15 17 17 17 16 16 9 17 14 9 3 9 3 9 9 9 17 15 16 15 9 3 14 9
split_gain=2254.81 820.796 679.261 421.609 394.046 408.042 416.456 403.171 310.484 419.007 440.53 400.891 586.982 304.365 295.384 335.463 485.583 283.366 259.77 249.45 268.588 419.651 244.917 234.322 449.592 228.582 225.348 222.524 242.624 217.655
threshold=20.300000000000004 0.016333333333334452 -0.017666666666664149 36.500000000000007 1.0365939499376224 -0.52032787705993211 0.98664098404873191 0.83730377313544024 0.96849880583763492 -0.49812626372919405 0.10837544681456417 -0.15101209918632377 18.500000000000004 0.029024409397335454 -0.5 1.3000000000000003 0.99809911741234281 67.90000000000002 0.99239640084101166 1.3000000000000003 108.10000000000001 90.100000000000009 0.31595530242620651 0.73727733681012431 -0.30163705152652737 0.89783339391592787 20.300000000000004 0.99487915741804289 -0.17364817766693016 148.50000000000003
decision_type=2 2 2 2 2 2 2 2 2 2 2 2 2 2 2 2 2 2 2 2 2 2 2 2 2 2 2 2 2 2
left_child=1 2 -1 -2 5 7 8 13 9 10 -7 12 -10 -4 18 16 25 23 -15 -12 21 27 -17 24 -6 -16 -9 28 -21 -20
right_child=3 -3 4 -5 17 6 -8 26 11 -11 19 -13 -14 14 15 22 -18 -19 29 20 -22 -23 -24 -25 -26 -27 -28 -29 -30 -31
leaf_value=0.034613121299867405 0.01002127477293009 0.035299502516032082 -0.053831813050778589 0.046978036061237655 0.016663559533867525 -0.061069878479362773 0.0086318898846943892 -0.057529059185132618 0.047779446678004073 -0.043301267063035165 -0.046104568598040227 -0.021449830720246667 -0.072357204476804507 0.045987145261797362 -0.058910867216845603 -0.042874507210199808 0.022014977739204019 0.033565812147555649 0.0044621612341284997 0.060644283556625295 -0.065069979785862 0.071994211800581895 -0.0066858157310679114 0.014325047629860832 -0.042999324444257581 0.015327311636832826 0.052199588528591613 -0.012408075000504032 -0.055097423830521186 0.0498040294212845
leaf_weight=1839.7484130766243 903.90676711499691 2524.9153441153467 227.36023242678493 5277.3291312307119 693.67394409142435 348.26957315392792 2236.6083005620167 50.673398036509752 624.21497800573707 1701.1612857482396 245.08889654837549 893.13210384361446 121.45859288610518 610.05467440001667 318.09777355380356 621.45422051846981 1880.2953395340592 1387.4298467561603 2285.3614286500961 236.53925512963906 114.78254559217021 257.85009286226705 1887.6735312696546 3756.9902788354084 579.57158568128943 153.8305367641151 610.55680041760206 807.62709459383041 55.997922070324421 299.34020720422268
leaf_count=9616 3068 10738 12162 14063 1643 18422 13082 951 3750 99214 22579 22448 2229 1799 4168 5323 8844 2567 13502 1959 1774 674 14306 7687 2718 1011 1156 18404 1837 437
internal_value=0.0142983 0.00813843 0.00537812 0.0415737 0.00304016 -0.00103018 -0.009514 0.00621876 -0.0170213 -0.0249243 -0.00979373 0.00114639 0.0282111 0.00321959 0.0048297 -0.00293172 0.0106338 0.0135606 0.01664 0.000601561 0.00837395 0.0145816 -0.0156489 0.00804276 -0.0104945 -0.0347121 0.0437905 0.00112557 0.0384888 0.00971331
internal_weight=33551 27369.8 24844.8 6181.24 23005.1 16587.4 7642.73 8944.7 5406.12 3767.32 2066.16 1638.81 745.674 8283.47 8056.11 4861.35 2352.22 6417.67 3194.76 1717.89 1472.8 1358.01 2509.13 5030.24 1273.25 471.928 661.23 1100.16 292.537 2584.7
internal_count=322131 305000 294262 17131 284646 270031 206372 63659 193290 164863 65649 28427 5979 61552 49390 33652 14023 14615 15738 47227 24648 22874 19629 12048 4361 5179 2107 22200 3796 13939
is_linear=0
shrinkage=0.05


Tree=63
num_leaves=31
num_cat=0
split_feature=6 4 4 10 9 4 5 15 4 4 14 16 5 5 16 15 4 17 2 5 16 16 0 2 17 0 16 17 8 3
split_gain=2151.38 762.624 656.339 430.527 363.926 361.953 1039.91 497.251 437.847 531.269 310.498 365.601 400.872 403.88 382.361 331.451 270.67 266.552 255.4 294.17 254.465 249.475 233.075 222.371 510.222 357.351 308.62 215.973 223.191 204.802
threshold=20.300000000000004 0.010000000000000153 -0.017666666666664149 37.500000000000007 56.500000000000007 -0.00066666666666624988 -0.0012000000000000498 -0.6835516316989646 -0.0076666666666660496 -0.0079999999999997486 0.70864607840491656 -0.73282214301478099 1.0000000180025095e-35 -1.0000000180025095e-35 0.94138322595482449 0.99913862891129035 -0.0080000000000025988 -0.9497838742125716 3.4659388386482632 -0.0023999999999996494 0.89787622492179153 -0.954673248495711 2.152900965564386 1.10098581973582 0.063390085881955258 1.0102983858438208 0.013976441590891201 0.14888728888808322 36.500000000000007 1.0147642955587435
decision_type=2 2 2 2 2 2 2 2 2 2 2 2 2 2 2 2 2 2 2 2 2 2 2 2 2 2 2 2 2 2
left_child=1 2 27 22 5 8 -7 -8 9 16 11 12 13 -9 15 20 18 -10 19 -4 -13 -6 -2 24 25 -3 -26 28 -1 -28
right_child=3 23 4 -5 21 6 7 10 17 -11 -12 14 -14 -15 -16 -17 -18 -19 -20 -21 -22 -23 -24 -25 26 -27 29 -29 -30 -31
leaf_value=-0.03595407888766082 0.011351965617445822 -0.045396599764578681 -0.015650265644165273 0.050988430506824771 -0.053720631678018597 0.066260240163734815 -0.029914607671485838 -0.021571282158193227 0.0056198858178872248 0.083004376896259169 -0.016701478823493522 -0.011190811304111216 -0.0058394174540436572 0.042867966631172559 0.029343827135546275 0.018703081743897627 -0.044897034184944361 -0.032290530525182583 -0.047388843912196721 0.047203430404482161 -0.082672671275227511 0.014890764635029042 0.046703346531904437 0.048958610756013106 0.04416606278405269 0.030748447714609557 -0.058802993701629086 0.042319445525561272 0.043297144772107311 0.0331140349219676
leaf_weight=201.24638390541077 1425.7663308475167 403.17002442479134 313.87509696232155 3840.9986792765558 135.78340650722384 615.51518798014149 1272.8182442709804 282.76863025780767 576.41318397643045 206.41638021357358 1626.9163064621389 3344.9886285359971 929.56015618611127 1735.9059274420142 890.56365928286687 1008.9311496382579 300.90164442406967 2370.4411221444607 162.24093880131841 457.4847366027534 129.31525642052293 5457.6244366811588 692.82133457064629 1053.8800645582378 1483.853298747912 249.39484589267522 131.7315550390631 1438.5858012139797 159.0516108982265 112.23269726708531
leaf_count=5408 4624 7372 3319 10559 1512 2752 40464 2033 8744 176 39394 56537 6993 3986 7428 2623 3511 67981 587 1681 4352 26149 1948 2088 3136 572 1724 3938 270 270
internal_value=0.0138129 0.00782173 0.0046204 0.0410077 0.00222704 -0.00156445 0.00298228 -0.000488523 -0.0138306 0.00875697 0.0032761 0.00718162 0.0213304 0.0338415 -0.000580838 -0.00652517 -0.00365765 -0.0248751 0.00963389 0.0216275 -0.0138514 0.0132252 0.0229126 0.0298372 0.0213714 -0.0162958 0.0355976 0.0336492 -0.000969053 -0.0165177
internal_weight=33011.2 27051.6 23617.3 5959.59 21818.5 16225.1 11837.3 11221.8 4387.77 1440.92 9948.95 8322.03 2948.23 2018.67 5373.8 4483.24 1234.5 2946.85 933.601 771.36 3474.3 5593.41 2118.59 3434.26 2380.38 652.565 1727.82 1798.88 360.298 243.964
internal_count=322131 305000 289838 17131 280222 252561 166562 163810 85999 9274 123346 83952 13012 6019 70940 63512 9098 76725 5587 5000 60889 27661 6572 15162 13074 7944 5130 9616 5678 1994
is_linear=0
shrinkage=0.05


Tree=64
num_leaves=31
num_cat=0
split_feature=6 4 5 10 5 4 9 15 5 4 5 16 3 4 4 5 16 5 17 1 3 5 2 16 17 3 3 8 9 16
split_gain=2050.26 657.825 631.157 513.64 379.364 579.465 359.18 370.72 327.565 593.223 470.953 374.844 316.271 312.014 309.447 280.883 269.391 265.011 256.13 252.993 271.967 250.662 232.969 665.076 410.466 214.663 328.246 243.269 324.151 212.536
threshold=15.900000000000002 0.010000000000000153 -0.0052000000000004994 37.500000000000007 0.0012000000000003503 0.00066666666666655009 56.500000000000007 -0.69930991848440816 4.4444444444427716e-05 -0.00066666666666624988 -0.0012000000000000498 -0.97287096065939782 1.0099738785011947 -0.005999999999998399 0.017999999999996404 0.0003555555555555501 -0.031173458710879145 -1.0000000180025095e-35 -0.98801846520836334 1.003352691145347 0.99474358107997651 0.0015999999999997002 1.10098581973582 -0.031173458710879145 0.029024409397335454 1.0147642955587435 0.99707010811270413 62.500000000000007 59.500000000000007 0.94138322595482449
decision_type=2 2 2 2 2 2 2 2 2 2 2 2 2 2 2 2 2 2 2 2 2 2 2 2 2 2 2 2 2 2
left_child=1 2 16 14 6 -6 7 -4 9 13 -11 17 21 -9 -2 -10 -1 -12 -8 20 -17 -7 23 24 -3 26 -20 28 -28 -13
right_child=3 22 4 -5 5 12 18 8 15 10 11 29 -14 -15 -16 19 -18 -19 25 -21 -22 -23 -24 -25 -26 -27 27 -29 -30 -31
leaf_value=0.045451472553731984 0.011736369250660772 -0.054582521149018418 -0.027443163269838158 0.048110528114820708 0.055917763386117161 0.071266171737493264 -0.065882071861462707 0.0034410331553848261 -0.051902998863147046 0.074439756640016855 -0.039448862007602288 3.386971668715933e-05 0.036035318211191866 -0.028634117620403056 0.050925677752325461 0.019281447166858777 -0.020094943629462729 0.050570655574118134 0.035093572555350797 0.0058082831734648692 -0.03667812378293421 -0.017005721044860315 0.04960505519068327 -0.027718120507897862 0.043617822538931678 0.022798217480212671 0.037664667290064333 0.01161224280044771 -0.041196034705534464 0.034176205285911011
leaf_weight=1180.1220135837793 2203.2654430847615 114.99913764651865 1617.2589024608023 4252.2146888300776 771.88223617244512 86.764181823469698 105.9122512480244 1328.6051424648613 462.45754004456103 288.69762682076544 92.217878504656255 4300.5026706927456 525.47621550969779 1765.9502129498869 653.01932010427117 273.68512429716066 180.76777447434142 720.80402143858373 537.66135532595217 1321.6805741279386 1050.6113478336483 1100.5027093081735 920.39698811993003 551.13987001217902 1425.0950683616102 2478.1325131328776 158.08442662423477 722.97675563860685 741.58076216233894 509.85088804690167
leaf_count=4327 7176 2247 55971 11843 3381 278 565 12676 14507 1363 608 52084 1266 46051 1675 4961 4711 1238 1834 5823 30276 18642 1844 7184 3120 5483 1180 2627 12906 4284
internal_value=0.013366 0.00670784 0.00374841 0.037095 0.00160615 0.0199491 -0.000860502 -0.00495811 -0.00195654 0.00287344 0.0121573 0.00895976 0.00373915 -0.0148631 0.020696 -0.0159513 0.0367449 0.0403601 0.0109999 -0.00966778 -0.0251133 -0.0105549 0.0286431 0.0194173 0.0362852 0.0127553 0.00123494 -0.00998409 -0.027339 0.00365263
internal_weight=32442.3 25333.8 22322.2 7108.5 20961.3 2484.63 18476.7 13732.3 12115.1 9006.63 5912.07 5623.38 1712.74 3094.56 2856.28 3108.43 1360.89 813.022 4744.35 2645.98 1324.3 1187.27 3011.63 2091.23 1540.09 4638.44 2160.3 1622.64 899.665 4810.35
internal_count=322131 301437 287042 20694 278004 23567 254437 229842 173871 118304 59577 58214 20186 58727 8851 55567 9038 1846 24595 41060 35237 18920 14395 12551 5367 24030 18547 16713 14086 56368
is_linear=0
shrinkage=0.05


Tree=65
num_leaves=31
num_cat=0
split_feature=6 4 4 10 2 16 15 5 5 15 5 5 7 10 4 14 0 2 17 17 15 9 17 7 17 3 17 16 15 3
split_gain=1954.32 710.889 566.104 439.005 329.319 341.025 393.291 265.938 272.911 257.91 251.918 240.322 256.388 238.59 318.53 227.831 222.741 206.048 215.43 293.964 292.46 209.931 203.146 204.787 202.478 728.955 199.625 503.472 191.2 187.754
threshold=20.500000000000004 0.016333333333334452 -0.017666666666664149 37.500000000000007 1.0320670495509974 0.28519915169571858 0.98518190603514288 0.0048000000000007004 -0.0052000000000004994 -0.564573334685324 -0.0010000000000001997 0.0010000000000001503 62.100000000000009 36.500000000000007 0.00066666666666745009 0.64111330583356207 2.152900965564386 1.1270337095617382 -0.6523320455745395 -0.93237865822738086 0.45201865172701722 48.100000000000009 0.14888728888808322 41.300000000000011 0.029024409397335454 1.0573392486592827 -0.49812626372919405 0.77244481603295057 0.61048935452158515 2.9090518415140587
decision_type=2 2 2 2 2 2 2 2 2 2 2 2 2 2 2 2 2 2 2 2 2 2 2 2 2 2 2 2 2 2
left_child=1 2 22 16 5 7 26 8 -4 -10 -6 12 13 17 15 29 -2 18 19 20 -12 -19 23 -1 25 -3 27 -7 -29 -15
right_child=3 24 4 -5 10 6 -8 -9 9 -11 11 -13 -14 14 -16 -17 -18 21 -20 -21 -22 -23 -24 -25 -26 -27 -28 28 -30 -31
leaf_value=-0.033463707895018374 0.010259761027141157 -0.047915038598452281 0.044328577877462111 0.050757390916648853 0.048995933132952071 -0.054739592869401735 0.0036026680416833944 0.042796107522390214 -0.014926030392791121 0.0035533111763009304 -0.065944005197183631 0.041125537431100839 0.033470782501315938 0.0089296057293304434 0.036302860912111309 -0.075132539912243293 0.046018412723859765 0.011958563579236388 0.011007249398687202 -0.073785282010935871 0.015639133107815461 0.055189518159134004 0.041277839816481282 0.044020884932548215 0.044229172743534391 0.052545564570669105 -0.044856321228313574 -0.024426709637216885 0.052222598054554009 -0.04393860591854315
leaf_weight=205.93844022415578 1387.9422684386373 299.68774338811636 355.33301574457437 3489.1348338797688 431.16300388332456 345.10557656968012 1465.4086164827459 395.91807122901082 2360.680986979045 9432.7844394179992 146.76337272115052 545.37209089752287 753.18181297183037 344.67709171399474 215.85031947493553 223.19446688145399 634.60663138702512 1454.5161013007164 1101.3033158387989 210.66020459122956 436.77573652565479 348.0083631798625 1355.4046353958547 145.53461756557226 1543.0020192041993 454.30444591492414 1082.3337611481547 117.60275864088908 264.00120766926557 327.5001434199512
leaf_count=5440 4546 5234 1400 10503 606 22641 8215 1390 44099 97998 1046 852 1502 781 420 1026 1923 3075 2471 1268 1013 381 3943 242 4464 1061 84122 6827 2418 1224
internal_value=0.0129368 0.00727567 0.00473898 0.0400137 0.00262009 -0.00128134 -0.0156505 0.00246934 0.00115513 -0.000145672 0.0120585 0.00945098 0.00634543 0.00209729 -0.0182189 -0.0313627 0.0214796 0.00820212 -0.00330713 -0.0231566 -0.00487949 0.020305 0.032494 -0.00137963 0.033852 0.0126157 -0.0312465 -0.0109765 0.0286008 -0.016829
internal_weight=31873.7 26362 24065 5511.68 22358.1 15819.2 3274.45 12544.7 12148.8 11793.5 6538.97 6107.8 5562.43 4809.25 1111.22 895.372 2022.55 3698.03 1895.5 794.199 583.539 1802.52 1706.88 351.473 2296.99 753.992 1809.04 726.71 381.604 672.177
internal_count=322131 305159 294400 16972 284775 269110 124223 144887 143497 142097 15665 15059 14207 12705 3451 3031 6469 9254 5798 3327 2059 3456 9625 5682 10759 6295 116008 31886 9245 2005
is_linear=0
shrinkage=0.05


Tree=66
num_leaves=31
num_cat=0
split_feature=6 4 4 10 7 16 17 15 9 16 3 3 0 9 0 16 17 9 17 15 17 16 17 17 9 2 1 0 15 16
split_gain=1862.1 696.887 526.544 428.965 357.597 299.572 505.79 393.45 381.086 459.274 429.613 386.834 466.896 363.461 321.218 344.956 303.798 276.038 275.086 272.567 270.301 295.917 259.999 246.709 243.194 239.917 223.539 217.971 208.754 200.696
threshold=21.700000000000006 0.016333333333334452 -0.017666666666664149 36.500000000000007 56.500000000000007 -0.90529520250134576 0.38043945030393422 0.98664098404873191 41.100000000000009 -0.67166439702596292 1.0014962254320674 3.6620970266040693 1.008431422946743 2.1000000000000005 0.99918550193068045 -0.031173458710879145 0.97648852793709995 17.700000000000006 -0.99052477729077237 -0.6835516316989646 -0.99052477729077237 -0.73282214301478099 0.63089349388778826 0.18281312110578127 13.900000000000002 4.5039854390259224 1.1947256238067026 0.99810452203403333 0.20576496797711538 -0.082689790342551792
decision_type=2 2 2 2 2 2 2 2 2 2 2 2 2 2 2 2 2 2 2 2 2 2 2 2 2 2 2 2 2 2
left_child=1 2 29 -2 5 6 13 8 10 -10 14 12 28 23 17 16 -16 -7 -14 -15 24 22 -22 -4 -12 -23 -21 -25 -11 -1
right_child=3 -3 4 -5 -6 7 -8 -9 9 11 20 -13 18 19 15 -17 -18 -19 -20 26 21 25 -24 27 -26 -27 -28 -29 -30 -31
leaf_value=0.045018831763028962 0.0083216045556776235 0.033684991435757809 -0.0071594970844664546 0.046868564107196233 0.024679552475218476 -0.030487498774361285 0.035332214078009787 0.010076898771040836 -0.078674110159395821 -0.051277139983062596 0.046320542630260753 -0.052051940492631156 -0.061897600502156647 -0.057047452423311412 0.0028376617930124769 -0.027881894033141404 0.045507715075609717 0.016329506490270772 0.026572975707301029 -0.011083164628828761 -0.03840623330373652 -0.046737308164124837 0.044150466169282976 -0.036071895854986463 -0.078435708888590916 -0.17876535615364161 0.050384413660328788 0.039737206949753738 -0.001787348898835318 0.009225964742773346
leaf_weight=1051.5375745603815 871.58373005129397 2261.4400670975447 611.01823259890079 4198.1265549212694 1699.0135095156729 1676.0930756847374 1528.4204618111253 4321.3620184091851 159.15866333991289 302.81743971304968 173.77011971641332 250.8002298027277 91.067337892018259 298.79246742743999 1658.5398103469051 648.88640951924026 557.30289776436985 387.67132472526282 2497.8326669596136 1601.9156062556431 208.59427472017705 1463.7035400420427 175.69710285402834 104.84442446939647 50.391034709755331 35.237061269581318 162.95807103067636 991.59765689820051 719.03543630242348 624.07133962679654
leaf_count=3986 2898 10903 3787 13181 4015 78144 3296 18668 2003 11830 2076 961 774 3239 20323 57293 3586 6767 6586 8919 3137 38047 752 828 677 202 230 1936 7382 5705
internal_value=0.0124943 0.00714837 0.00465334 0.0402416 0.00262892 0.000817077 0.0110689 -0.0027159 -0.00771584 0.0045636 -0.014733 0.00799434 0.0121651 0.0012351 -0.00665389 0.00418042 0.0135695 -0.0216931 0.0234609 -0.0128844 -0.0336275 -0.0398055 -0.000661507 0.0183002 0.0182756 -0.049841 -0.00540761 0.0324882 -0.0164532 0.031688
internal_weight=31383.3 26313.6 24052.1 5069.71 22376.5 20677.5 5299.55 15378 11056.6 4020.71 7035.89 3861.55 3610.75 3771.13 4928.49 2864.73 2215.84 2063.76 2588.9 2063.67 2107.39 1883.23 384.291 1707.46 224.161 1498.94 1764.87 1096.44 1021.85 1675.61
internal_count=322131 306052 295149 16079 285458 281443 22235 259208 240540 29536 211004 27533 26572 18939 166113 81202 23909 84911 7360 12388 44891 42138 3889 6551 2753 38249 9149 2764 19212 9691
is_linear=0
shrinkage=0.05


Tree=67
num_leaves=31
num_cat=0
split_feature=1 6 16 2 17 16 9 17 9 4 16 17 17 15 17 9 15 16 16 15 16 4 16 3 9 9 17 4 14 0
split_gain=1781.56 621.593 500.494 405.963 519.294 473.821 561.578 372.703 676.068 370.462 343.571 306.195 302.653 293.583 283.963 356.207 294.133 269.858 431.497 265.677 272.172 260.761 254.107 241.497 313.339 236.881 234.857 222.739 262.462 261.831
threshold=1.1947256238067026 22.300000000000004 -0.89015004145349408 1.0069997666822215 0.96849880583763492 -0.13398594226331254 18.500000000000004 0.38043945030393422 1.3000000000000003 -0.00066666666666624988 -0.67166439702596292 0.18281312110578127 -0.99864786094873803 -0.64278760968653914 0.29958852271690523 8.9000000000000021 0.17364817766693061 -0.53493989022977317 -0.31799228562170639 -0.18436924984152966 -0.70898476237405783 0.0099999999999979515 -0.96434279144912105 0.9959962822416355 5.3000000000000016 0.50000000000000011 0.69521084835931835 -0.0020000000000001995 0.0021816546423733115 1.047878263753969
decision_type=2 2 2 2 2 2 2 2 2 2 2 2 2 2 2 2 2 2 2 2 2 2 2 2 2 2 2 2 2 2
left_child=2 9 7 4 19 6 -6 8 11 -2 -5 -1 -12 -11 15 22 -16 -14 -19 20 26 27 -10 24 -21 -9 -4 -20 29 -29
right_child=1 -3 3 10 5 -7 -8 25 14 13 12 -13 17 -15 16 -17 -18 18 21 23 -22 -23 -24 -25 -26 -27 -28 28 -30 -31
leaf_value=-0.000758173767318987 0.0038084861688808661 0.04798575338196498 -0.012914213936645436 -0.044843392219546113 0.047382475648456039 -0.010861194940231397 -0.052051593578089299 0.0096373971753080934 0.010326215443183075 -0.057849346110074779 -0.077350295378678616 0.03940624401495673 0.040583017112784808 0.03812167975394018 -0.02628025370897534 -0.062727262731113384 0.025479234214624204 -0.089121869041433793 0.030007577705505845 -0.024762919479107175 -0.040304122403230495 0.041131361797109946 -0.074431534136560867 -0.012310286919607805 0.030128002016932293 0.043638539202214999 0.075550396212259133 -0.046195194127707652 0.0090726992418912588 0.012162700432476938
leaf_weight=677.13267629034817 1948.9110739268363 3634.5505097024143 527.75185469212011 273.81390088004991 1126.5733624529094 1011.9817108833231 162.47634442802519 755.41561754047871 500.18462564516813 83.045390442013741 92.650818207766861 1585.8533668294549 811.64082165295258 1970.8156395480037 443.56355955079198 467.12761309929192 720.023770917207 108.30826336471364 893.19025097088888 378.0248292312026 1385.0613478324376 659.07919120509177 107.4207786694169 4271.5636273063719 832.63525598403066 1591.3677718043327 87.457799702882767 485.85171787627041 2990.8343576029874 318.00790420919657
leaf_count=4279 5149 12126 8856 2235 5465 23055 2849 3295 2563 358 764 4109 2047 4465 2649 5415 1918 1478 3835 18216 84773 1377 856 93411 5746 2839 566 5409 11211 817
internal_value=0.0120628 0.0330162 0.00518427 0.000447773 -0.00602645 0.0147461 0.0348495 0.0165391 0.00811669 0.0194238 0.00999656 0.0273882 0.0123577 0.0342412 -0.0113672 -0.0298978 0.00574834 0.013684 0.00968191 -0.0124145 -0.0280121 0.0116833 -0.00465842 -0.00672346 0.0129885 0.0326938 -0.000338143 0.00754311 0.00225545 -0.0231087
internal_weight=30902.3 7637.32 23265 16416.9 9783.53 2301.03 1289.05 6848.09 4501.31 4002.77 6633.38 2262.99 6359.56 2053.86 2238.32 1074.73 1163.59 6266.91 5455.27 7482.49 2000.27 5346.96 607.605 5482.22 1210.66 2346.78 615.21 4687.88 3794.69 803.86
internal_count=322131 22098 300033 272110 242937 31369 8314 27923 21789 9972 29173 8388 26938 4823 13401 8834 4567 26174 24127 211568 94195 22649 3419 117373 23962 6134 9422 21272 17437 6226
is_linear=0
shrinkage=0.05


Tree=68
num_leaves=31
num_cat=0
split_feature=6 4 4 10 7 5 4 2 5 4 15 16 9 17 14 9 16 16 0 5 3 3 14 0 4 5 0 16 5 0
split_gain=1708.51 633.679 485.901 419.325 322.429 253.674 559.445 364.386 318.99 719.119 338.759 427.747 461.499 337.434 333.559 307.588 351.087 300.725 299.337 244.06 231.452 215.018 212.544 286.104 205.514 219.817 204.468 195.758 195.664 193.969
threshold=21.700000000000006 0.016333333333334452 -0.017666666666664149 37.500000000000007 56.500000000000007 0.0014666666666666502 0.00066666666666655009 1.0137336621711623 -0.0013238095238094997 -0.0012820512820510999 0.98664098404873191 -0.52032787705993211 48.100000000000009 0.029024409397335454 -0.14132478920498423 48.300000000000011 -0.099819732675876779 -0.54939360607974019 1.0356110575854149 0.0015999999999997002 10.034204925509277 2.9090518415140587 0.065403129230143062 1.047878263753969 0.011000000000000051 0.0048000000000007004 1.0220285415295292 0.96465729447553372 -0.0015999999999996998 2.152900965564386
decision_type=2 2 2 2 2 2 2 2 2 2 2 2 2 2 2 2 2 2 2 2 2 2 2 2 2 2 2 2 2 2
left_child=1 2 -1 29 5 8 -7 19 9 18 11 13 20 -10 -15 -14 -17 26 28 -8 -13 22 23 -18 25 -21 -16 -12 -4 -2
right_child=3 -3 4 -5 -6 6 7 -9 10 -11 27 12 15 14 17 16 21 -19 -20 24 -22 -23 -24 -25 -26 -27 -28 -29 -30 -31
leaf_value=0.03071594692277892 0.0095677078770257541 0.032488604882867832 -0.013829297593390924 0.050807515308456445 0.023479109514349682 0.056568040880964822 0.076122504097827115 0.037201407098112517 -0.061088353604040441 0.05945453923106956 0.0034766998548483815 -0.029121592060758601 0.057756543140815735 0.013704401199759707 -0.0223114496702718 -0.076748468884074328 -0.054837273173671056 0.041591338824094541 0.052459519415533541 -0.018179986966929448 -0.1589806698415592 -0.050202696020363903 0.020806433107761868 0.025166266525972803 -0.075691911980738075 0.045333901083108488 0.014675613364288624 0.033758003075174674 0.092274835476857636 0.046252591982569626
leaf_weight=1608.5548601523042 1264.1266592573375 2159.7770406398922 1374.492895513773 2955.4833697192371 1653.152538171038 620.24841118650511 75.37779458379373 532.4347010422498 215.4565033679828 668.16366042522714 3439.52353809122 3267.594687145669 207.3399665215984 3152.1453998554498 2021.2116702692583 162.07572026597336 262.33280124142766 254.57250986155123 217.95048810169101 1036.8041378688067 34.676905822008848 184.57328045368195 940.71209012670442 194.67974224686623 131.51333896908909 156.83355777012184 458.39135539159179 631.7448438918218 44.867904720362276 503.98371920362115
leaf_count=9691 4204 10903 21899 10145 4015 2987 112 1121 9771 3222 15698 146680 222 17854 19801 2273 5768 888 270 18309 181 628 7715 378 2074 842 1178 1463 109 1730
internal_value=0.0116465 0.00656804 0.00419059 0.0392849 0.00224576 0.000515381 0.0152505 0.00199257 -0.00160625 0.0157412 -0.00419872 -0.00863512 -0.0190929 0.000369631 0.00261917 0.000182768 -0.00666057 -0.0101606 -0.00209766 -0.0113927 -0.0304852 0.000518571 0.00721645 -0.0207571 -0.0163707 -0.00983482 -0.0154738 0.0081755 -0.0104752 0.0200244
internal_weight=30430.8 25707.2 23547.4 4723.59 21938.9 20285.7 2553.21 1932.96 17732.5 2305.47 15427 11355.8 5253.99 6101.78 5886.32 1951.71 1744.37 2734.18 1637.31 1400.53 3302.27 1582.3 1397.72 457.013 1325.15 1193.64 2479.6 4071.27 1419.36 1768.11
internal_count=322131 306052 295149 16079 285458 281443 25445 22458 255998 25500 230498 213337 163845 49492 39721 16984 16762 21867 22278 21337 146861 14489 13861 6146 21225 19151 20979 17161 22008 5934
is_linear=0
shrinkage=0.05


Tree=69
num_leaves=31
num_cat=0
split_feature=6 4 10 5 4 1 5 4 1 9 14 16 3 6 16 9 5 4 16 16 9 17 3 5 5 8 5 15 0 8
split_gain=1624.08 533.459 508.97 470.723 255.812 254.174 264.565 523.415 315.144 271.361 331.393 362.672 352.262 314.611 457.681 279.132 308.824 352.806 294.795 250.848 236.574 215.306 695.811 213.719 339.505 212.788 212.04 202.607 195.597 189.049
threshold=17.700000000000006 0.014000000000000101 37.500000000000007 -0.0052000000000004994 0.018333333333333403 14.285139964264445 0.0012000000000003503 0.00066666666666655009 1.0176382084896314 56.500000000000007 0.15212338618991686 0.18492960260158642 0.95897669635135452 1.0000000180025095e-35 -0.70898476237405783 34.500000000000007 -0.0013238095238094997 -1.0000000180025095e-35 -0.65882179392489248 -0.031173458710879145 48.300000000000011 0.063390085881955258 1.0425144786635727 1.0000000180025095e-35 -1.0000000180025095e-35 0.70000000000000018 0.0015999999999997002 -0.66746801135786449 1.0033606386695799 7.3000000000000016
decision_type=2 2 2 2 2 2 2 2 2 2 2 2 2 2 2 2 2 2 2 2 2 2 2 2 2 2 2 2 2 2
left_child=1 3 4 19 -2 6 9 -8 26 10 12 15 27 14 23 16 17 -12 -17 -1 -20 22 -3 24 -14 -15 -9 -5 -21 -18
right_child=2 21 -4 5 -6 -7 7 8 -10 -11 11 -13 13 25 -16 18 29 -19 20 28 -22 -23 -24 -25 -26 -27 -28 -29 -30 -31
leaf_value=0.043445213324610932 0.009536219565451776 -0.045921756692653401 0.048326474638799688 -0.065823909341065842 0.051370879904815682 0.048784325983070961 0.052430817138512345 0.066560304311405763 0.038573626496887767 0.0093607667383485919 -0.0056434417008084121 -0.039902263308899906 -0.011439191811313311 0.043486478875976987 -0.028525093474830954 -0.053400258809726132 -0.018678608194273787 0.084654350542832837 0.043753075837339589 -0.05518778600503315 -0.050170527396553248 0.041246453699807485 0.051759742734542091 -0.026606034706826778 0.029969500681258084 0.0051096923589317436 -0.013971122400982415 0.051750520680797191 0.055985070518137336 -0.077545234156946474
leaf_weight=1021.7740365797654 1871.9106364324689 331.5606907941401 3256.2982504684478 39.87169041717425 454.05268783867359 282.23896833509207 712.62815905828029 86.940136418212205 453.9341127644293 4605.8383711571805 384.27135520474985 1135.5601387899369 912.32333029527217 403.7012712340802 1949.8423999277875 117.66449597477913 2260.1205043806694 150.55546137085184 568.05377178872004 125.3471742128022 76.015377684496343 1384.928350046277 404.99442252516747 465.24715935438871 1082.1220519109629 3431.1060243817046 1366.1613396373577 452.21969636017457 57.812031994573772 145.14670092333108
leaf_count=4358 6496 5760 11326 505 1408 456 3389 295 871 24931 3894 55159 8176 953 91511 1304 40656 377 1931 4316 971 4462 1039 5729 3733 12939 21103 1834 461 1788
internal_value=0.0112364 0.0056719 0.0355665 0.00339128 0.0177028 0.00165403 0.00101449 0.0158698 0.00220753 -0.00112614 -0.00468453 -0.0151836 0.00112885 -0.00132405 -0.0104327 -0.00760104 -0.0145896 0.0197757 0.019373 0.0337862 0.0326679 0.0296302 0.00778836 0.00390945 0.0110278 0.00914973 -0.00915287 0.0422241 -0.0200974 -0.0222309
internal_weight=29990.2 24408 5582.26 22286.5 2325.96 21081.6 20799.3 2619.66 1907.04 18179.7 13573.8 4837.39 8736.43 8244.34 4409.53 3701.83 2940.09 534.827 761.734 1204.93 644.069 2121.48 736.555 2459.69 1994.45 3834.81 1453.1 492.091 183.159 2405.27
internal_count=322131 302901 19230 291640 7904 282505 282049 25658 22269 256391 231460 106080 125380 123041 109149 50921 46715 4271 4206 9135 2902 11261 6799 17638 11909 13892 21398 2339 4777 42444
is_linear=0
shrinkage=0.05


Tree=70
num_leaves=31
num_cat=0
split_feature=6 4 4 10 0 4 3 17 2 16 15 5 5 15 0 14 9 0 9 3 1 9 14 17 16 1 0 17 3 16
split_gain=1544.55 555.981 434.554 426.608 253.612 399.27 373.784 243.12 259.811 282.419 312.481 214.304 214.679 219.442 215.649 363.406 329.845 218.236 209.92 296.921 211.104 209.873 303.987 195.691 455.037 189.815 188.386 183.219 657.706 182.447
threshold=21.700000000000006 0.016333333333334452 -0.010000000000001249 37.500000000000007 3.3470717486838102 -0.0051666666666666484 2.6420035089318272 -0.99864786094873803 1.0320670495509974 0.28519915169571858 0.98518190603514288 -0.004800000000000049 0.0052000000000000006 -0.27982901403099208 0.99033341153689547 -0.66746801135786415 81.300000000000026 0.99810452203403333 1.3000000000000003 1.025093519844398 1.0019052156355637 43.500000000000007 0.47907376458949807 -0.49812626372919405 0.77244481603295057 1.0192336148610197 2.152900965564386 0.029024409397335454 1.0573392486592827 0.96465729447553372
decision_type=2 2 2 2 2 2 2 2 2 2 2 2 2 2 2 2 2 2 2 2 2 2 2 2 2 2 2 2 2 2
left_child=1 2 -1 26 6 -6 7 -4 9 11 23 -9 13 14 15 -13 -17 -16 20 -20 -19 22 -10 24 -11 -26 -2 28 -3 -12
right_child=3 27 4 -5 5 -7 -8 8 21 10 29 12 -14 -15 17 16 -18 18 19 -21 -22 -23 -24 -25 25 -27 -28 -29 -30 -31
leaf_value=0.024020948359055064 0.0085594261193214279 -0.047381904501364681 -0.060249776801797689 0.050543783859665785 -0.026635075121790953 0.044817700925287571 -0.048936181796940009 0.046175680830224081 0.007974412766138873 -0.053574564386887361 -0.0078163257894520062 0.075752822661909719 0.042090049997642383 0.0042123830684812234 -0.052331197788074005 -0.06064406530699739 0.057823361482461956 0.014283386299430254 -0.036203154490803871 0.032573806026263023 -0.054861389753392435 0.025055753873374012 -0.057343092646295057 -0.044059206380308941 0.038794068655804453 -0.10212136847469283 0.045707725079035845 0.041720179528896832 0.051570562827889702 0.033984420226207478
leaf_weight=2391.2036015302874 1252.7060385532677 289.26827598921955 159.52356622880325 2694.0695368610322 265.50661274790764 741.59107344970107 378.74198669567704 269.58871192671359 2321.5328488722444 309.825177335646 1095.70913673006 178.35223259544 310.29745023697615 8077.2615675064735 375.63846471719444 160.96970674488693 92.531107505783439 884.27587330015376 997.08448786754161 186.23710102075711 126.13269568607211 1877.6266337633133 192.93303924333304 975.49156331364065 338.65354234538972 25.711881882511079 469.07083057612181 1355.1684651523829 400.32112602889538 342.68115420499817
leaf_count=14129 4204 5234 3528 10145 849 1391 1743 994 5398 22357 6997 946 1174 81101 12786 4264 109 14533 19080 665 4394 3870 1533 83055 8750 357 1730 4523 1146 1146
internal_value=0.0108489 0.00605495 0.00384063 0.0381198 0.00150764 0.0259802 0.000255084 0.00122051 0.00173287 -0.00144646 -0.0148911 0.00211475 0.00107177 -7.7115e-05 -0.0116215 0.0210703 -0.0174019 -0.0171163 -0.0110864 -0.0253787 0.00565181 0.0124075 0.00296265 -0.0297428 -0.00902821 0.0288502 0.0186799 0.0310436 0.0100621 0.00214226
internal_weight=29535.7 25119.9 23075.1 4415.85 20683.9 1007.1 19676.8 19298.1 19138.5 14746.4 3088.07 11658.4 11388.8 11078.5 3001.22 431.853 253.501 2569.37 2193.73 1183.32 1010.41 4392.09 2514.47 1649.68 674.191 364.365 1721.78 2044.76 689.589 1438.39
internal_count=322131 306052 295149 16079 281020 2240 278780 277037 273509 262708 122662 140046 139052 137878 56777 5319 4373 51458 38672 19745 18927 10801 6931 114519 31464 9107 5934 10903 6380 8143
is_linear=0
shrinkage=0.05


Tree=71
num_leaves=31
num_cat=0
split_feature=6 4 10 4 7 16 17 15 9 8 16 9 16 3 0 8 3 16 0 9 17 1 2 3 6 16 15 14 15 9
split_gain=1465.19 531.98 417.765 410.019 291.15 215.553 426.199 296.83 304.878 436.663 410.888 289.622 310.792 284.667 356.197 258.719 372.207 321.761 358.894 275.303 240.857 211.863 220.079 211.518 381.938 215.956 208.954 201.507 203.612 199.6
threshold=22.300000000000004 0.016333333333334452 37.500000000000007 -0.017666666666664149 58.900000000000006 -0.90529520250134576 0.38043945030393422 0.98518190603514288 41.100000000000009 14.700000000000001 -0.67166439702596292 9.9000000000000021 -0.954673248495711 3.6620970266040693 1.008431422946743 2.3000000000000007 1.0014962254320674 -0.031173458710879145 0.99995934132953879 18.100000000000005 0.97648852793709995 0.99918629724426944 1.0004036979047501 2.6420035089318272 16.900000000000002 0.85673801594079257 0.17364817766693061 0.62421905441083947 0.010907442517280232 1.5000000000000002
decision_type=2 2 2 2 2 2 2 2 2 2 2 2 2 2 2 2 2 2 2 2 2 2 2 2 2 2 2 2 2 2
left_child=1 3 -2 -1 5 6 11 8 9 15 -10 21 -13 14 27 16 17 18 19 20 -7 -5 -23 -11 -25 -26 -14 28 -12 -20
right_child=2 -3 -4 4 -6 7 -8 -9 10 23 13 12 26 -15 -16 -17 -18 -19 29 -21 -22 22 -24 24 25 -27 -28 -29 -30 -31
leaf_value=0.028777227232338234 0.018227485873632761 0.030679024891776596 0.050669359800253722 -0.015066684106229855 0.023731526236009836 -0.032436673063305298 0.032124837801920318 0.0084360046515037489 -0.077282121707216225 -0.041634092515788368 -0.055597302697588037 -0.053138942821790762 -0.038618444699575788 -0.037306293432608058 0.020990294053620843 0.011028749235369961 -0.042907315946090339 -0.034680613457136578 0.031878487369197815 0.04144162851475458 0.016627025362077007 0.030936021051582732 -0.0058539513747991071 -0.073783154181849164 -0.49136199393209784 -0.11744364185980989 0.019141433674718003 -0.059224909118727347 0.0090168086403619434 -0.015580791284919064
leaf_weight=1525.7325469525531 1633.9848234690726 1990.4070270620286 2527.0469473227859 634.06441960018128 1431.8786019831896 1180.0392802041024 1457.538156170398 4312.6195564693771 150.66740208491683 580.73324080370367 149.90296321641654 447.92626372911036 233.72791026346385 333.21045389771461 2540.6806378485635 1226.0213232464157 939.96613182639703 857.26149871898815 940.65369783714414 192.79747063666582 317.42353979125619 1202.7811302887276 614.01721467263997 65.497851744294167 9.8575805537402648 6.3482337873429051 474.38097005337477 199.18751267809421 653.22559084789827 289.79610542068258
leaf_count=9719 5682 10963 9971 5285 3615 32417 3297 18916 2024 6529 7392 5140 1679 1182 7563 13382 37944 102008 8345 1768 3525 2794 2697 474 112 30 1370 6386 5527 4395
internal_value=0.0104615 0.00588198 0.0379298 0.00373306 0.00195103 0.000392483 0.00930737 -0.00262834 -0.00711579 -0.0137258 0.00372841 8.68842e-05 -0.0205428 0.00687727 0.0110326 -0.00943442 -0.0147521 -0.00774698 0.00015834 -0.0147959 -0.0220364 0.0098176 0.0185022 -0.0522316 -0.127557 -0.344889 7.64339e-05 -0.0142081 -0.00304334 0.0207009
internal_weight=29119.4 24958.3 4161.03 22967.9 21442.2 20010.3 5064.44 14945.9 10633.3 6606.4 4026.87 3606.9 1156.04 3876.21 3543 5943.96 4717.94 3777.97 2920.71 1690.26 1497.46 2450.86 1816.8 662.437 81.7037 16.2058 708.109 1002.32 803.129 1230.45
internal_count=322131 306478 15653 295515 285796 282181 22262 259919 241003 210929 30074 18965 8189 28050 26868 203784 190402 152458 50450 37710 35942 10776 5491 7145 616 142 3049 19305 12919 12740
is_linear=0
shrinkage=0.05


Tree=72
num_leaves=31
num_cat=0
split_feature=1 6 5 4 4 5 5 9 4 4 16 0 16 5 15 15 5 17 0 9 15 9 4 3 6 5 17 16 9 17
split_gain=1405.76 570.468 414.104 532.279 494.406 471.732 480.202 430.186 326.02 266.053 366.528 261.142 260.705 322.306 311.798 255.735 218.666 374.187 216.885 209.683 223.636 422.034 252.953 323.349 292.407 204.904 201.769 198.301 191.706 187.664
threshold=1.1947256238067026 22.900000000000002 -0.0013238095238094997 -0.0019999999999988495 -0.005999999999999949 -4.0816326530611378e-05 -0.00039999999999929995 5.3000000000000016 -0.00066666666666624988 -0.017666666666664149 -0.031173458710879145 1.0356110575854149 -0.89015004145349408 0.0048000000000007004 0.99428911679529652 -0.64278760968653914 1.0000000180025095e-35 0.36447543099728857 0.96529483348394718 76.100000000000009 0.97948508855270677 40.300000000000011 -0.010000000000000049 2.9090518415140587 16.900000000000002 -0.0015999999999996998 0.80798785254895478 -0.97287096065939782 179.10000000000005 0.14888728888808322
decision_type=2 2 2 2 2 2 2 2 2 2 2 2 2 2 2 2 2 2 2 2 2 2 2 2 2 2 2 2 2 2
left_child=2 8 3 9 -4 6 7 18 19 10 29 25 13 16 26 -10 27 -18 -6 20 21 -2 -23 -24 -25 -11 -14 -7 -8 -1
right_child=1 -3 4 -5 5 12 28 -9 15 11 -12 -13 14 -15 -16 -17 17 -19 -20 -21 -22 22 23 24 -26 -27 -28 -29 -30 -31
leaf_value=-0.054179852123303333 -0.066774149108361588 0.047136365826599073 0.041167705990081224 0.055847166585020903 0.047637697510621524 0.042088099206337604 -0.055004536838530772 0.0032870114243378963 -0.055810316480960298 -0.01390424893241419 -0.040606743184676747 0.050709053496969685 -0.011386086093633216 0.050028587039853051 0.014349143302013104 0.03598040307102876 -0.025264781838243947 0.022281594058378477 -0.042346643547179916 0.052985056727083951 0.051229298796095474 0.025923202772653326 0.019328465874023815 -0.08579147499149381 0.0098169100324879063 0.08317101485145921 0.0063127290032367438 0.0075250337629535792 -0.48941163139993754 0.049919388648366286
leaf_weight=45.946264836005867 260.49153982847929 2852.7982441019267 739.0025507574901 795.45169178582728 72.166150097269565 691.05303540220484 601.70624541863799 2348.5044317459688 79.180619407445192 1412.8066335725598 152.93213306926191 200.14892887696624 5065.4096097792499 552.772879909724 2603.5462365429848 1820.7830636184663 925.94676132686436 748.14914120361209 928.7658721851185 187.59812858700752 172.62212906777859 620.16608573123813 299.44594785198569 223.27416811138391 124.60073229670525 56.534509607125074 2360.7900446155109 1038.8361948691308 2.5504631958901873 749.92363994941115
leaf_count=1482 1320 11777 5351 3729 562 1717 20666 21998 358 22227 4198 272 112538 1514 8684 4680 7534 2448 36277 410 282 1314 603 992 362 120 43233 3127 28 2328
internal_value=0.0100779 0.0302495 0.00401451 0.0200271 0.00108811 -0.000562875 -0.0158124 -0.00841118 0.0175323 0.00914477 0.0302869 -0.00287071 0.00374786 0.0146162 -0.000539745 0.032155 0.00886564 -0.00401643 -0.0358589 0.00281845 -0.00271557 -0.00880994 0.00310275 -0.0187604 -0.0515468 -0.0101692 -0.00575963 0.0213322 -0.0568381 0.0439096
internal_weight=28733.9 6640.96 22092.9 3413.74 18679.2 17940.2 3953.69 3349.44 3788.16 2618.29 948.802 1669.49 13986.5 3956.76 10029.7 1899.96 3403.99 1674.1 1000.93 1888.2 1700.6 1527.98 1267.49 647.321 347.875 1469.34 7426.2 1729.89 604.257 795.87
internal_count=322131 22098 300033 34356 265677 260326 79531 58837 10321 30627 8008 22619 180795 16340 164455 5038 14826 9982 36839 5283 4873 4591 3271 1957 1354 22347 155771 4844 20694 3810
is_linear=0
shrinkage=0.05


Tree=73
num_leaves=31
num_cat=0
split_feature=1 6 5 4 4 5 4 4 5 5 5 9 16 4 4 16 0 15 0 4 3 2 4 16 9 15 9 15 6 17
split_gain=1327.21 562.637 383.559 493.627 456.249 420.885 347.744 312.796 253.791 449.723 381.588 433.177 342.059 339.63 253.041 346.366 242.058 237.5 237.297 228.373 208.744 204.893 276.253 268.37 191.157 215.444 441.601 246.17 326.52 220.458
threshold=1.1947256238067026 24.700000000000006 -0.0013238095238094997 -0.0019999999999988495 -0.0076666666666660496 0.00080000000000065013 0.0040000000000004008 -0.00066666666666624988 4.4444444444427716e-05 -4.444444444443557e-05 -0.00039999999999929995 5.3000000000000016 -0.97287096065939782 -0.0019374999999990498 -0.017666666666664149 -0.031173458710879145 1.0356110575854149 -0.64278760968653914 0.96529483348394718 0.00066091954022980007 1.1046641114621643 1.0191098018569635 0.034500000000001405 -0.031173458710879145 76.100000000000009 0.97948508855270677 40.300000000000011 0.73874773214847844 4.3000000000000016 0.73721509932751383
decision_type=2 2 2 2 2 2 2 2 2 2 2 2 2 2 2 2 2 2 2 2 2 2 2 2 2 2 2 2 2 2
left_child=2 7 3 14 -4 6 8 24 9 10 11 18 -11 -10 15 -1 -16 -9 -6 20 -7 22 -21 -24 25 26 -2 28 -28 -30
right_child=1 -3 4 -5 5 19 -8 17 13 12 -12 -13 -14 -15 16 -17 -18 -19 -20 21 -22 -23 23 -25 -26 -27 27 -29 29 -31
leaf_value=0.043729867335494471 -0.064600038319885436 0.048274627792927682 0.04712324429770489 0.054356078407030585 0.04607074329464525 0.046963779957044115 0.017828666322593792 -0.053462467578408793 0.024047074112355019 0.038326130461146107 -0.055597664426882965 0.001475171085029558 0.00044920405179197943 -0.029194918437488122 -0.0096793076879568146 -0.039760649592001304 0.049761861822200659 0.035236296290960964 -0.046192375909333575 -0.005503306174669426 -0.071618359640123558 0.024530685753104076 0.04479248324175468 -0.049657980904417982 0.05280520277411907 0.050834936467148144 0.009243131566017769 0.016729431912688997 -0.064710066546256315 -0.23482747411351174
leaf_weight=760.08335915673524 276.93176341988146 2491.5881032738835 522.01677060499787 776.88820937415585 75.7254234473221 596.93268099287525 1446.7167061585933 78.541549809277058 346.18293176032603 693.13064757082611 552.24714290350676 2229.9363597012125 4256.2844673963264 2222.5204717428423 1466.4366180342622 148.49110062792897 193.91987392678857 1929.1281697377563 874.50901671918109 2781.8654600339942 39.572456620633602 1304.0132632679306 531.47461593151093 87.605251930654049 179.26259065419436 177.56396763771772 174.39917277544737 1007.7718325890601 101.20482241362333 23.458852887153625
leaf_count=3810 1414 10746 2455 3729 569 4439 6829 358 3650 1938 20392 22250 61562 61841 22347 4198 272 5343 36985 36301 168 2765 2139 1394 411 327 471 2546 341 141
internal_value=0.00971597 0.0296704 0.00384998 0.0194328 0.00104097 -0.000292588 -0.00524623 0.0179301 -0.00821345 -0.00412863 -0.0172331 -0.0105709 0.0057536 -0.0220195 0.00887138 0.0300848 -0.00273693 0.0317663 -0.0388398 0.0114828 0.0395914 0.00768012 0.00121916 0.0314269 0.00361556 -0.0013908 -0.00724609 0.00490781 -0.0349283 -0.0967223
internal_weight=28346.4 6439.85 21906.6 3345.82 18560.7 18038.7 12697.3 3948.26 11250.5 8681.83 3732.42 3180.17 4949.42 2568.7 2568.93 908.574 1660.36 2007.67 950.234 5341.46 636.505 4704.96 3400.95 619.08 1940.59 1761.33 1583.77 1306.83 299.063 124.664
internal_count=322131 22098 300033 34356 265677 263222 216016 11352 209187 143696 80196 59804 63500 65491 30627 8008 22619 5701 37554 47206 4607 42599 39834 3533 5651 5240 4913 3499 953 482
is_linear=0
shrinkage=0.05


Tree=74
num_leaves=31
num_cat=0
split_feature=6 4 10 5 7 5 4 2 4 10 16 0 0 4 17 5 5 3 1 4 9 17 17 15 5 5 17 3 0 14
split_gain=1256.48 454.287 431.262 345.858 316.432 232.083 437.953 285.636 211.995 206.574 206.171 199.707 190.344 188.864 185.433 176.939 351.225 315.165 217.396 276.188 184.95 176.194 476.596 201.6 175.112 184.801 174.628 606.098 170.307 164.055
threshold=22.300000000000004 0.016333333333334452 37.500000000000007 -0.0052000000000004994 56.100000000000009 0.0014666666666666502 0.00066666666666655009 1.0137336621711623 0.011000000000000051 39.500000000000007 -0.031173458710879145 14.512991363907089 1.0033606386695799 0.0040000000000004008 0.029024409397335454 4.4444444444427716e-05 0.0003555555555555501 1.0092375312081086 0.99603371246086825 -0.0020000000000006497 180.10000000000002 -0.6391983530350368 -0.92921788351138401 0.99708375941630689 0.0015999999999997002 0.0048000000000007004 0.029024409397335454 1.0573392486592827 2.152900965564386 -0.21643961393810282
decision_type=2 2 2 2 2 2 2 2 2 2 2 2 2 2 2 2 2 2 2 2 2 2 2 2 2 2 2 2 2 2
left_child=1 3 28 10 5 9 -7 8 24 11 14 13 -12 15 -1 -5 20 18 -18 -20 -17 22 -15 -24 -8 -26 27 -3 -2 -6
right_child=2 26 -4 4 29 6 7 -9 -10 -11 12 -13 -14 21 -16 16 17 -19 19 -21 -22 -23 23 -25 25 -27 -28 -29 -30 -31
leaf_value=-0.051149212185458585 0.0065637720782399517 -0.046856404290861894 0.050359073599263039 -0.001210296268510218 -0.0082582794176295684 0.049080110337275801 0.071491021942357694 0.034294194950430651 -0.071650575698848917 -0.11873887305457492 -0.054886632361106247 0.049641171158249009 0.053537662246438966 0.014704942457132823 0.046719945299010329 -0.050516909017311255 0.012067246084912239 0.0096213310694778093 0.057296146802403261 -0.036933053635109105 -0.495162935223316 0.021087002095700851 -0.12578843624148381 0.0019370880145695682 -0.016231087639639517 0.044130252675724936 0.039925158139051675 0.050900724211676213 0.044927997463297453 0.030475234861164727
leaf_weight=51.396465134806931 1172.7706948816776 283.82429310493171 2217.7816286738962 11096.437480442226 343.25242522358894 662.90168395033106 72.582802277524024 491.66632025502622 127.22550818882883 37.856418624520302 118.17018437664956 186.53129831701517 61.568749755155295 446.83286293642595 829.84495992399752 502.88286018883809 368.04047355893999 1436.7572863316163 82.776133690029383 1284.043100876268 2.3495730496942988 1468.9500206415541 105.71605198504403 43.650401577353477 1001.8237447082065 145.17707299580798 1226.2270717173815 359.25189482979476 384.00071133486927 1342.8447041455656
leaf_count=1678 4047 5234 9971 169229 1206 3384 108 1120 2079 160 4331 326 486 1884 2687 19705 8095 5118 805 41841 26 7666 1127 117 18313 842 4546 1183 1635 3182
internal_value=0.00936932 0.00518122 0.0361991 0.00319751 0.0018065 1.53306e-05 0.0142385 0.0016756 -0.0102321 -0.00206976 0.0310578 -0.00181033 -0.0177464 -0.0023803 0.0410119 -0.00436014 -0.0138661 -0.00769832 -0.0220419 -0.0312264 -0.0525847 0.0117827 -0.0111417 -0.0884623 -0.00382505 -0.00859109 0.0288581 0.00775522 0.0160269 0.0225899
internal_weight=27955.1 24180.6 3774.55 22311.3 21250.3 19564.2 2501.38 1838.48 1346.81 17062.8 1060.98 17025 179.739 16838.4 881.241 14773.3 3676.85 3171.62 1734.86 1366.82 505.232 2065.15 596.199 149.366 1219.58 1147 1869.3 643.076 1556.77 1686.1
internal_count=322131 306478 15653 295515 286333 281945 25846 22462 21342 256099 9182 255939 4817 255613 4365 244819 75590 55859 50741 42646 19731 10794 3128 1244 19263 19155 10963 6417 5682 4388
is_linear=0
shrinkage=0.05


Tree=75
num_leaves=31
num_cat=0
split_feature=6 10 4 5 7 5 4 2 16 4 0 3 14 4 0 15 17 17 17 3 16 17 17 10 3 3 9 5 5 3
split_gain=1187.24 431.811 428.219 328.021 291.181 212.509 404.947 262.886 194.917 193.628 189.637 183.792 215.463 184.545 178.723 175.851 175.051 174.835 390.301 169.174 736.243 302.892 168.45 166.922 175.569 389.948 324.435 248.603 297.887 219.024
threshold=22.300000000000004 37.500000000000007 0.016333333333334452 -0.0052000000000004994 56.100000000000009 0.0014666666666666502 0.00066666666666655009 1.0137336621711623 -0.031173458710879145 0.011000000000000051 14.512991363907089 0.95897669635135452 0.19294965869633643 0.0040000000000004008 1.0033606386695799 -0.66746801135786449 0.029024409397335454 -0.6391983530350368 -0.92921788351138401 1.0837958029725354 -0.031173458710879145 0.029024409397335454 0.14888728888808322 39.500000000000007 0.99995939416088042 1.0000285844957697 33.70000000000001 -1.0000000180025095e-35 1.0000000180025095e-35 1.0099738785011947
decision_type=2 2 2 2 2 2 2 2 2 2 2 2 2 2 2 2 2 2 2 2 2 2 2 2 2 2 2 2 2 2
left_child=2 -2 3 8 5 10 22 9 16 -8 11 12 15 23 -10 -5 -1 18 -15 20 21 -4 -7 24 26 27 -13 -26 -29 -27
right_child=1 -3 19 4 -6 6 7 -9 14 -11 -12 13 -14 17 -16 -17 -18 -19 -20 -21 -22 -23 -24 -25 25 29 -28 28 -30 -31
leaf_value=-0.050873858607446802 0.015423513956528051 0.050244327223981824 -0.055047701803873916 -0.064351442083783197 0.021850408563843546 -0.011420166827367274 -0.0036610722625850141 0.033295480390146161 -0.054669075146529661 -0.068826269887448596 0.049243414559414722 -0.021844010477769394 -0.024147126416907361 0.012206820379914149 0.051954981424737957 0.048691673549715132 0.046360662963089973 0.019855318576794307 -0.08020228898676432 0.050322511555136756 -0.047731843968124389 0.04961086823118227 0.058605177684801113 -0.10847588212503488 -0.023563840257186705 -0.016839308782917912 0.013968234248840611 0.035159395282992688 -0.035249645803738502 -0.00018208496895740417
leaf_weight=49.147845729254186 1537.9886148888618 2114.3163464125246 75.465002857148647 37.214295689016581 1657.0498117525131 101.85811486607417 1208.9988443637267 481.35951085574925 112.84299807529896 125.8598194825463 178.83123959228396 3051.6220222332049 177.13187074009329 425.43064830172807 60.304961733985692 455.42380775231868 795.33722071349621 1443.8227325342596 156.22341001266614 590.98487737961113 317.56525135226548 823.78145525604486 547.53560983529314 39.325469881296158 285.54222754342481 3150.4526462738868 797.74415460741147 1345.4577889321372 169.10317720309831 5282.2984559279867
leaf_count=1678 5682 9971 1634 513 4388 1853 19263 1120 4331 2079 326 110093 1963 1851 486 1875 2687 7631 1241 2025 4712 2592 1531 160 8538 72698 8687 9484 6919 24120
internal_value=0.00902732 0.0355813 0.00497686 0.00306598 0.00172988 1.66936e-05 0.0137344 0.00161787 0.0307932 -0.0098053 -0.00197337 -0.00251802 0.0231472 -0.0035826 -0.0175334 0.0401523 0.0407018 0.0105315 -0.0126129 0.028375 0.0177154 0.0408279 0.0476216 -0.005607 -0.00531973 -0.00189557 -0.0144223 0.0192301 0.0272981 -0.00640518
internal_weight=27596 3652.3 23943.7 22135.9 21118.3 19461.2 2465.61 1816.22 1017.63 1334.86 16995.6 16816.8 669.77 16147 173.148 492.638 844.485 2025.48 581.654 1807.8 1216.81 899.246 649.394 14121.5 14082.2 10232.9 3849.37 1800.1 1514.56 8432.75
internal_count=322131 15653 306478 295515 286333 281945 25846 22462 9182 21342 256099 255773 4351 251422 4817 2388 4365 10723 3092 10963 8938 4226 3384 240699 240539 121759 118780 24941 16403 96818
is_linear=0
shrinkage=0.05


Tree=76
num_leaves=31
num_cat=0
split_feature=6 10 4 4 5 4 0 3 17 4 17 4 15 9 4 0 14 3 16 0 16 16 14 0 9 17 8 3 6 16
split_gain=1116.93 434.393 410.108 334.449 347.251 304.048 288.801 336.968 280.59 260.813 242.714 230.221 218.703 234.055 381.714 262.999 232.138 281.811 247.61 240.429 207.981 204.888 276.715 260.408 258.891 254.245 216.618 204.127 238.033 226.957
threshold=22.300000000000004 37.500000000000007 0.010000000000000153 -0.0076666666666660496 -0.0016000000000001497 -0.0079999999999997486 3.3470717486838102 2.6420035089318272 0.7487283477006671 -0.003999999999999399 -0.99864786094873803 -0.0080000000000025988 0.99980486111815037 41.100000000000009 -0.0005714285714285499 1.1488460855671934 0.17579586157038604 0.95897669635135452 0.26866988313759582 0.99918550193068045 -0.954673248495711 -0.52032787705993211 -0.032717136199948094 1.047878263753969 65.90000000000002 -0.4831374111459158 10.100000000000001 5.8901285535117065 8.7000000000000011 -0.031173458710879145
decision_type=2 2 2 2 2 2 2 2 2 2 2 2 2 2 2 2 2 2 2 2 2 2 2 2 2 2 2 2 2 2
left_child=2 -2 3 5 9 11 7 10 -8 -5 -6 27 13 14 -12 20 17 -16 -18 -19 -15 -22 23 -23 -24 -26 -25 -1 -29 -30
right_child=1 -3 -4 4 6 -7 8 -9 -10 -11 12 -13 -14 15 16 -17 18 19 -20 -21 21 22 24 26 25 -27 -28 28 29 -31
leaf_value=0.025219361910408446 0.014769696745286024 0.05013056049301854 0.023642814635383161 -0.0023816035466561252 -0.072729645928473127 0.077803132404250602 0.039042112694343198 -0.055875072784794026 -0.083570012864397358 0.052489673735756595 -0.028835399140291859 -0.019864524562233497 0.023633628882541557 -0.053240685509670031 0.043639212650080694 0.038320430750553462 -0.010040162434346554 -0.021891084131293963 -0.058991518545222249 0.0044869515666367448 0.015537046546635763 -0.046403702339957387 -0.032124393590206392 -0.086940218408892878 0.045754476915831004 -0.0074289985038528301 0.034817809835925161 -0.083487233764343069 -0.13282110131106747 0.018311710541160896
leaf_weight=2194.3222903145943 1526.0794359166175 2015.6497337073088 2570.8694686507806 365.69316097768024 120.95833544526249 194.46699175518006 633.57459316961467 297.54628408141434 50.36949472874403 531.03464239416644 1708.875683699036 446.41012605139986 812.51442908402532 164.57876471895725 386.73208718840033 560.25194593146443 2188.2592665003613 1064.17387854564 292.91221529291943 4589.1607558825053 1991.7322303410619 606.40860425820574 295.15854744752869 44.161482147872448 498.53815265092999 409.13977816794068 211.35810638219118 92.146252244710922 26.893870640546083 325.40387663431466
leaf_count=15135 5682 9971 15516 7828 3164 193 1387 1514 224 3287 63946 4093 2172 2201 1739 991 36473 34252 31658 49741 7841 9426 4680 210 2493 4547 325 449 139 854
internal_value=0.00870613 0.0348941 0.00478825 0.00249127 -0.000208869 0.0171651 -0.00181525 -0.00315545 0.0300123 0.0301127 -0.00217166 0.0133429 -0.00163231 -0.00299987 -0.00726813 0.00613251 -0.00294297 0.00234635 -0.0158191 -0.000478404 0.00186029 0.00409583 -0.00694071 -0.0285638 0.008554 0.0217818 0.0137744 0.0189608 -0.0119394 0.00677446
internal_weight=27215.4 3541.73 23673.6 21102.8 17823.1 3279.64 16926.4 16242.5 683.944 896.728 15944.9 3085.18 15824 15011.4 10230.1 4781.33 8521.24 6040.07 2481.17 5653.33 4221.08 4056.5 2064.76 861.928 1202.84 907.678 255.52 2638.77 444.444 352.298
internal_count=322131 15653 306478 290962 270099 20863 258984 257373 1611 11115 255859 20670 252695 250523 217809 32714 153863 85732 68131 83993 31723 29522 21681 9961 11720 7040 535 16577 1442 993
is_linear=0
shrinkage=0.05


Tree=77
num_leaves=31
num_cat=0
split_feature=6 10 4 4 0 0 17 7 3 15 17 17 17 15 1 3 16 6 3 7 16 9 16 9 16 3 9 9 2 3
split_gain=1051.16 444.784 377.639 297.723 195.19 179.614 178.103 177.427 202.493 278.284 210.445 175.658 780.097 293.314 247.065 261.485 249.768 284.789 282.242 314.73 234.516 359.049 265.327 219.995 218.78 215.178 394.594 281.204 214.548 300.035
threshold=21.700000000000006 37.500000000000007 0.016333333333334452 -0.017666666666664149 14.512991363907089 2.152900965564386 0.14888728888808322 58.900000000000006 2.9090518415140587 0.98802492553144938 -0.99864786094873803 -0.9497838742125716 -0.6523320455745395 0.99913862891129035 1.0232053680338831 0.9701085457212103 -0.13398594226331254 1.0000000180025095e-35 1.0016298811620163 1.9000000000000001 -0.24372957273992743 20.500000000000004 -0.52032787705993211 176.30000000000004 -0.53493989022977317 0.99995939416088042 0.90000000000000013 49.500000000000007 0.99809387647029724 0.99986410273770243
decision_type=2 2 2 2 2 2 2 2 2 2 2 2 2 2 2 2 2 2 2 2 2 2 2 2 2 2 2 2 2 2
left_child=2 5 3 6 7 -2 -1 8 10 -10 -5 -12 13 -13 15 -14 18 -18 20 23 22 -22 24 -20 25 27 -27 28 -17 -30
right_child=1 -3 -4 4 -6 -7 -8 -9 9 -11 11 12 14 -15 -16 16 17 -19 19 -21 21 -23 -24 -25 -26 26 -28 -29 29 -31
leaf_value=-0.006093133457182996 0.0044939465211836262 0.049688251811287706 0.027254435351116647 -0.058312540763245838 0.049370965825979121 0.043969570235762021 0.036333784547007981 0.018959405933531751 -0.040956703899746122 0.048560833762755475 0.013388100994660352 -0.06028770708264955 0.026970024138877537 0.0079556139872851272 0.014207467640801478 -0.037125529077598397 -0.032480918107419494 -0.00083274279991506304 -0.04673489345825739 0.01048641026276094 0.047754418691974027 -0.061853504405054063 -0.042083339256501574 0.023361671499912695 0.052212393937753988 0.03381385723807305 -0.0062976638352766129 0.022255475011384536 0.0057187583773847233 -0.064698009444711477
leaf_weight=329.5571090746671 1195.7874773275107 1959.8584823533893 1695.7718391548842 150.61169058829546 208.64129833504558 379.63478174433112 991.73236004076898 1255.5820396970958 571.6927526537329 102.36364390701056 2482.5293172881939 724.30231658136472 751.38142510456964 201.18902962468565 3181.6373162970413 753.29099757224321 1384.9119309715461 1460.4071910148486 784.99959195917472 573.94312178809196 581.71723361406475 85.725795424543321 317.2528452500701 130.54792859684676 234.39726684894413 1212.9001509114169 1239.9151547793299 632.08331998344511 1137.4603968826123 174.47621927037835
leaf_count=5725 4204 10145 10903 3655 437 1730 3966 3403 2404 180 29514 35911 3803 669 8555 13292 115010 7515 11934 2697 3744 2022 11655 493 868 4682 8431 2828 9669 2087
internal_value=0.00837888 0.0337875 0.00453209 0.00275276 0.0012583 0.0140065 0.0257516 0.000759516 -0.000451495 -0.0273624 0.000545415 0.00103667 -0.000933627 -0.0454526 0.00188128 -0.00154221 -0.00354366 -0.016237 0.00105207 -0.0185422 0.00563434 0.0336765 0.00235176 -0.0367398 0.00496985 0.00281971 0.0135372 -0.00692631 -0.0158577 -0.00364606
internal_weight=26886.3 3535.28 23351 21655.2 20334 1575.42 1321.29 20125.3 18869.7 674.056 18195.7 18045.1 15562.5 925.491 14637 11455.4 10704 2845.32 7858.71 1489.49 6369.22 667.443 5701.78 915.548 5384.52 5150.13 2452.82 2697.31 2065.23 1311.94
internal_count=322131 16079 306052 295149 285458 5934 9691 285021 281618 2584 279034 275379 245865 36580 209285 200730 196927 122525 74402 15124 59278 5766 53512 12427 41857 40989 13113 27876 25048 11756
is_linear=0
shrinkage=0.05


Tree=78
num_leaves=31
num_cat=0
split_feature=2 6 16 17 9 17 15 4 17 16 17 16 9 9 3 3 2 16 16 16 0 15 9 17 3 17 15 9 16 17
split_gain=995.934 555.869 341.117 329.518 588.92 301.463 305.891 300.835 277.235 429.108 263.822 251.71 237.82 223.737 222.185 459.262 218.098 350.551 210.963 378.638 197.355 191.905 182.963 177.972 176.503 187.388 242.709 231.846 205.727 174.631
threshold=1.1662610822017332 22.300000000000004 -0.89015004145349408 0.36447543099728857 1.3000000000000003 0.80798785254895478 0.61048935452158515 0.011000000000000051 0.27487873330147777 -0.31799228562170639 0.18281312110578127 0.89787622492179153 71.500000000000014 43.900000000000006 0.99918515902739158 0.99927300629679194 1.020949307577075 0.031174179426909154 0.78857998149907527 0.73865729060996177 0.99341410899320171 0.98285265264473232 0.50000000000000011 -0.99938741687870725 0.93003178928247066 0.29958852271690523 0.22706275313213797 8.9000000000000021 -0.96434279144912105 0.79773375822167203
decision_type=2 2 2 2 2 2 2 2 2 2 2 2 2 2 2 2 2 2 2 2 2 2 2 2 2 2 2 2 2 2
left_child=2 7 3 4 10 6 18 12 9 -8 -1 13 -2 14 -10 -16 17 -7 19 -4 -12 -19 -5 -11 -6 27 -27 28 -26 -17
right_child=1 -3 5 22 24 16 8 -9 11 23 20 -13 -14 -15 15 29 -18 21 -20 -21 -22 -23 -24 -25 25 26 -28 -29 -30 -31
leaf_value=-0.0045164635990679013 0.0036010904383531519 0.046807317789088573 -0.016069346364452213 0.0051606636227546345 0.039540402623029082 0.011472946492958637 -0.069561517666823683 0.046803344502027854 -0.054874270729334755 -0.069821470669819807 -0.045996051398246106 -0.070524374495368275 0.045560680423474768 -0.047210514941088758 0.43571753188430506 0.0092499160117329917 0.034623223228126145 -0.053656874065663135 -0.040590054677359093 0.047510622751308969 0.040274569954932192 0.001704437171993242 0.036134546349016784 0.012207934053168482 0.0011995806612550392 -0.041549905363475852 0.018300171378162467 -0.066104040946953629 -0.080772047826275242 -0.15984034393556659
leaf_weight=601.95269966777414 2818.8460037279874 2099.9248870164156 3072.9770665410906 662.44410342909396 125.97699956968427 3176.2750000879169 172.53694748552516 615.19155625253916 155.67070266697556 67.198984844610095 70.107575548812747 189.44528606091626 383.65799753367901 307.75433943374082 6.2751877699047318 987.14944724598899 724.35272908350453 354.69495462765917 749.38364967447706 253.48178156698123 1218.0998225007206 280.19190647220239 1701.0598523505032 4130.2941151489504 397.8140181908384 264.68785154446959 470.5041229724884 391.93939523771405 94.779331117868423 15.509400753770022
leaf_count=4277 7592 11363 81525 3306 271 36506 5800 1984 4379 939 484 3764 1034 2397 35 8769 1639 32883 50641 5546 3594 2442 3985 34728 2478 2000 1345 5320 852 253
internal_value=0.00806157 0.0261449 0.00287761 0.0129193 0.00347145 -0.00123649 -0.00604219 0.0147795 0.0011079 0.00771814 0.0228103 -0.016275 0.00862782 -0.00929483 0.000724636 0.00930312 0.00947333 0.00469331 -0.0166236 -0.0112244 0.0355795 -0.0292245 0.0274532 0.0108947 -0.0174677 -0.0219016 -0.00324738 -0.0374063 -0.0145725 0.00663438
internal_weight=26560.2 5917.62 20642.6 5999.37 3635.86 14643.2 10107.7 3817.7 6031.83 4370.03 1890.16 1661.8 3202.5 1472.36 1164.6 1008.93 4535.51 3811.16 4075.84 3326.46 1288.21 634.887 2363.5 4197.49 1745.7 1619.72 735.192 884.533 492.593 1002.66
internal_count=322131 21973 300158 27912 20621 272246 198776 10610 61064 41467 8355 19597 8626 15833 13436 9057 73470 71831 137712 87071 4078 35325 7291 35667 12266 11995 3345 8650 3330 9022
is_linear=0
shrinkage=0.05


Tree=79
num_leaves=31
num_cat=0
split_feature=6 10 4 5 4 4 5 4 2 16 17 1 3 4 9 15 9 14 3 9 15 9 3 4 16 0 5 17 17 5
split_gain=948.714 478.355 295.523 315.228 404.622 266.705 262.047 351.847 218.689 480.041 307.753 212.326 212.42 496.685 247.534 194.133 249.286 215.404 279.807 199.148 181.417 409.262 179.731 174.549 241.405 231.451 166.061 165.846 160.697 158.739
threshold=15.700000000000001 37.500000000000007 0.010000000000000153 -0.0013238095238094997 -0.0019999999999988495 0.018333333333333403 0.0012000000000003503 0.00066666666666655009 1.10098581973582 -0.031173458710879145 0.029024409397335454 14.285139964264445 5.8901285535117065 -0.006000000000000099 18.900000000000002 -0.69930991848440816 48.100000000000009 0.6930857131206335 0.95897669635135452 18.100000000000005 0.98664098404873191 17.700000000000006 1.0099738785011947 -0.017666666666664149 0.14250626876356548 1.0356110575854149 0.0015999999999997002 -0.99864786094873803 -0.6523320455745395 -0.0015999999999996998
decision_type=2 2 2 2 2 2 2 2 2 2 2 2 2 2 2 2 2 2 2 2 2 2 2 2 2 2 2 2 2 2
left_child=2 5 3 4 23 20 11 -8 9 10 -4 12 13 -5 -14 16 -15 18 28 -19 21 -2 26 24 -1 29 -9 -20 -17 -25
right_child=1 -3 8 6 -6 -7 7 22 -10 -11 -12 -13 14 15 -16 17 -18 19 27 -21 -22 -23 -24 25 -26 -27 -28 -29 -30 -31
leaf_value=0.038034945284729699 -0.26445259534867521 0.043731509717209072 -0.054850982797718356 0.032635617527749954 0.055558826515706761 0.05028498886174243 0.0470743381416742 0.060958954321359782 0.046390448657001676 -0.029560204564087207 0.038475723625022829 0.047692580465281915 0.039209458708341152 -0.039066796355739536 -0.064932966204072781 -0.042805628220364912 0.0051562718996545197 -0.033131911405310556 -0.073595616962574564 -0.0032844042585834393 0.033581527995839126 -0.00078685870886813355 0.029037646350490179 -0.012830085335121161 -0.039409857295430312 0.048899985890405867 -0.014622502482538172 -0.0018691805071955614 0.047332240258010062 0.079974100731186881
leaf_weight=679.68835647962987 14.859748670831321 2391.7521451190114 97.239480823278427 888.82836117595434 540.75326864887029 381.2384731695056 611.25237228162587 78.469810654874891 602.79418834298849 498.2271031010896 964.58273933082819 197.68163419887424 72.100867759436369 910.15723346197046 273.48786599189043 56.01524446066469 490.35373728885315 1087.5207184485625 81.34293520450592 1149.6318007635418 424.32035708427429 1537.3253358565271 437.55661701317877 1304.0985268601216 118.10958761163056 193.61772428825498 983.84096029121429 8716.0012318475638 421.63530646311119 47.765174748376012
leaf_count=4460 160 11895 2247 4887 2854 1594 3381 278 1834 7168 3120 396 123 47481 1117 1050 6018 44329 1367 13346 954 6236 1266 21941 3590 282 18642 108700 1303 112
internal_value=0.00775226 0.0279768 0.0032851 0.00132488 0.016573 0.0119947 -0.00134748 0.0150996 0.0208131 0.0109302 0.0299291 -0.003768 -0.00448708 -0.00351757 -0.0432055 -0.00600613 -0.0235832 -0.00386779 -0.000508797 -0.0177938 0.00460913 -0.00331105 0.00206874 0.00757631 0.0265697 -0.00222831 -0.00903952 -0.00253239 0.0367616 -0.00955105
internal_weight=26252.2 4749.5 21502.8 19339.9 2884.03 2357.74 16455.9 2111.12 2162.84 1560.05 1061.82 14344.8 14147.1 13801.5 345.589 12912.7 1400.51 11512.1 9274.99 2237.15 1976.51 1552.19 1499.87 2343.28 797.798 1545.48 1062.31 8797.34 477.651 1351.86
internal_count=322131 20839 301292 286923 33239 8944 253684 23567 14369 12535 5367 230117 229721 228481 1240 223594 53499 170095 112420 57675 7350 6396 20186 30385 8050 22335 18920 110067 2353 22053
is_linear=0
shrinkage=0.05


Tree=80
num_leaves=31
num_cat=0
split_feature=6 10 4 5 4 7 5 5 9 15 16 16 4 17 16 14 15 5 4 0 16 17 0 3 3 0 5 5 4 3
split_gain=902.161 426.305 332.695 258.396 362.439 246.432 247.669 403.334 341.649 207.943 223.177 197.407 195.677 213.263 195.182 168.832 238.088 187.95 164.314 224.727 215.689 183.432 161.311 159.235 218.487 153.635 150.413 145.417 141.322 138.585
threshold=22.300000000000004 37.500000000000007 0.018333333333333403 -0.0013238095238094997 -0.0019999999999988495 56.100000000000009 -4.444444444443557e-05 -0.00035377777777774992 5.3000000000000016 0.99980486111815037 -0.84772008488809492 -0.77786766366919291 0.00066091954022980007 0.29958852271690523 -0.75579217237767959 -0.40274668985873679 0.41268247579971845 0.0014666666666666502 -0.017666666666664149 1.0356110575854149 -0.031173458710879145 0.14888728888808322 0.96529483348394718 0.99359072165755113 1.0086871795812955 2.152900965564386 1.0000000180025095e-35 -0.0015999999999996998 0.0020000000000006506 1.1046641114621643
decision_type=2 2 2 2 2 2 2 2 2 2 2 2 2 2 2 2 2 2 2 2 2 2 2 2 2 2 2 2 2 2
left_child=2 25 3 4 18 6 7 8 22 10 12 -12 15 -14 26 -8 17 -17 20 27 21 -1 -5 -10 -25 28 -13 -20 -2 -4
right_child=1 -3 29 5 -6 -7 9 -9 23 -11 11 14 13 -15 -16 16 -18 -19 19 -21 -22 -23 -24 24 -26 -27 -28 -29 -30 -31
leaf_value=-0.058949111487320231 -0.018210598247262993 0.049710029222272772 0.016858833198130144 0.040567767153845483 0.050621324270432026 0.019751451562995976 0.030780695057310816 -0.052934887184838922 0.045586869828967869 0.027010871579095166 -0.057885793747498505 0.090834519887459997 -0.037060224652807304 0.008046776498562367 -0.0043481792280964911 -0.028015975171331982 0.022296531023144463 0.04627743198973986 -0.012417250259268348 0.048137291389502172 -0.028094073357900269 0.046182226233577227 -0.036522046322696004 -0.020050200462491369 0.01295815819804947 0.043394035949944613 -0.014572634543875277 0.076962878871905283 0.018018023719302098 0.050843405326369953
leaf_weight=44.644924269989133 434.7776679508388 1684.2180535681546 921.6607224419713 73.3192073488608 607.95461748400703 1493.7983618341386 1247.3160387338139 533.56681079673581 212.74001836916432 772.03690780699253 169.04686168767512 95.756017655134201 397.63918517669663 768.41684505715966 8020.5174378629308 561.3676974689588 952.21457363199443 100.34736203029752 1312.1641627799254 194.55248649790883 149.14788812864572 587.23922909423709 911.29236434702761 816.96052177343518 1297.5686112521216 320.55906469374895 52.345155140385032 47.141238451004028 706.74244169890881 444.73069752007723
leaf_count=1487 2025 9971 7445 578 3435 4223 3249 19874 1602 1747 4750 857 4959 4052 150064 3595 2701 227 22013 306 4216 2369 38642 16855 4178 1635 1125 113 2022 1816
internal_value=0.00746471 0.0325619 0.0039992 0.00247321 0.0162338 0.000281475 -0.00143113 -0.0125915 -0.00609196 0.00183573 0.000263863 -0.0044047 0.00992912 -0.00733526 -0.00329793 0.016965 0.00628753 -0.0167496 0.00727998 -0.00212382 0.0259888 0.0387543 -0.0307815 0.00435361 0.000205189 0.0128084 0.0535792 -0.00931751 0.00421941 0.0279201
internal_weight=25931.8 3146.3 22785.5 21419.1 2942.84 18476.2 16982.5 3845.45 3311.88 13137 12365 8337.67 4027.3 1166.06 8168.62 2861.25 1613.93 661.715 2334.89 1553.86 781.032 631.884 984.612 2327.27 2114.53 1462.08 148.101 1359.31 1141.52 1366.39
internal_count=322131 15653 306478 297217 33939 263278 259055 81729 61855 177326 175579 156796 18783 9011 152046 9772 6523 3822 30504 22432 8072 3856 39220 22635 21033 5682 1982 22126 4047 9261
is_linear=0
shrinkage=0.05


Tree=81
num_leaves=31
num_cat=0
split_feature=6 10 4 4 11 17 0 0 3 0 17 15 0 16 9 2 9 17 1 16 3 17 9 8 9 14 14 4 7 4
split_gain=849.995 422.176 309.131 250.222 177.033 163.372 506.091 160.588 161.835 252.384 210.347 159.403 259.673 213.134 324.686 226.907 210.322 202.444 268.753 317.898 260.602 333.113 233.71 264.316 209.15 203.115 190.71 184.231 179.718 162.611
threshold=22.300000000000004 37.500000000000007 0.016333333333334452 -0.017666666666664149 1.0000000180025095e-35 0.029024409397335454 1.0110356812273997 14.512991363907089 10.034204925509277 8.6159913898803868 -0.9575230291762723 0.70864607840491656 1.4153090153090158 -0.082689790342551792 97.700000000000003 1.0137336621711623 212.30000000000004 0.38043945030393422 1.0232053680338831 -0.9124670466711694 1.1336756098824263 0.029024409397335454 119.90000000000002 19.300000000000004 1.3000000000000003 -0.70710678118654735 -0.5 0.00066091954022980007 59.300000000000011 0.010250000000001253
decision_type=2 2 2 2 2 2 2 2 2 2 2 2 2 2 2 2 2 2 2 2 2 2 2 2 2 2 2 2 2 2
left_child=2 -2 3 -1 7 6 -4 8 11 -10 -11 12 13 17 26 -16 -17 20 19 22 21 -5 -19 -24 -23 -26 -15 -14 -13 -21
right_child=1 -3 5 4 -6 -7 -8 -9 9 10 -12 28 27 14 15 16 -18 18 -20 29 -22 24 23 -25 25 -27 -28 -29 -30 -31
leaf_value=0.024184208566342791 0.012335393993452036 0.049596917426085657 -0.047623733362910037 -0.061036194338505871 0.052065072795723449 0.037121822147580759 0.04887848609615067 0.048253089376725455 -0.14196516354018543 -0.16573290263278195 0.004594975591371237 0.0031627514335863683 -0.068473653692479625 -0.011637080499246851 -0.04060572761456107 0.040351199953177604 -0.092601929248061488 0.050835850794072213 0.041110993237983791 -0.0019339461237239852 0.048536540161668293 0.010633855833825817 -0.063801001006419208 0.060755453733543387 9.5615335657040423e-06 -0.042959293889218986 -0.046223317790953018 0.050146730633814252 0.030106930170931162 -0.099208712494663204
leaf_weight=1223.3900064285845 1443.6592230014503 1605.6401128768921 257.97663097642362 324.41235466953367 167.52778860926628 1017.5458932220936 287.01298252865672 174.11208993941545 49.23705992475152 20.404214281588793 162.3483249694109 9133.599083469715 236.36650084704161 838.64468726678751 142.54998749331571 440.36866457294673 31.900838513858616 522.39599690586329 541.44286450184882 3111.2111678891815 179.42914366349578 952.88498558662832 109.47064445912838 69.717785879969597 552.84480035305023 547.28693028818816 759.5598141211085 37.994364365935326 663.85642291978002 43.564067855477333
leaf_count=9719 5682 9971 5220 18828 549 4546 1197 399 279 109 404 75861 1136 46517 4953 997 226 890 1041 42077 223 4371 464 63 2740 5802 76052 82 1564 169
internal_value=0.00717628 0.0319558 0.00383277 0.002239 0.000883964 0.0252897 0.00319813 0.000447518 2.0045e-05 -0.0414916 -0.014422 0.000520591 -0.00411543 -0.00268099 -0.0161958 0.0146823 0.0313705 0.00161953 0.00812411 0.00349267 -0.00956837 -0.0139537 0.0339344 -0.0153392 -0.0065138 -0.0213663 -0.0280745 -0.0520467 0.00498844 -0.00327721
internal_weight=25648.4 3049.3 22599.1 21036.5 19813.1 1562.54 544.99 19645.6 19471.5 231.99 182.753 19239.5 9442.05 9167.68 2213.02 614.819 472.27 6954.66 4397.8 3856.36 2556.86 2377.43 701.584 179.188 2053.02 1100.13 1598.2 274.361 9797.46 3154.78
internal_count=322131 15653 306478 295515 285796 10963 6417 285247 284848 792 513 284056 206631 205413 128745 6176 1223 76668 44704 43663 31964 31741 1417 527 12913 8542 122569 1218 77425 42246
is_linear=0
shrinkage=0.05


Tree=82
num_leaves=31
num_cat=0
split_feature=6 10 4 4 4 5 0 3 17 4 5 4 17 4 15 16 8 17 3 6 3 16 3 5 4 0 9 9 0 15
split_gain=796.2 420.902 293.018 246.388 280.04 275.976 223.925 308.049 248.833 211.67 195.648 306.911 193.641 191.815 178.445 316.71 292.448 274.949 172.281 197.512 186.787 178.673 161.1 161.085 160.582 149.31 148.096 220.751 234.905 204.399
threshold=22.300000000000004 37.500000000000007 0.010000000000000153 -0.0076666666666660496 -0.0079999999999997486 -0.0016000000000001497 3.3470717486838102 2.6420035089318272 0.7487283477006671 -0.003999999999999399 0.0012000000000003503 0.00066666666666655009 -0.99864786094873803 -0.0080000000000025988 0.98868868691483891 -0.031173458710879145 7.5000000000000009 0.029024409397335454 5.8901285535117065 8.7000000000000011 0.99792294109297863 -0.031173458710879145 1.0099738785011947 0.0015999999999997002 -0.0051666666666666484 2.152900965564386 85.100000000000009 100.90000000000002 1.0060583256019202 -0.69930991848440816
decision_type=2 2 2 2 2 2 2 2 2 2 2 2 2 2 2 2 2 2 2 2 2 2 2 2 2 2 2 2 2 2
left_child=2 25 3 4 13 9 7 10 24 -5 12 -12 -7 18 15 17 -17 -4 20 -20 -1 -21 23 -13 -8 -2 29 -28 -29 -14
right_child=1 -3 14 5 -6 6 8 -9 -10 -11 11 22 26 -15 -16 16 -18 -19 19 21 -22 -23 -24 -25 -26 -27 27 28 -30 -31
leaf_value=-0.038205381732924426 0.0034303610540015409 0.049483181255326303 -0.054456539723343293 -0.0021862564748544922 0.074821680481208894 -0.072625240178344541 -0.033389865415722954 -0.054803376769577687 -0.079885454134778211 0.048869025876275257 0.051197695936210069 0.060147684091353862 -0.027097193012036849 -0.019834920231474425 0.040636349200595924 -0.054385280769375266 0.0163522890663324 0.036993723792537757 -0.0786068757910382 -0.11454268426720574 0.026356766016822433 0.016291464661290944 0.028003197286964206 -0.013800708436527392 0.047118268574500168 0.042903244179538634 0.032071389451357867 -0.031185872387534608 0.010654570494074266 -0.0040070671559531857
leaf_weight=119.07737642875873 1131.0517424196005 1530.7548450287431 90.668743235524744 349.67283909954131 182.89404889103025 103.1364034563303 70.829018086194992 284.03269706945866 49.518909338861704 484.01569636096247 407.96833404200152 79.63246288895607 1059.8057658611797 428.67418055492453 748.08059675991535 285.2044289810583 299.60058394167572 878.98045354709029 89.315082807093859 28.534375865012407 1892.7387907146476 305.23901721462607 431.56348360516131 979.3285740124993 493.41389798186719 303.95039081946015 663.77541494253092 486.43048916896805 1080.8492891555652 10021.19887639652
leaf_count=2208 4047 9971 2198 7828 193 2977 250 1514 224 3287 2488 281 51753 4093 2805 6446 1017 3050 449 139 12927 854 1276 18708 1137 1635 2756 7031 3555 165034
internal_value=0.00690082 0.0312456 0.00367673 0.00174055 0.0148376 -0.000600278 -0.00204304 -0.00320872 0.0275807 0.027455 -0.00225176 0.0127714 -0.00437782 0.0110065 0.0205716 0.0109154 -0.0181458 0.0284425 0.0164362 -0.0125657 0.0225354 0.00510642 0.00225386 -0.00823989 0.0370121 0.0117912 -0.00384906 0.00790407 -0.00233128 -0.00621545
internal_weight=25359.9 2965.76 22394.2 20091.6 3046.47 17045.2 16211.5 15597.7 613.762 833.689 15313.7 1898.49 13415.2 2863.58 2302.53 1554.45 584.805 969.649 2434.9 423.088 2011.82 333.773 1490.52 1058.96 564.243 1435 13312.1 2231.06 1567.28 11081
internal_count=322131 15653 306478 290962 20863 270099 258984 257373 1611 11115 255859 22753 233106 20670 15516 12711 7463 5248 16577 1442 15135 993 20265 18989 1387 5682 230129 13342 10586 216787
is_linear=0
shrinkage=0.05


Tree=83
num_leaves=31
num_cat=0
split_feature=6 10 4 5 7 16 17 5 4 2 17 0 5 14 14 9 7 3 6 16 17 3 3 9 9 15 16 8 5 4
split_gain=747.289 417.011 283.077 215.348 188.766 175.765 166.747 164.255 306.95 200.514 158.096 156.359 153.107 149.243 146.131 362.409 455.095 214.958 239.307 475.106 226.385 201.363 277.547 261.791 211.525 199.551 191.865 166.855 156.578 214.969
threshold=22.300000000000004 37.500000000000007 0.018333333333333403 -0.0052000000000004994 56.500000000000007 -0.031173458710879145 0.14888728888808322 0.0014666666666666502 0.00066666666666655009 1.0191098018569635 0.14888728888808322 1.0033606386695799 0.0015999999999997002 -0.18436924984152911 0.17579586157038604 39.70000000000001 2.7000000000000006 0.95897669635135452 1.0000000180025095e-35 -0.52032787705993211 0.029024409397335454 1.0092375312081086 3.6620970266040693 100.90000000000002 81.300000000000026 0.83146961230254501 0.26866988313759582 0.70000000000000018 -0.0013238095238094997 -1.0000000180025095e-35
decision_type=2 2 2 2 2 2 2 2 2 2 2 2 2 2 2 2 2 2 2 2 2 2 2 2 2 2 2 2 2 2
left_child=2 -2 3 5 7 6 -1 14 10 12 -9 -7 -10 -6 17 16 26 -5 19 20 -19 23 -23 24 -17 -24 28 -20 29 -16
right_child=1 -3 -4 4 13 11 -8 8 9 -11 -12 -13 -14 -15 15 21 -18 18 27 -21 -22 22 25 -25 -26 -27 -28 -29 -30 -31
leaf_value=-0.046699028341499305 0.011318351741927198 0.04936855251035039 0.026614168736435802 0.034386437897453326 -0.01116325905132049 -0.054632648598664457 0.045022285280512289 -0.014237548068920136 0.064188601296535808 0.033454569514488192 0.05515617249006987 0.048494874153957479 -0.010560285086630093 0.026786163639910265 -0.0024230877630975144 -0.027982978629782929 -0.066645773999523303 -0.065229001497431618 0.039627300681068726 -0.026954781502656729 0.0070611982647924678 0.023653146804671205 -0.079560279539831955 -0.064046365059495791 0.041566184446596134 0.00065477265783053025 -0.051925358290557604 0.0052743541321311456 -0.013558310600022825 0.072270113858585269
leaf_weight=53.750846121460199 1421.3793817404658 1459.3955316022038 1252.8193837162107 474.99146371055394 334.24797463044524 108.58362278318964 634.27172291837633 98.758052530232817 72.118000159505755 393.60975601756945 485.92874425603077 55.56222329242155 1367.6510547711514 1151.9393511712551 358.44227512227371 238.17179500847124 435.52604817273095 112.31866902741604 385.15471006091684 1948.9178125734907 3026.8972208732739 1521.0412904410623 115.28291727602482 208.71750286640599 202.08413291722536 236.76573394797742 272.75029274635017 4296.5080075366423 2232.0598422763869 131.72913638548926
leaf_count=1704 5682 9971 9261 2393 1217 4343 2703 1854 132 899 1531 488 22596 3132 4154 5821 4189 5773 987 93664 20728 4848 629 3900 1238 620 44486 16750 46006 432
internal_value=0.00663528 0.0305945 0.00352715 0.00214678 0.00110313 0.0267653 0.0378567 -0.000265913 0.0118898 0.00182963 0.043435 -0.0197247 -0.00681612 0.0182512 -0.00208061 -0.00831104 -0.0188893 0.00153948 -5.74854e-05 -0.00756379 0.00447471 0.00607757 0.0143936 -0.0179244 0.00394114 -0.0256127 -0.0119447 0.00810053 -0.00793886 0.01765
internal_weight=25087.4 2880.77 22206.6 20953.8 20101.6 852.168 688.023 18615.4 2418.07 1833.38 584.687 164.146 1439.77 1486.19 16197.4 5952.57 3430.51 10244.8 9769.8 5088.13 3139.22 2522.06 1873.09 648.973 440.256 352.049 2994.98 4681.66 2722.23 490.171
internal_count=322131 15653 306478 297217 287979 9238 4407 283630 27012 23627 3385 4831 22728 4349 256618 116323 99267 140295 137902 120165 26501 17056 6097 10959 7059 1249 95078 17737 50592 4586
is_linear=0
shrinkage=0.05


Tree=84
num_leaves=31
num_cat=0
split_feature=2 6 16 1 5 17 5 4 4 4 5 5 4 9 0 7 9 4 16 17 9 0 4 0 3 3 5 5 4 9
split_gain=704.339 492.737 276.532 385.275 276.434 348.88 323.808 346.073 321.475 252.569 239.146 275.067 311.331 272.052 233.193 326.135 222.577 219.369 207.615 205.069 178.645 172.64 172.784 161.828 450.925 188.013 265.838 368.285 156.579 146.823
threshold=1.1662610822017332 24.700000000000006 0.29342972903661901 1.0372400461072957 0.0048000000000007004 0.029024409397335454 -0.0013238095238094997 -0.005999999999998399 -0.0019999999999988495 0.012333333333333451 -2.2222222222224707e-05 -0.00035377777777774992 0.0020000000000006506 6.1000000000000005 0.95848294868488915 1.0000000180025095e-35 71.500000000000014 -0.017666666666664149 0.49812943072827087 0.92191100909954782 81.300000000000026 1.0155020554105181 -0.010666666666666649 0.99995934132953879 1.0000285844957697 1.0099738785011947 0.0003555555555555501 2.2222222222221759e-05 -0.010000000000001249 64.100000000000009
decision_type=2 2 2 2 2 2 2 2 2 2 2 2 2 2 2 2 2 2 2 2 2 2 2 2 2 2 2 2 2 2
left_child=2 9 4 14 6 -6 8 -8 17 16 11 12 13 -9 -4 -16 -2 -1 19 -17 -13 22 -19 -12 -25 -26 27 -27 -24 -5
right_child=1 -3 3 29 5 -7 7 10 -10 -11 23 20 -14 -15 15 18 -18 21 -20 -21 -22 -23 28 24 25 26 -28 -29 -30 -31
leaf_value=0.035257582777971315 0.0031481033183333295 0.047354553165202831 0.055903124735366107 0.0042288402120342992 -0.045365991332784489 0.04470734739227418 0.038796152106709926 -0.042203816362804444 0.052628726486541211 0.04599029996796223 -0.0068723204452860584 -0.049575635507112185 0.042041457807933849 -0.0022536211536274575 -0.045510239889324067 -0.070774680963725176 0.04479862402413496 -0.073552071087338952 -0.0045752705558799759 0.021341897922253841 -0.23571489000769974 0.03507819449144594 0.057556560149193137 0.030868282098789099 -0.014187667007120937 0.00040803761427571329 0.024085856556455849 -0.096251904738129473 -0.0098927328341661212 0.040878513792644448
leaf_weight=606.68269855994731 2822.4697237350047 1465.7826859503984 105.17265255749226 1186.773140700534 124.68677127081901 780.08189978078008 549.60280219442211 646.05818481068127 578.11401712382212 503.53004591539502 3040.450172290206 332.45143285533413 264.5904997556936 1251.8936118111014 896.30423492053524 241.01708381390199 361.8861758261919 96.488717291969806 2121.9788989811204 80.629708849824965 13.410010035615413 268.45752766728401 95.056720132939517 1488.2523875271436 1662.9900929683354 695.90073737734929 1152.9975380462129 114.8007935534697 907.47389518818818 355.0200865752995
leaf_count=4815 8345 10251 946 3814 2733 2876 3062 19329 2214 2137 54224 9241 982 11741 113569 2352 1240 1070 14653 395 117 625 174 8441 22365 3562 3899 1603 10709 647
internal_value=0.00637867 0.0228316 0.00206512 -0.00810643 0.00552271 0.0322943 0.00376311 0.000104552 0.019837 0.0130847 -0.00188958 -0.0153907 -0.00876914 -0.0158526 -0.0174036 -0.019712 0.00788148 0.0102342 -0.0102494 -0.0476831 -0.0567928 -0.000867436 -0.00964788 0.00226304 0.00769333 -0.00181677 0.00865972 -0.0132797 -0.00349741 0.012668
internal_weight=24811 5153.67 19657.3 4986.9 14670.4 904.769 13765.7 11213.4 2552.27 3687.89 10663.8 2508.4 2162.54 1897.95 3445.1 3339.93 3184.36 1974.16 2443.63 321.647 345.861 1367.48 1099.02 8155.39 5114.94 3626.69 1963.7 810.702 1002.53 1541.79
internal_count=322131 21973 300158 136376 163782 5609 158173 138566 19607 11722 135504 41410 32052 31070 131915 130969 9585 17393 17400 2747 9358 12578 11953 94094 39870 31429 9064 5165 10883 4461
is_linear=0
shrinkage=0.05


Tree=85
num_leaves=31
num_cat=0
split_feature=6 10 4 16 17 9 15 16 9 0 17 4 17 15 9 0 6 0 5 4 5 4 4 3 4 9 14 0 6 2
split_gain=661.768 405.201 249.474 248.528 241.861 399.577 235.201 249.202 506.875 302.728 248.995 243.46 232.156 217.035 419.153 209.756 182.14 176.93 171.589 227.805 187.717 198.865 177.72 220.248 162.554 161.684 182.917 157.705 151.261 175.95
threshold=14.500000000000002 37.500000000000007 0.018333333333333403 -0.89015004145349408 0.36447543099728857 1.3000000000000003 0.99381409694945366 0.30164402523644185 49.500000000000007 1.0414842151557451 -0.99465740988130902 0.0099999999999995526 0.18281312110578127 0.98868868691483891 16.100000000000005 0.95848294868488915 10.300000000000002 0.99341410899320171 -0.0011999999999999496 -0.0019999999999988495 0.0010000000000001503 0.00066666666666655009 -0.0039999999999977493 4.9319705321900109 0.0040000000000004008 0.50000000000000011 -0.52803643325367233 0.99766477902175665 12.300000000000002 1.014845625444704
decision_type=2 2 2 2 2 2 2 2 2 2 2 2 2 2 2 2 2 2 2 2 2 2 2 2 2 2 2 2 2 2
left_child=3 2 13 4 5 12 7 10 15 -10 -5 16 -1 14 -2 -9 -8 -14 19 -12 22 -22 23 -20 -24 27 -27 -6 -17 -30
right_child=1 -3 -4 6 25 -7 11 8 9 -11 18 -13 17 -15 -16 28 -18 -19 20 -21 21 -23 24 -25 -26 26 -28 -29 29 -31
leaf_value=-0.0055385194873852055 -0.24961000616568818 0.039866429048342041 0.049257913352422696 -0.050078339213138201 -0.039762748596346875 -0.01406773204132541 0.00092417342164646896 0.041575356881757959 -0.023286761591619205 0.02164011516063212 0.0064765455448748191 0.041141397702133958 -0.045975752456970199 0.036939719099183234 -0.0019672363390597163 -0.049365623394993167 0.050294659295622962 0.037657240641747858 0.027837259959222954 0.053915555607666671 0.048010927715368662 0.0038647900188832291 -0.014168977746853554 -0.066930860885860338 0.022451165695228079 0.057086387156987287 0.020433258917657352 0.017944970842689475 -0.069311440275622679 0.031208462339971828
leaf_weight=595.68624118203297 17.261914383620024 2051.8977570924908 342.44257038831711 242.20215859403834 158.76594053208828 1713.7557920780964 2584.3786477199756 78.143830989021808 641.51586715807207 902.38363195210695 1200.9392946131993 541.20383956003934 67.106435937806964 388.47968351095915 1684.6291315313429 1185.2956098478753 201.37078422307968 1097.3747374098748 557.83242756570689 320.62806893000379 314.16823687264696 1356.854216944892 3723.5364330138545 68.879750486463308 329.88604168477468 531.58620023354888 946.36173027567565 465.54494518972933 65.033259648829699 131.68357709422708
leaf_count=4352 162 12226 1710 9641 1433 12183 12483 896 11802 2026 13964 1950 484 802 6910 111399 230 3626 5320 1832 2017 15656 80580 341 1837 991 2796 1886 323 273
internal_value=0.00614079 0.0235015 0.00969886 0.00225221 0.0112184 0.00311779 -0.00120877 -0.00469862 -0.0170014 0.00297225 -0.000144286 0.0104547 0.0198502 0.00321834 -0.00447902 -0.0381205 0.00449297 0.0328377 0.00139192 0.016473 -0.0022211 0.0121647 -0.00735749 0.0174216 -0.0111887 0.0246044 0.0336166 0.00326956 -0.0426268 -0.00202274
internal_weight=24506.8 4484.71 2432.81 20022.1 5576.18 3473.92 14445.9 11119 3004.06 1543.9 8114.93 3326.95 1760.17 2090.37 1701.89 1460.16 2785.75 1164.48 7872.72 1521.57 6351.16 1671.02 4680.13 626.712 4053.42 2102.26 1477.95 624.311 1382.01 196.717
internal_count=322131 21810 9584 300321 27751 20645 272570 257907 126719 13828 131188 14663 8462 7874 7072 112891 12713 4110 121547 15796 105751 17673 88078 5661 82417 7106 3787 3319 111995 596
is_linear=0
shrinkage=0.05


Tree=86
num_leaves=31
num_cat=0
split_feature=6 10 4 4 0 17 15 8 1 16 17 2 9 3 14 9 14 15 9 0 9 1 1 9 9 1 16 16 16 16
split_gain=631.072 405.705 244.824 190.043 155.636 146.108 141.461 147.592 338.007 384.609 257.625 254.683 253.129 340.112 255.734 200.28 309.529 179.082 159.082 168.399 158.433 243.377 158.132 339.54 273.318 218.516 198.17 232.258 155.383 154.783
threshold=22.300000000000004 37.500000000000007 0.024333333333333904 -0.017666666666664149 14.512991363907089 -0.2748692009537384 0.99980486111815037 1.9000000000000001 1.0012220788976152 -0.031173458710879145 0.029024409397335454 0.95856285463081103 43.500000000000007 1.0176059920771816 0.21643961393810299 85.100000000000009 0.6930857131206335 -0.564573334685324 57.70000000000001 1.0155020554105181 100.90000000000002 1.0058761807414895 0.99918629724426944 2.3000000000000007 20.300000000000004 0.99930439048141628 -0.21022463061426777 -0.70898476237405783 -0.75579217237767959 0.98049069993378934
decision_type=2 2 2 2 2 2 2 2 2 2 2 2 2 2 2 2 2 2 2 2 2 2 2 2 2 2 2 2 2 2
left_child=2 -2 3 5 6 -1 7 8 9 10 -5 -11 -10 -14 -15 16 17 -9 -16 -20 -17 28 24 26 -12 -25 27 -24 -22 -19
right_child=1 -3 -4 4 -6 -7 -8 15 12 11 22 -13 13 14 18 20 -18 29 19 -21 21 -23 23 25 -26 -27 -28 -29 -30 -31
leaf_value=-0.010058795331309787 0.010067724037597269 0.049060558125731457 0.028166711008681445 -0.051418564631682977 0.047868415456143072 0.032068155018523357 0.020541067431790516 -0.037241432710890497 -0.034807456712678715 0.035940563767433542 -0.012708491164745353 -0.041899489165159232 -0.058161204840107533 -0.032658934469099198 0.059664810161382677 0.036105311063551547 -0.036897297293882088 0.0019644362087757774 0.14698449718469958 -0.0059020391424146369 0.017460988398412508 0.019417196764240748 0.024705827013911281 0.17385257855951403 0.027942025347568802 -0.012385555363225571 0.062547935940457738 -0.040786709928746112 -0.04981397303562566 0.029781718714235253
leaf_weight=271.18639742862433 1386.8561576064676 1285.3359639253467 929.43317674286664 192.32067301985808 173.92354184389114 853.95138646382838 830.84982651472092 270.7815839278046 1414.4049879959784 122.84094012645073 1684.6363330679014 726.93170492327772 207.0092180238571 208.84944072924554 269.41253216797486 723.75551454443485 533.72185699827969 6117.0375630641356 19.423376586288214 247.72261867346242 130.3220574632287 1113.6146749211475 1717.3855970334262 16.00516795925796 548.01314012240618 988.5445164386183 312.83701676316559 146.95532720163465 251.40302741108462 544.5957379094325
leaf_count=4770 5682 9971 7115 17999 461 4949 2341 4710 45753 1507 22853 110146 6817 1232 747 1854 5755 30546 57 1088 285 2654 7062 36 3508 10607 1480 5478 2901 1767
internal_value=0.00590357 0.0288234 0.00306387 0.00193338 0.000781272 0.0219145 0.000357807 -0.000548222 -0.00522617 0.000699027 0.00544997 -0.0306471 -0.0213895 -0.00146301 0.0142828 0.00371341 -0.000206487 0.00261831 0.0325544 0.00521388 0.0169019 0.00760726 0.00746996 0.0146278 -0.00273065 -0.00941828 0.0257227 0.0195434 -0.0268461 0.00423853
internal_weight=24240.1 2672.19 21567.9 20638.4 19513.3 1125.14 19339.4 18508.5 8823.29 6456.47 5606.7 849.773 2366.82 952.417 745.408 9685.23 7466.14 6932.41 536.559 267.146 2219.1 1495.34 5414.38 3181.73 2232.65 1004.55 2177.18 1864.34 381.725 6661.63
internal_count=322131 15653 306478 299363 289644 9719 289183 286842 236370 180676 69023 111653 55694 9941 3124 50472 42778 37023 1892 1145 7694 5840 51024 24663 26361 10643 14020 12540 3186 32313
is_linear=0
shrinkage=0.05


Tree=87
num_leaves=31
num_cat=0
split_feature=6 0 4 4 11 17 3 16 17 1 3 9 15 9 9 0 2 16 14 0 16 4 0 3 17 17 17 9 17 4
split_gain=590.119 375.761 251.121 185.834 165.974 146.605 143.58 485.414 210.194 139.007 179.233 235.958 127.742 133.575 138.622 197.181 129.97 226.881 127.404 175.445 122.708 118.43 115.617 328.402 202.768 199.843 882.706 223.982 187.082 181.1
threshold=24.700000000000006 1.020018482978384 0.018333333333333403 -0.016000000000001395 1.0000000180025095e-35 -0.2748692009537384 1.1046641114621643 -0.031173458710879145 0.029024409397335454 14.285139964264445 10.034204925509277 18.900000000000002 0.99980486111815037 176.30000000000004 156.30000000000004 1.0414842151557451 1.0365939499376224 -0.30163705152652737 -0.17364817766693016 1.0079336849408944 0.72695311118111527 0.0020000000000006506 3.3470717486838102 2.9090518415140587 -0.99864786094873803 -0.9497838742125716 -0.6523320455745395 1.3000000000000003 -0.57077231802681661 -0.0020000000000001995
decision_type=2 2 2 2 2 2 2 2 2 2 2 2 2 2 2 2 2 2 2 2 2 2 2 2 2 2 2 2 2 2
left_child=2 21 3 5 9 -1 7 8 -4 10 12 -12 13 14 22 -16 17 18 -15 -20 -19 -2 23 24 -5 27 -27 -26 -28 -29
right_child=1 -3 6 4 -6 -7 -8 -9 -10 -11 11 -13 -14 16 15 -17 -18 20 19 -21 -22 -23 -24 -25 25 26 28 29 -30 -31
leaf_value=-0.0092589480462766296 -0.025098690573677501 0.043078650919181928 -0.054559289143314788 -0.063876072109789808 0.051638264367894031 0.031552763386131596 0.05038524703219624 -0.047358303889357134 0.048324283662334488 0.04475638980541724 0.029863635214673626 -0.085599921591709857 0.019618941847454805 0.043514654130416608 -0.082540747679951565 0.044724984176033128 0.044340032301092541 -0.068164448169344458 -0.085478494308918906 0.051378172915156367 0.006673940611254957 0.01668279195830542 0.020331489334250018 -0.058330602738035024 -0.044905510451793133 -0.055844530001106445 0.028158724518467512 0.042830527722091401 -0.0011068718064742849 0.0090521474990453449
leaf_weight=294.61106666945852 293.18369849771261 1602.9311256585643 54.979827523231506 127.32832046807744 158.31700325012207 869.45697573781945 388.80734092183411 233.27595280855894 511.55365364998579 173.71537590026855 66.205557182431221 133.40631012804806 820.52282571513206 298.55553282611072 113.96543164085597 41.525432221591473 310.0879097096622 126.05028342455626 51.395932914689183 43.019162505865097 96.86177617055364 402.36801990494132 605.26551248691976 254.0122688729316 156.90367822442204 743.37606387934648 571.63607284310274 517.01068492769264 12215.512241170509 1706.7427262649871
leaf_count=4986 1512 11442 1364 3723 695 5144 2065 3831 2252 465 136 650 2327 505 1119 78 625 1655 430 56 657 900 1951 1488 13398 36452 7741 2974 198523 12987
internal_value=0.00567117 0.0297615 0.00311764 0.00182185 0.000653537 0.0212238 0.025461 0.0133447 0.0383398 0.000232543 -0.000174547 -0.047304 0.000325862 -0.00055462 -0.00155887 -0.0485531 0.0179403 0.00464836 0.0275047 -0.0231213 -0.035645 -0.000928622 -0.00112643 -0.00192359 -0.00103024 -0.000527319 -0.00287779 0.0128316 0.000201416 0.0169054
internal_weight=23982.6 2298.48 21684.1 20495.5 19331.4 1164.07 1188.62 799.809 566.533 19173.1 18999.4 199.612 18799.8 17979.2 17053.3 155.491 925.971 615.883 392.971 94.4151 222.912 695.552 16897.8 16292.5 16038.5 15911.2 13530.5 2380.66 12787.1 2223.75
internal_count=322131 13854 308277 298765 288635 10130 9512 7447 3616 287940 287475 786 286689 284362 280434 1197 3928 3303 991 486 2312 2412 279237 277286 275798 272075 242716 29359 206264 15961
is_linear=0
shrinkage=0.05


Tree=88
num_leaves=31
num_cat=0
split_feature=6 0 4 4 11 3 16 17 0 16 9 17 15 9 3 0 5 4 5 4 16 14 1 17 15 0 16 8 7 7
split_gain=554.015 362.804 239.831 173.344 158.439 150.039 540.589 235.322 133.913 125.807 180.246 175.061 122.204 132.009 125.078 189.46 162.113 236.504 177.815 342.422 214.784 329.39 1563.58 3257.26 184.636 152.226 149.937 210.904 156.554 149.299
threshold=24.700000000000006 1.020018482978384 0.016333333333334452 -0.017666666666664149 1.0000000180025095e-35 1.1046641114621643 -0.031173458710879145 0.029024409397335454 14.512991363907089 -0.082689790342551792 40.300000000000011 0.14888728888808322 0.99980486111815037 176.30000000000004 0.99102374034563412 0.99882097045889251 0.0012000000000003503 0.00066666666666655009 -0.0013238095238094997 -0.0019999999999988495 0.94978112945126536 -0.97381903846659734 0.99986401033458583 -0.25829019487597277 0.72236396205975539 1.0155020554105181 0.93237596376505805 69.500000000000014 53.900000000000006 56.100000000000009
decision_type=2 2 2 2 2 2 2 2 2 2 2 2 2 2 2 2 2 2 2 2 2 2 2 2 2 2 2 2 2 2
left_child=2 -2 3 9 8 6 7 -4 12 11 -11 -1 13 14 -5 -16 18 -18 19 25 26 22 23 -22 -23 -17 29 28 -28 -20
right_child=1 -3 5 4 -6 -7 -8 -9 -10 10 -12 -13 -14 -15 15 16 17 -19 20 -21 21 24 -24 -25 -26 -27 27 -29 -30 -31
leaf_value=-0.05453799468302109 -0.00088531545743631898 0.042691565305256085 -0.054471998868140074 0.011292654080768724 0.051556795213985457 0.048269246274250679 -0.045178750373254375 0.047770590191833717 0.046949617722288971 -0.023761403676578339 0.035131407029865259 0.045209319074475798 0.018677451090229242 0.01750540287181054 -0.018595386564016696 -0.013325246857504039 0.049018792610547667 0.0022119607828114964 -0.0089209326500531184 0.050755463093232124 3.6861785882894043 -0.054267555488589664 -0.01423798753137057 -0.051212626577659792 0.020876016964209713 0.03052034841742467 -0.08920140839957913 0.023571886645128201 -0.30051305832127317 0.013583160280566537
leaf_weight=47.956872995942831 692.74381363391876 1538.2345223957673 62.386771190911531 1579.1306239590049 150.8277550265193 419.11215502955019 284.0703162625432 574.74612056463957 151.35643017292023 284.46018804470077 239.14758454635739 531.41516039706767 814.12778121232986 902.8079991126433 1828.2318994787056 789.23546663369052 369.95215547410771 997.60929494653828 8952.6414686399512 426.91411928553134 0.95443294895812902 90.301141245989129 9.4068492047954333 1.4979607143905003 862.95814386103302 264.23730493709445 52.701554173603654 38.943688474595547 10.513732150197027 803.12818505614996
leaf_count=1471 2412 11442 1634 24874 695 2299 4721 2594 432 5154 667 2524 2323 3925 68427 15017 2087 12002 134047 2527 27 8073 627 168 4495 703 4125 131 78 2430
internal_value=0.00544219 0.0291605 0.00298569 0.0016267 0.000513587 0.0234675 0.0121837 0.0377592 0.00010725 0.0208996 0.00313673 0.0369528 -0.000269967 -0.00112784 -0.00211285 -0.00347866 -0.00145709 0.0148741 -0.00327235 0.0129804 -0.00549542 0.0170158 0.278902 1.40332 0.0137578 -0.00232768 -0.00769933 -0.0679587 -0.124346 -0.00706832
internal_weight=23771.8 2230.98 21540.8 20200.5 19097.5 1340.32 921.203 637.133 18946.7 1102.98 523.608 579.372 18795.3 17981.2 17078.4 15499.2 13671 1367.56 12303.4 1480.39 10823 965.119 11.8592 2.45239 953.259 1053.47 9857.93 102.159 63.2153 9755.77
internal_count=322131 13854 308277 297029 287213 11248 8949 4228 286518 9816 5821 3995 286086 283763 279838 254964 186537 14089 172448 18247 154201 13390 822 195 12568 15720 140811 4334 4203 136477
is_linear=0
shrinkage=0.05


Tree=89
num_leaves=31
num_cat=0
split_feature=2 6 16 1 17 5 5 4 17 7 4 16 17 9 16 3 9 8 17 6 16 17 6 8 2 16 7 16 17 15
split_gain=520.72 443.694 239.76 315.511 242.325 254.375 253.859 237.37 232.827 199.106 202.124 198.3 261.445 388.181 318.182 326.602 223.589 261.556 320.361 191.922 185.042 238.697 272.957 253.834 278.728 207.409 180.131 294.77 177.922 248.024
threshold=1.1662610822017332 24.700000000000006 0.29342972903661901 1.0372400461072957 -0.99864786094873803 0.0048000000000007004 -0.0052000000000004994 -0.00066666666666624988 0.029024409397335454 12.500000000000002 0.012333333333333451 0.17646842360078757 0.36447543099728857 13.900000000000002 -0.9124670466711694 1.0229936555019983 14.500000000000002 15.300000000000002 -0.97696767110351224 1.0000000180025095e-35 0.49812943072827087 -0.55656394595157355 1.0000000180025095e-35 87.90000000000002 1.0002719423494792 0.62587949062545845 1.0000000180025095e-35 -0.93805425954833843 0.29958852271690523 -0.20576496797711566
decision_type=2 2 2 2 2 2 2 2 2 2 2 2 2 2 2 2 2 2 2 2 2 2 2 2 2 2 2 2 2 2
left_child=2 7 4 20 -1 6 -6 -2 -7 10 -9 12 13 26 -14 -16 19 -18 -19 -13 -4 23 -23 24 -22 -26 27 -8 -15 -30
right_child=1 -3 3 -5 5 8 11 9 -10 -11 -12 16 14 28 15 -17 17 18 -20 -21 21 22 -24 -25 25 -27 -28 -29 29 -31
leaf_value=-0.054788782712755828 -0.0022163913024716656 0.046407031879307226 -0.047183891840294763 0.011044708277385183 0.034899630588161056 -0.040121159685365212 0.0023585268992256615 -0.0011287412239169325 0.043467930111389247 0.045839254743186141 0.048204103469910567 -0.048400349309528815 0.028431556368710344 -0.04459092941692229 -0.0033688189530989227 0.033172107780333131 0.058982094799950625 -0.059270175773512283 0.03515945867655941 0.023813633523622185 0.02885954738217348 -0.044116041761533754 -0.0069693276190128592 0.06873083804245643 0.028947645140861039 -0.065952027078380299 0.020879824245310229 -0.043830271685827087 -0.088854225601639247 0.016002514037644761
leaf_weight=168.72005832497962 1705.1807148195803 1195.7363977422938 433.82474718056619 1477.047071095556 626.98223047284409 94.875156344845891 1666.4899801402353 838.83149094879627 683.15160445310175 653.63334779068828 275.92461577802896 181.8457667096518 1294.8503086529672 908.73804332502186 5097.0226030710619 694.86975488066673 492.13683382607996 131.89321258105338 281.55130313895643 186.23612532578409 324.30794216413051 787.97223164513707 1327.9496160978451 155.87582460790873 80.383800461655483 202.91443033306859 783.01645475276746 435.74023631354794 69.311313536018133 302.62906207516789
leaf_count=4550 5795 10251 27592 4461 5139 2312 8992 2251 2876 2474 1202 13151 3228 11253 71963 1612 3505 636 807 566 10729 80968 6779 148 1554 4145 3721 27732 792 947
internal_value=0.0051859 0.0201373 0.00149022 -0.00817405 0.0047735 0.00549485 0.00385165 0.0110942 0.0332748 0.0239291 0.0110821 0.0022976 0.000181095 -0.00975921 0.00602448 0.0010151 0.0209967 0.0343526 0.0050354 -0.0118627 -0.0167418 -0.0121553 -0.0208028 0.0118106 -0.0027918 -0.0390249 0.000409356 -0.00721527 -0.032668 -0.0035376
internal_weight=23559.6 4669.31 18890.3 4790.28 14100.1 13931.3 13153.3 3473.57 778.027 1768.39 1114.76 12526.3 11252.7 4165.93 7086.74 5791.89 1273.66 905.581 413.445 368.082 3313.23 2879.4 2115.92 763.482 607.606 283.298 2885.25 2102.23 1280.68 371.94
internal_count=322131 21973 300158 136376 163782 159232 154044 11722 5188 5927 3453 148905 130240 53437 76803 73575 18665 4948 1443 13717 131915 104323 87747 16576 16428 5699 40445 36724 12992 1739
is_linear=0
shrinkage=0.05


Tree=90
num_leaves=31
num_cat=0
split_feature=6 10 4 4 11 3 16 17 17 0 3 0 17 17 6 15 3 14 17 17 3 9 17 17 15 17 16 10 9 4
split_gain=492.611 345.753 218.74 156.322 147.684 129.012 415.181 181.533 127.039 123.527 133.633 183.909 139.274 130.674 142.649 123.649 141.646 183.329 172.153 172.073 138.588 209.653 134.565 633.29 223.278 176.233 388.994 269.476 161.897 203.518
threshold=24.700000000000006 37.500000000000007 0.018333333333333403 -0.016000000000001395 1.0000000180025095e-35 1.1046641114621643 -0.031173458710879145 0.029024409397335454 -0.2748692009537384 14.512991363907089 10.034204925509277 8.6159913898803868 -0.9575230291762723 0.67644692717078936 16.100000000000005 -0.6835516316989646 0.95897669635135452 0.44032991850403935 -0.95998493203694346 0.65071284653328287 0.99792294109297863 54.100000000000009 -0.9497838742125716 -0.6523320455745395 0.99913862891129035 -0.96466008222729427 -0.16799356919963601 35.500000000000007 176.30000000000004 -0.0005714285714285499
decision_type=2 2 2 2 2 2 2 2 2 2 2 2 2 2 2 2 2 2 2 2 2 2 2 2 2 2 2 2 2 2
left_child=2 -2 3 8 9 6 7 -4 -1 10 15 -12 -13 -14 -15 20 17 18 -17 -20 21 -5 25 24 -24 26 27 -18 29 -25
right_child=1 -3 5 4 -6 -7 -8 -9 -10 -11 11 12 13 14 -16 16 22 -19 19 -21 -22 -23 23 28 -26 -27 -28 -29 -30 -31
leaf_value=-0.0085574654815240275 0.008751822953476705 0.049256772110279998 -0.054140323065221409 -0.054261573780230735 0.051465877602468603 0.050131511426397449 -0.044939391740019104 0.047717329244288564 0.030006976698560697 0.04646817858400934 -0.12202866728594396 -0.1351866729037613 0.037709303692811683 -0.12738061081919497 0.043193396007928583 -0.069979089967705785 -0.048788897067869708 -0.032063357536429353 0.053522501502304323 -0.063699417515467968 -0.0046355104898175284 0.028728439796184248 -0.05490597235064254 -0.010510099734351953 0.0058843597064761714 0.030742207374142551 0.0091532937504892539 -0.24365011860044197 0.025368352131795453 0.0043604892631154196
leaf_weight=289.93925196980126 1108.2075010091066 1004.3172677336261 48.431718476116657 344.95590612385422 140.89597212523222 341.5565898232162 217.13069782964885 451.83165057003498 810.56701789563522 142.46077504009008 51.200091756880283 20.723472952842712 96.027151051908731 31.484268598258495 20.070615172386169 34.688004856463522 114.40561435557902 115.51435041776858 448.72866180352867 33.654561075381935 1749.9795567244291 97.641582585405558 704.06781267886981 3171.3055366182234 192.30576724652201 796.82917286036536 1647.1777709275484 20.998786360025406 680.86126550100744 8382.4536630967632
leaf_count=4986 4584 9270 1364 20210 695 2065 3831 2252 5144 433 303 104 214 151 56 468 2289 1365 1398 428 50091 1027 27056 52578 661 4831 18333 135 2341 103468
internal_value=0.0049837 0.0280083 0.00268913 0.00152445 0.000465333 0.0248389 0.0127968 0.0378562 0.0198468 8.50839e-05 -0.000267235 -0.0390508 -0.0138081 0.00323583 -0.0609752 0.000192055 0.00168786 0.0248853 0.0376077 0.0453442 -0.0109573 -0.0359531 0.000753804 -0.00129714 -0.0418642 0.0111945 0.00245656 -0.0790084 0.00167502 0.000278772
internal_weight=23310.4 2112.52 21197.9 20138.9 19038.4 1058.95 717.394 500.263 1100.51 18897.5 18755.1 219.506 168.306 147.582 51.5549 18535.6 16343 632.586 517.071 482.383 2192.58 442.597 15710.4 13131 896.374 2579.41 1782.58 135.404 12234.6 11553.8
internal_count=322131 13854 308277 298765 288635 9512 7447 3616 10130 287940 287507 828 525 421 207 286679 215351 3659 2294 1826 71328 21237 211692 186104 27717 25588 20757 2424 158387 156046
is_linear=0
shrinkage=0.05


Tree=91
num_leaves=31
num_cat=0
split_feature=6 10 4 15 9 16 2 15 9 4 5 17 5 4 0 8 4 3 5 5 9 9 14 9 0 1 6 6 9 16
split_gain=464.349 341.37 224.345 213.03 308.202 197.722 336.599 234.092 212.729 268.433 207.034 220.459 211.941 261.154 205.227 242.778 193.234 273.413 187.11 244.883 324.664 181.632 160.566 725.335 194.482 194.848 159.695 467.475 155.894 155.209
threshold=13.700000000000001 37.500000000000007 0.018333333333333403 0.98995972778062036 14.900000000000002 0.29342972903661901 1.0422977108741669 0.99970967602773331 76.100000000000009 0.0090000000000000514 0.0048000000000007004 0.10623888086365081 -0.0013238095238094997 -0.0019999999999988495 0.95848294868488915 46.900000000000006 -0.0076666666666660496 4.9319705321900109 -2.2222222222224707e-05 -0.00039999999999979998 6.1000000000000005 93.700000000000003 0.21643961393810299 26.100000000000005 1.028219358729606 6.9013368521242544 19.500000000000004 25.100000000000005 81.300000000000026 0.96234642434711437
decision_type=2 2 2 2 2 2 2 2 2 2 2 2 2 2 2 2 2 2 2 2 2 2 2 2 2 2 2 2 2 2
left_child=5 2 3 4 -2 10 7 14 9 -8 12 -12 13 -1 -7 29 17 -14 19 20 -18 28 -6 24 -24 26 -26 -28 -17 -16
right_child=1 -3 -4 -5 22 6 8 -9 -10 -11 11 -13 16 -15 15 21 18 -19 -20 -21 -22 -23 23 -25 25 -27 27 -29 -30 -31
leaf_value=0.0079220388162895682 -0.22668584897319655 0.036357893172598549 0.048409922718161455 0.037076489475694814 0.0033722319108935687 0.041853108255883835 -0.0078395520893496592 0.0087650759706650906 0.045661913231124972 0.040458360955968962 -0.032683183979498959 0.041127522962973534 0.046978850146501154 0.048828108553830574 -0.049394594941005725 -0.026658092584779882 -0.03514202472168472 -0.065271515869845517 0.0023726023502101488 -0.045910809639130738 0.0082980286602099881 -0.03204350462111754 -0.05884724707914938 -0.0096556193996919053 -0.2334065332172934 -0.079448788400713982 -0.93566936449611282 -0.26104749100271446 0.056908295698880229 -0.01092218831367937
leaf_weight=1799.0533457605634 15.55950355902314 1787.709257658571 295.75348260998726 359.25688358023763 1485.9508401053026 102.58028594497591 1587.8235675068572 582.54282386600971 307.70146599784493 351.34365111961961 119.79013078846037 650.64300589077175 399.32591101853177 498.23321942845359 1153.1420266660862 83.194467191118747 634.78643489582464 62.77610819786787 8034.9765836310107 468.99510430754162 1334.0830873327795 229.48133045248687 8.2238551639020461 249.7426475789398 6.6626142263412538 5.3512193243950597 4.4484089948236925 6.0744397286325693 169.5435700584203 339.28945380751975
leaf_count=17235 137 12429 1790 721 5726 920 4660 2062 596 1304 2781 2929 1219 2169 105624 1021 19587 322 94350 11341 11331 1241 130 1306 41 39 89 59 250 18722
internal_value=0.00477673 0.0197634 0.00759027 0.00195223 -0.00512887 0.0014284 -0.0072088 -0.0192453 0.00703966 0.000911197 0.00445494 0.0296511 0.00298791 0.0167937 -0.0271006 -0.0306827 8.7501e-05 0.0317297 -0.00130868 -0.0134418 -0.00570755 0.000160184 -0.00317733 -0.0378733 -0.26697 -0.342917 -0.424955 -0.546236 0.0294005 -0.0406483
internal_weight=23134 4224.73 2437.02 2141.27 1782.01 18909.3 4906.64 2659.77 2246.87 1939.17 14002.7 770.433 13232.2 2297.29 2077.23 1974.65 10934.9 462.102 10472.8 2437.86 1968.87 482.219 1766.45 280.503 30.7605 22.5367 17.1855 10.5228 252.738 1492.43
internal_count=322131 22467 10038 8248 7527 299664 136400 129840 6560 5964 163264 5710 157554 19404 127778 126858 138150 1541 136609 42259 30918 2512 7390 1664 358 228 189 148 1271 124346
is_linear=0
shrinkage=0.05


Tree=92
num_leaves=31
num_cat=0
split_feature=6 10 4 4 4 4 5 4 3 4 0 9 17 8 9 17 3 0 15 16 0 3 4 3 7 3 15 4 14 9
split_gain=439.335 391.083 174.218 148.242 136.925 275.359 177.101 162.334 175.838 159.203 296.54 277.934 243.136 218.202 170.743 214.418 154.818 154.379 151.174 149.106 191.475 189.241 147.006 138.223 136.219 135.443 130.828 130.264 130.163 128.984
threshold=20.300000000000004 37.500000000000007 0.016333333333334452 0.018333333333333403 -0.0076666666666660496 -0.0079999999999997486 -0.0016000000000001497 -0.0080000000000025988 5.8901285535117065 -0.00066666666666624988 3.3470717486838102 78.90000000000002 -0.9497838742125716 50.500000000000007 33.70000000000001 0.75438814418115718 0.99792294109297863 0.99294402254726422 -0.6835516316989646 -0.031173458710879145 8.6159913898803868 10.034204925509277 -0.003999999999999399 3.6620970266040693 49.900000000000006 0.95897669635135452 0.99980486111815037 0.010250000000001253 0.44032991850403935 7.1000000000000005
decision_type=2 2 2 2 2 2 2 2 2 2 2 2 2 2 2 2 2 2 2 2 2 2 2 2 2 2 2 2 2 2
left_child=2 3 4 -2 5 7 22 8 16 11 18 12 -8 14 17 -16 -1 -14 27 -10 21 24 -6 -15 -21 28 -27 -11 -20 -9
right_child=1 -3 -4 -5 6 -7 9 29 19 10 -12 -13 13 23 15 -17 -18 -19 25 20 -22 -23 -24 -25 -26 26 -28 -29 -30 -31
leaf_value=-0.038188862643120325 0.0012342519182303412 0.046258298843427387 0.021440957733189887 0.048517782446253009 -0.0027146360813371942 0.073257696420877108 0.0061292694735114832 -0.065588223834808376 -0.11415507435714739 -0.013910038907096698 0.04379701249276112 0.010552800471675321 0.0036702256473669032 -0.052936696580185211 -0.034313481215929413 0.034034486132770644 0.023247374114546943 -0.043117630022717485 0.039931370121292109 -0.060293236370885364 0.029631304517862112 -0.15422581450371914 0.041599387885685943 -0.14826659774060086 0.051811798439284878 -0.0014412901007714036 0.020263942637233308 -0.11002618547845405 -0.024758836635205023 -0.0033247730713782189
leaf_weight=109.42447633109987 1313.5465921089053 1117.3084483277053 1101.3230357170105 189.70498690009117 325.27191410097294 169.18973701354116 632.71864378242753 118.87765399646014 37.203652281314135 1281.3194089195458 388.71856246143579 1021.7551778629422 216.86377472896129 122.60469955625013 218.21395377023146 242.014030598104 1630.9549023003783 942.66473454097286 392.0633495375514 73.400666482746601 160.88640645891428 33.211525090038776 440.73789188964292 55.118879832327366 42.955282434821129 9399.428708262858 749.61063137743622 36.248203607741743 96.996816209517419 276.98250320972875
leaf_count=2207 5419 10559 10738 1153 7817 192 8728 2444 211 44937 1059 5630 6080 766 3786 1578 12810 50432 1636 350 454 173 3632 269 80 133728 1820 776 1048 1619
internal_value=0.00458615 0.0238537 0.00210092 0.00720126 0.000992457 0.011538 -0.000696817 0.00733403 0.0128996 -0.00183538 0.000819005 -0.0113276 -0.0205271 -0.0299102 -0.0241397 0.00162776 0.0193846 -0.034367 -0.000578353 -0.0195645 -0.00822916 -0.0489548 0.0227823 -0.0825021 -0.0189073 0.00140033 0.000161864 -0.0165543 0.0271012 -0.0220226
internal_weight=22937.3 2620.56 20316.8 1503.25 19215.4 2653.09 16562.3 2483.9 2088.04 15796.3 12344.4 3451.95 2430.2 1797.48 1619.76 460.228 1740.38 1159.53 11955.7 347.658 310.454 149.567 766.01 177.724 116.356 10638.1 10149 1317.57 489.06 395.86
internal_count=322131 17131 305000 6572 294262 20540 273722 20348 16285 262273 185004 77269 71639 62911 61876 5364 15017 56512 183945 1268 1057 603 11449 1035 430 138232 135548 45713 2684 4063
is_linear=0
shrinkage=0.05


Tree=93
num_leaves=31
num_cat=0
split_feature=2 6 4 16 1 17 5 4 17 9 16 17 9 16 3 10 9 6 4 8 16 7 16 14 17 15 16 1 16 17
split_gain=415.763 399.981 199.984 199.439 263.018 222.391 216.81 210.463 199.52 186.19 167.517 226.727 364.725 283.871 295.141 198.897 231.789 173.327 170.71 165.679 257.33 163.405 276.833 162.133 161.196 230.043 267.617 197.073 161.089 210.598
threshold=1.1662610822017332 24.700000000000006 0.012333333333333451 0.29342972903661901 1.0372400461072957 -0.99864786094873803 0.0048000000000007004 -0.017666666666664149 0.029024409397335454 76.100000000000009 0.17646842360078757 0.36447543099728857 13.900000000000002 -0.9124670466711694 1.0210499297525131 38.500000000000007 14.500000000000002 1.0000000180025095e-35 -0.010666666666666649 15.300000000000002 0.18492960260158642 1.0000000180025095e-35 -0.93805425954833843 -0.50938662908026078 0.29958852271690523 -0.20576496797711566 -0.94387377644575277 1.0846691995283639 0.49812943072827087 -0.55656394595157355
decision_type=2 2 2 2 2 2 2 2 2 2 2 2 2 2 2 2 2 2 2 2 2 2 2 2 2 2 2 2 2 2
left_child=3 2 9 5 28 -1 7 -7 -8 -2 11 12 21 23 18 16 17 -12 -15 -18 -21 22 -9 -13 27 -26 -27 -14 -5 -30
right_child=1 -3 -4 4 -6 6 8 10 -10 -11 15 13 24 14 -16 -17 19 -19 -20 20 -22 -23 -24 -25 25 26 -28 -29 29 -31
leaf_value=-0.053530794822248241 0.0020556293444702329 0.045601182948777456 0.043897229969515651 -0.044794644818791737 0.0099286280550479299 0.033310461794953887 -0.038139530904260512 0.0024418995798168143 0.042072735921783413 0.05161802809352195 -0.047727658113399789 0.047045067887251144 -0.056046609152411921 -0.091042342843318955 0.030767990725870831 -0.13337437526725449 0.055291940926252447 0.021989312292299903 -0.0025472330101662995 -0.094694759972595521 0.027196908551410215 0.020131668973243557 -0.043231984508409538 0.0110160971576514 -0.088339272638876504 0.036235887955187639 -0.089665604292999468 -0.00018828184755543067 0.011266016963375704 -0.019740526909900673
leaf_weight=165.19338200404309 2747.7323509985581 1024.6675518993288 382.53370201215148 416.62687238142826 1439.1701549366117 561.09811607841402 88.766411792486906 1650.9870627801865 612.2105760872364 203.52827210724354 173.57350599695928 559.85506936907768 685.9797620375175 55.102933464571834 717.58722613984719 20.949737407267094 486.46166656212881 183.297671912238 4943.2014508803841 49.809482371434569 331.29412660561502 779.36463522468694 415.18887081881985 706.04450384713709 65.881023642607033 248.59901291690767 50.839273620396852 205.11947326734662 746.79808542993851 2053.4053492589155
leaf_count=4550 8687 10251 2137 27592 4461 4784 2312 9058 2876 898 13183 1074 10465 314 1748 100 3497 567 71606 381 959 3755 27839 2171 792 566 381 804 16576 87747
internal_value=0.00439343 0.0182799 0.0098825 0.00110632 -0.00783839 0.00413375 0.00483463 0.00336198 0.0319153 0.00547361 0.00199902 4.53955e-05 -0.00928426 0.00552678 0.000782123 0.019386 0.0219997 -0.0119193 -0.00352283 0.0359522 0.0112659 0.000622735 -0.00673606 0.0269502 -0.0317217 -0.00375072 0.0148601 -0.0431887 -0.0157871 -0.0114713
internal_weight=22770.9 4358.46 3333.79 18412.4 4656 13756.4 13591.2 12890.2 700.977 2951.26 12329.1 11083.8 4101.96 6981.79 5715.89 1245.39 1224.44 356.871 4998.3 867.565 381.104 2845.54 2066.18 1265.9 1256.42 365.319 299.438 891.099 3216.83 2800.2
internal_count=322131 21973 11722 300158 136376 163782 159232 154044 5188 9585 149260 130573 53660 76913 73668 18687 18587 13750 71920 4837 1340 40652 36897 3245 13008 1739 947 11269 131915 104323
is_linear=0
shrinkage=0.05


Tree=94
num_leaves=31
num_cat=0
split_feature=6 10 4 7 16 15 9 16 14 0 1 16 17 2 17 15 9 1 15 4 3 17 17 1 9 3 5 4 5 5
split_gain=390.889 325.092 173.059 128.909 157.977 191.875 295.358 250.114 242.451 211.597 175.765 186.38 429.061 522.038 239.136 214.226 952.171 224.511 315.891 223.432 175.999 170.158 165.272 164.039 256.115 225.237 160.288 239.332 175.945 219.459
threshold=24.700000000000006 37.500000000000007 0.018333333333333403 56.100000000000009 0.29342972903661901 0.98285265264473232 41.900000000000006 0.96465729447553372 -0.43245347597985068 1.0414842151557451 1.0009544262056151 0.73865729060996177 0.66367808336324663 0.99554151944487235 -0.25829019487597277 -0.81279832427823695 12.700000000000001 1.0000285844957697 0.61048935452158515 0.0019999999999988504 1.0002719793308283 0.93158198870884079 0.92191100909954782 1.0846691995283639 2.1000000000000005 1.1046641114621643 -0.0013238095238094997 -0.0012820512820510999 -2.2222222222224707e-05 -0.00035377777777774992
decision_type=2 2 2 2 2 2 2 2 2 2 2 2 2 2 2 2 2 2 2 2 2 2 2 2 2 2 2 2 2 2
left_child=2 -2 3 4 26 6 8 21 10 -8 11 -6 14 -14 15 16 -13 -17 -19 20 -20 22 23 24 -7 -26 27 -1 29 -28
right_child=1 -3 -4 -5 5 7 9 -9 -10 -11 -12 12 13 -15 -16 17 -18 18 19 -21 -22 -23 -24 -25 25 -27 28 -29 -30 -31
leaf_value=0.0068928814739683585 0.0075444287945285286 0.048902959152189236 0.023099954027622657 0.01570928505467958 -0.051248145211017053 0.012303331641935257 -0.027994193286528975 0.029012492707577189 -0.054254319695653953 0.014613962363004338 -0.057778118999680488 -0.05141149973766343 -0.051601474350731695 1.1865165803986026 -0.05115696628738188 0.036576934549866151 1.793687988702243 -0.052515522310815868 1.0198512927491563 0.20071588359518452 0.37122666495113688 -0.12231318966022525 0.058571701888726568 0.014692781192831168 -0.056138307410508237 -0.0048747131211943212 -0.0053395344810126255 0.047808114197152453 0.0038737499472486464 -0.048602347552901118
leaf_weight=1755.5259946961887 1079.7006446123123 848.54786736611277 945.47144387289882 1420.5274782218039 68.950297970208339 459.43898437102325 468.13421197421849 634.55027747852728 710.54856391984504 771.74520274810493 106.31725310371257 2.5260835725348438 1.6168076556641602 1.798314018640667 55.995664757210761 105.95187343098223 0.96684684231877316 5.6033682376146308 2.0800000776071084 5.0996966178063303 2.1034696721471846 31.493756983196363 96.711411782540381 543.44103415124118 492.34868391579948 379.37296684086323 2186.213634101674 448.78254121076316 8591.0123876975849 338.52205137629062
leaf_count=17266 4584 9270 9512 4910 12737 4264 12940 1916 67637 2188 9840 474 99 48 10039 5514 79 632 76 75 92 317 208 1376 3058 841 33562 1971 97173 9433
internal_value=0.00421617 0.0257447 0.00220421 0.00120071 7.24434e-05 -0.00755759 -0.0180808 0.00165722 -0.0373329 -0.00147336 -0.00384231 0.0188505 0.0451555 0.600359 0.0346407 0.0732818 0.459314 0.0621233 0.243944 0.422889 0.69372 -0.00700977 -0.00516768 -0.00845602 -0.0179064 -0.0338284 0.00290608 0.015223 0.000463586 -0.0111403
internal_weight=22561.1 1928.25 20632.9 19687.4 18266.9 4946.79 2309.44 2637.36 1069.56 1239.88 359.01 252.692 183.742 3.41512 180.327 124.331 3.49293 120.838 14.8865 9.28317 4.18347 2002.81 1971.31 1874.6 1331.16 871.722 13320.1 2204.31 11115.7 2524.74
internal_count=322131 13854 308277 298765 293855 134450 122470 11980 107342 15128 39705 29865 17128 147 16981 6942 553 6389 875 243 168 10064 9747 9539 8163 3899 159405 19237 140168 42995
is_linear=0
shrinkage=0.05


Tree=95
num_leaves=31
num_cat=0
split_feature=0 4 4 3 4 5 17 3 6 5 2 5 5 4 5 1 3 9 5 5 1 16 1 4 4 16 10 9 15 17
split_gain=372.1 312.533 220.648 274.266 212.92 247.755 165.256 164.5 174.599 161.982 159.426 155.669 230.763 208.056 201.296 256.062 301.799 190.33 188.401 337.335 344.109 263.343 196.323 152.552 152.062 208.198 148.134 135.57 131.722 135.136
threshold=3.3470717486838102 -0.00066666666666624988 0.0059999999999999507 2.9090518415140587 -0.0076666666666660496 -0.0015999999999996998 -0.99761278905001471 4.9319705321900109 15.100000000000001 0.0020000000000001505 1.3759039592112794 -0.00099999999999994993 -4.444444444443557e-05 -1.0000000180025095e-35 -0.00039999999999929995 1.0062513026260944 0.99576711915711003 2.7000000000000006 4.4444444444427716e-05 0.0003555555555555501 1.0047670123427614 -0.97287096065939782 0.99603371246086825 -0.0079999999999997486 -0.017666666666664149 0.14250626876356548 36.500000000000007 180.10000000000002 0.99913862891129035 -0.6391983530350368
decision_type=2 2 2 2 2 2 2 2 2 2 2 2 2 2 2 2 2 2 2 2 2 2 2 2 2 2 2 2 2 2
left_child=2 7 3 4 5 23 26 -2 -9 11 28 13 14 17 15 16 -13 -8 21 27 22 -14 -21 24 25 -1 -6 -20 29 -4
right_child=1 -3 10 -5 6 -7 9 8 -10 -11 -12 12 18 -15 -16 -17 -18 -19 19 20 -22 -23 -24 -25 -26 -27 -28 -29 -30 -31
leaf_value=0.033472117248369349 0.035821974692672218 0.04638757267116117 -0.01227484493440506 -0.048643584530473231 -0.052817889698859678 0.04249437244029252 -0.043507739943886958 -0.032563194834852337 0.017561593235952039 0.031487292674395789 0.037161650695909716 0.019440630342058094 0.035167106218450671 0.028699190874972792 -0.049307094976338839 0.012482537091008704 -0.03836108291794002 0.0068868600868185878 -0.048952376952306552 0.010200372717213795 0.012351184857249687 0.0011381368816061137 -0.027662260526002971 0.073814107486015232 -0.016102656525100647 -0.047463935518096051 -0.45290128662729456 -0.38459725760343461 0.044040961626303915 0.011147862770936299
leaf_weight=450.90436859242618 316.92079771310091 906.93028320930898 790.57584185851738 292.27940179593861 115.66976774390787 600.2395047894679 237.11561479500961 349.47770160809159 345.46923326514661 364.42982593667693 550.86479570250958 293.70760394330136 653.336702239234 883.67190054245293 429.92676175374072 710.20168502896558 977.11645020579454 892.91207140311599 416.93282439000905 448.94562552403659 1694.7085236691637 4380.6960766242119 1442.1239832016872 73.233631312847137 688.14064778829925 96.454141315072775 2.3608451867476097 3.0303242355585089 242.61027025524527 2785.4231510027312
leaf_count=4385 1466 6606 8794 1647 4426 2787 13740 1249 1733 3986 3780 6609 1999 5159 19904 4229 37333 10080 19416 9760 8457 62521 49020 102 7512 3578 31 27 578 21217
internal_value=0.00401714 0.0250729 0.00204801 -0.000649174 0.000235532 0.0158966 -0.00190807 0.00596877 -0.00764536 -0.00140525 0.0120159 -0.00229552 -0.00455007 0.0105247 -0.0182943 -0.0115638 -0.0250022 -0.00368752 -0.000884408 -0.00897628 -0.00401066 0.00555455 -0.0186736 0.00369779 -0.000458326 0.0192098 -0.0608203 -0.0513743 0.00838842 0.00596961
internal_weight=22436.4 1918.8 20517.6 16148.1 15855.9 1908.97 13946.9 1011.87 694.947 13828.9 4369.47 13464.4 11450.7 2013.7 2410.95 1981.03 1270.82 1130.03 9039.77 4005.74 3585.78 5034.03 1891.07 1308.73 1235.5 547.359 118.031 419.963 3818.61 3576
internal_count=322131 11054 311077 276708 275061 18364 256697 4448 2982 252240 34369 248254 219275 28979 68075 48171 43942 23820 151200 86680 67237 64520 58780 15577 15475 7963 4457 19443 30589 30011
is_linear=0
shrinkage=0.05


Tree=96
num_leaves=31
num_cat=0
split_feature=6 0 4 16 16 3 16 17 15 11 4 17 15 10 4 7 14 1 16 17 1 9 3 14 16 17 14 8 8 16
split_gain=348.342 304.944 157.296 144.532 160.992 129.438 370.466 164.353 125.958 122.25 123.995 113.561 108.839 206.779 262.214 151.793 153.01 141.803 135.856 140.014 136.063 238.624 236.871 175.82 168.528 200.123 154.36 197.881 191.43 154.012
threshold=25.500000000000004 1.0079336849408944 0.018333333333333403 0.86548282553247169 0.71503381463111937 1.1046641114621643 -0.031173458710879145 0.029024409397335454 -0.70710678118654757 1.0000000180025095e-35 -0.016000000000001395 -0.2748692009537384 0.73727733681012431 36.500000000000007 -1.0000000180025095e-35 59.70000000000001 -0.21643961393810282 1.2654943896377742 0.81925054981890411 -0.99273797715557011 1.0138177838847111 43.500000000000007 1.0016298811620163 -0.69151305578226929 -0.65882179392489248 -0.98801846520836334 -0.48098876891938752 0.3000000000000001 0.70000000000000018 0.81428061195174062
decision_type=2 2 2 2 2 2 2 2 2 2 2 2 2 2 2 2 2 2 2 2 2 2 2 2 2 2 2 2 2 2
left_child=2 3 9 4 -2 6 7 -4 -3 10 11 -1 13 18 -15 -14 -17 -16 19 -12 22 23 29 24 -22 -26 27 -24 -29 -21
right_child=1 8 5 -5 -6 -7 -8 -9 -10 -11 12 -13 15 14 17 16 -18 -19 -20 20 21 -23 26 -25 25 -27 -28 28 -30 -31
leaf_value=-0.0088661196737692873 -0.018556366066496379 -0.15259142921086291 -0.054001394363785642 -0.072297487719309092 0.046822458124802062 0.04979014793525019 -0.044560449247377863 0.046876286656937209 0.039318918193706053 0.051231244473549202 -0.057745359932864428 0.028065284849612439 0.0019565588912878284 -0.078774388615253016 -0.097228443784583854 -0.036046045182800399 0.038909743769839987 0.053276361471958328 -0.030140379430087346 0.00012903479911060097 0.033882370583958765 0.024242413804847349 -0.049458472648471544 -0.04639172092407446 0.061329474967958757 -0.078582411761902768 -0.046875095715825599 0.18043711295499099 0.0029334845061513258 0.21763955077489494
leaf_weight=289.98701277864166 282.8476335927844 8.608006186783312 45.124284997582436 74.517391309142113 141.15040271356702 290.24855064228177 211.80995955318213 383.73014752194285 1269.7102850480005 120.63185834884644 108.50045277434401 737.58716490329243 8746.4523631369229 195.40904054045677 19.712870918214321 79.003641240298748 492.63544337451458 75.94125933945179 429.94904636219144 5254.9419813093264 229.21047371905297 1216.3869412592612 211.18272878124844 249.22651957347989 35.877818115055561 88.85591968218796 464.37070722866338 15.726389302173628 444.72175526991487 8.1509193354286236
leaf_count=5009 1343 44 1364 426 281 2150 3831 2252 11209 737 7825 5153 75544 974 97 326 1461 180 45857 118778 578 3687 7866 3762 37 1074 15957 142 3574 613
internal_value=0.00385625 0.0250913 0.00201079 -0.00807806 0.00320847 0.0220904 0.00954123 0.0362619 0.0380266 0.00105292 0.000740803 0.017643 -0.000204861 -0.00411089 -0.0455709 0.00358802 0.0285504 0.0222596 -0.00273287 -0.00131776 -0.000572819 0.0114919 -0.00400337 -0.0142215 0.00843085 -0.0383388 -0.0247095 -0.00938397 0.00899604 0.000465892
internal_weight=22222.2 1776.83 20445.4 498.515 423.998 930.913 640.664 428.854 1278.32 19514.5 19393.8 1027.57 18366.3 9048.16 291.063 9318.09 571.639 95.6541 8757.1 8327.15 8218.65 1819.56 6399.09 603.171 353.944 124.734 1136 671.631 460.448 5263.09
internal_count=322131 13303 308828 2050 1624 9597 7447 3616 11253 299231 298494 10162 288332 211001 1251 77331 1787 277 209750 163893 156068 9138 146930 5451 1689 1111 27539 11582 3716 119391
is_linear=0
shrinkage=0.05


Tree=97
num_leaves=31
num_cat=0
split_feature=0 4 4 3 4 5 3 5 17 6 2 4 5 5 4 5 9 9 5 5 1 16 1 0 4 16 17 5 15 0
split_gain=330.485 300.82 193.612 242.65 189.999 231.915 152.473 152.293 155.239 151.706 146.044 144.331 140.083 211.859 188.29 187.852 231.477 175.082 171.288 312.888 307.189 240.102 179.93 150.626 130.956 193.396 157.31 128.322 124.376 123.032
threshold=3.3470717486838102 -0.00066666666666624988 0.0059999999999999507 2.9090518415140587 -0.0076666666666660496 -0.0015999999999996998 4.9319705321900109 0.0020000000000001505 -0.99761278905001471 15.100000000000001 1.3759039592112794 -0.0079999999999997486 -0.00099999999999994993 -4.444444444443557e-05 -1.0000000180025095e-35 -0.00039999999999929995 5.3000000000000016 2.7000000000000006 4.4444444444427716e-05 0.0003555555555555501 1.0047670123427614 -0.97287096065939782 0.99603371246086825 0.96529483348394718 -0.017666666666664149 -0.031173458710879145 0.14888728888808322 0.0020000000000009502 0.99913862891129035 1.0311302400704798
decision_type=2 2 2 2 2 2 2 2 2 2 2 2 2 2 2 2 2 2 2 2 2 2 2 2 2 2 2 2 2 2
left_child=2 6 3 4 5 11 -2 8 -6 -8 28 24 14 15 17 16 23 -10 21 -20 22 -15 -21 -14 25 26 -1 -9 -4 -26
right_child=1 -3 10 -5 7 -7 9 27 12 -11 -12 -13 13 18 -16 -17 -18 -19 19 20 -22 -23 -24 -25 29 -27 -28 -29 -30 -31
leaf_value=-0.054745365162957388 0.034863174333430842 0.045925260019870073 0.0055202876528971006 -0.046020101917139372 -0.062497830171989871 0.04120651515120291 -0.030722146757685084 0.11953594830770378 -0.04259922953264797 0.016332851630053262 0.036172744838801216 0.072691247566598255 0.036102383203061819 0.033652159161173797 0.027450984539197604 -0.04818961275527385 -0.0007176728752111911 0.0064649877972015428 -0.050201649829825758 0.0096914617024516786 0.011632650877698951 0.0010291131152200227 -0.026616166167113715 -0.049015160003141933 -0.023269029136626512 -0.036828832595474863 0.045692607263336557 0.020150746849832209 0.043134254767162344 0.040364691261062173
leaf_weight=43.745846199803054 302.44937115162611 845.05247570574284 3523.2998274633428 289.75468185916543 107.80683041259181 585.18736478756182 350.94363556802273 36.009373794076964 228.70844070101157 334.60363386943936 518.5663250926882 70.647115752100945 58.48135351552628 647.67872210592031 868.80682165292092 416.62147514754906 1422.0016121922527 886.97074359445833 406.95596586458851 449.59114136837889 1675.2101348576834 4365.9932609865209 1415.7853171381867 467.24658808449749 599.52263652335387 123.25743783637881 358.24556921236217 331.24800283671357 234.39596842415631 86.979961076751351
leaf_count=1481 1466 6606 30011 1647 4327 2787 1249 58 13740 1733 3780 102 500 1999 5159 19904 17890 10080 19443 9760 8457 62521 49020 29781 7343 4179 2303 4058 578 169
internal_value=0.00369494 0.0240238 0.0018519 -0.000682145 0.000157128 0.0151235 0.00529115 -0.00187049 -0.00273995 -0.00775542 0.0112991 0.00322123 -0.00225593 -0.0044031 0.00999808 -0.0177166 -0.0111984 -0.00359292 -0.00089044 -0.00868092 -0.00390852 0.00524344 -0.0178653 -0.0395468 -0.000828987 0.0179627 0.0347627 0.0298954 0.00786656 -0.0152066
internal_weight=22051.8 1833.05 20218.7 15942.5 15652.7 1867.59 987.997 13785.1 13417.9 685.547 4276.26 1282.4 13310.1 11325.6 1984.49 2364.35 1947.73 1115.68 8961.21 3947.54 3540.59 5013.67 1865.38 525.728 1211.75 525.249 401.991 367.257 3757.7 686.503
internal_count=322131 11054 311077 276708 275061 18364 4448 256697 252581 2982 34369 15577 248254 219275 28979 68075 48171 23820 151200 86680 67237 64520 58780 30281 15475 7963 3784 4116 30589 7512
is_linear=0
shrinkage=0.05


Tree=98
num_leaves=31
num_cat=0
split_feature=6 10 4 3 16 17 11 4 16 17 0 3 9 15 3 9 9 1 1 9 16 3 14 17 17 17 17 15 17 16
split_gain=310.045 294.685 142.557 122.508 348.128 156.131 115.078 108.655 108.354 99.9477 99.1587 120.732 146.785 101.996 124.163 192.223 128.967 190.845 181.745 172.376 145.537 112.962 154.013 151.47 154.055 117.698 569.298 190.431 155.662 344.295
threshold=25.500000000000004 37.500000000000007 0.018333333333333403 1.1046641114621643 -0.031173458710879145 0.029024409397335454 1.0000000180025095e-35 -0.016000000000001395 -0.931957157303682 -0.2748692009537384 14.512991363907089 10.034204925509277 18.900000000000002 -0.6835516316989646 0.99792294109297863 54.100000000000009 2.1000000000000005 1.0020794344837609 1.025126379729939 48.100000000000009 -0.031173458710879145 0.95897669635135452 0.44032991850403935 -0.95998493203694346 0.65071284653328287 -0.9497838742125716 -0.6523320455745395 0.99913862891129035 -0.96466008222729427 -0.16799356919963601
decision_type=2 2 2 2 2 2 2 2 2 2 2 2 2 2 2 2 2 2 2 2 2 2 2 2 2 2 2 2 2 2
left_child=2 8 6 4 5 -4 7 9 -2 -1 11 13 -13 14 15 -9 17 20 -18 -20 -16 22 23 -15 -25 28 27 -27 29 -23
right_child=1 -3 3 -5 -6 -7 -8 10 -10 -11 -12 12 -14 21 16 -17 18 -19 19 -21 -22 25 -24 24 -26 26 -28 -29 -30 -31
leaf_value=-0.0082200139082102917 -0.095639728160785212 0.048518477319323225 -0.053863093937438544 0.049642561350089362 -0.043647949521808484 0.046595276393629891 0.051181041068608352 -0.053643510841052615 0.0090314003021110985 0.02687090186018138 0.044972492708224558 0.02818185401256041 -0.065128793214686717 -0.07072697158232788 0.029950434791149061 0.027675470922071663 -0.033956062518769779 -0.057182501238172791 -0.060681864259387333 0.026077824009991236 -0.050870770745536031 -0.074369358139336497 -0.030435535723720694 0.049445764547023235 -0.063906984645931739 -0.053280639978655821 0.0013031820688874829 0.0039610203595295676 0.028997835917143361 0.0085108746666680852
leaf_weight=285.09865021356381 25.377951834350824 713.85865607578307 43.263230027630925 268.36412525177002 207.06995338387787 364.89072221331298 113.19186769425869 318.47756420308724 960.5108152134344 703.97255110112019 120.35191690921783 58.939709100872278 147.91881594993174 32.092737777624279 550.20916179195046 94.155561208724976 580.75965592940338 87.480996493366547 69.945517028449103 315.43380701402202 61.975063680205494 136.03157174168155 112.60588094196282 432.3583113742061 32.207317193038762 671.76733221882023 11792.939731261111 185.39429628336802 771.17591281211935 1589.1009677262045
leaf_count=5009 199 9045 1364 2150 3831 2252 737 20212 4059 5153 445 136 711 468 6516 1028 20532 5719 771 778 15780 2429 1365 1399 428 27100 158637 661 4845 18372
internal_value=0.00354537 0.0240524 0.00181526 0.0214534 0.00915718 0.035947 0.000914494 0.000617384 0.00633704 0.016756 -0.000261529 -0.000563287 -0.038542 -0.00012277 -0.0105336 -0.035088 -0.00445131 0.011897 -0.0162905 0.0103311 0.0217684 0.0012506 0.0223597 0.0343298 0.0415873 0.000401481 -0.00155647 -0.0408999 0.0103234 0.00197553
internal_weight=21846.9 1699.75 20147.2 883.588 615.224 408.154 19263.6 19150.4 985.889 989.071 18161.3 18041 206.859 17834.1 2078.44 412.633 1665.8 699.665 966.139 385.379 612.184 15755.7 609.264 496.658 464.566 15146.4 12650.1 857.162 2496.31 1725.13
internal_count=322131 13303 308828 9597 7447 3616 299231 298494 4258 10162 288332 287887 847 287040 71336 21240 50096 28015 22081 1549 22296 215704 3660 2295 1827 212044 186398 27761 25646 20801
is_linear=0
shrinkage=0.05


Tree=99
num_leaves=31
num_cat=0
split_feature=0 4 4 3 4 4 5 5 17 3 6 16 16 15 16 9 10 16 6 5 4 9 16 16 5 14 15 5 5 1
split_gain=298.272 284.577 173.465 217.357 170.494 221.724 191.932 139.98 140.733 138.839 136.888 134.147 155.199 281.286 280.779 224.865 186.473 233.696 157.213 149.859 183.062 172.101 163.562 208.277 211.746 173.57 171.664 164.784 268.7 328.163
threshold=3.3470717486838102 -0.00066666666666624988 0.0059999999999999507 2.9090518415140587 -0.0076666666666660496 -0.0079999999999997486 -0.00044444444444434998 0.0016000000000005001 -0.99761278905001471 4.9319705321900109 14.500000000000002 0.99818282439137029 0.98213580174693116 0.72236396205975539 0.86548282553247169 143.70000000000002 38.500000000000007 0.95752911693909504 3.9000000000000004 -0.00099999999999994993 -1.0000000180025095e-35 2.7000000000000006 0.75580964594513067 0.62587949062545845 -2.2222222222224707e-05 -0.96298784033749851 -0.18436924984152966 4.4444444444427716e-05 0.00039999999999965004 1.0047670123427614
decision_type=2 2 2 2 2 2 2 2 2 2 2 2 2 2 2 2 2 2 2 2 2 2 2 2 2 2 2 2 2 2
left_child=2 9 3 4 5 6 -1 8 -6 -2 -11 12 14 -14 19 16 17 18 -16 20 21 -10 23 24 -21 26 -25 -26 -29 -30
right_child=1 -3 -4 -5 7 -7 -8 -9 11 10 -12 -13 13 -15 15 -17 -18 -19 -20 22 -22 -23 -24 25 27 -27 -28 28 29 -31
leaf_value=0.00016631895027061791 0.033978061159415394 0.045456615870351463 0.010684890430078284 -0.043632259281537279 -0.060743208391538919 0.071191978477780804 0.041568421975249757 0.021918966730811819 -0.041591477832187043 -0.030726565310906701 0.014147409056318762 -0.084145526508435875 -0.093258152048910747 0.039952912888108927 -0.049784827579849665 0.024701623318357152 0.052078314732336609 -0.0071493291730834524 -0.1138908204804527 -0.019158932051287172 0.031595651254143944 0.0090808681594412455 0.016574290383438238 0.37191249999233211 0.0063644102636701456 -0.059414972949010138 0.019708410151791481 -0.04753769066773942 -0.019391429563950725 0.0177455993414249
leaf_weight=1302.7517653203104 290.1804636567831 787.97097256779671 4196.9799189725891 290.12567506171763 104.48033511836547 157.20631796307862 356.53528825938702 591.67687913449481 210.40137661260087 325.85989989712834 355.1979268360883 50.0904615172185 43.9625797374174 401.96877501904964 269.3953583361581 145.591945636319 47.062517940998077 203.03400683507789 148.27860475005582 1873.1714050772134 720.65628560236655 823.01174471969716 911.34063324902672 4.1779221312608597 3987.6613685452612 262.50227249506861 20.122859384049661 397.39308994158637 1362.1548681340646 1056.0404480483849
leaf_count=16461 1466 6606 34369 1647 4311 193 1710 7430 10913 1176 1806 2006 5174 2322 25986 780 317 6999 1197 45699 3940 8491 17598 160 46391 10517 745 14806 35826 5089
internal_value=0.00339431 0.0231302 0.00165291 -0.000755289 4.98352e-05 0.0144394 0.0090625 -0.0018673 -0.00294637 0.00501663 -0.00732306 -0.00247964 -0.00216223 0.0268202 -0.00320099 -0.0316017 -0.0438773 -0.0511528 -0.0725431 -0.0012145 0.0122529 -0.00123595 -0.00360678 -0.0056587 -0.00427297 -0.0475802 0.0802612 -0.000174343 -0.00943505 -0.00317347
internal_weight=21697 1759.21 19937.8 15740.8 15450.7 1816.49 1659.29 13634.2 13042.5 971.238 681.058 12938 12887.9 445.931 12442 813.362 667.77 620.708 417.674 11628.6 1754.07 1033.41 9874.56 8963.22 8676.42 286.803 24.3008 6803.25 2815.59 2418.2
internal_count=322131 11054 311077 276708 275061 18364 18171 256697 249267 4448 2982 244956 242950 7496 235454 35279 34499 34182 27183 200175 23344 19404 176831 159233 147811 11422 905 102112 55721 40915
is_linear=0
shrinkage=0.05


Tree=100
num_leaves=31
num_cat=0
split_feature=6 10 4 11 16 17 9 0 9 17 16 16 9 15 17 9 9 0 0 16 15 8 7 9 15 3 9 3 8 15
split_gain=277.755 284.694 128.901 107.073 103.12 281.824 244.022 179.58 188.51 170.417 162.349 277.404 191.397 256.691 188.676 168.785 163.217 158.695 145.504 144.819 151.701 139.031 190.156 150.018 154.949 134.356 385.783 131.737 131.375 127.554
threshold=25.500000000000004 37.500000000000007 0.034500000000001405 1.0000000180025095e-35 -0.90529520250134576 0.38043945030393422 2.1000000000000005 0.99918550193068045 1.3000000000000003 0.18281312110578127 -0.56368474752277564 -0.52032787705993211 1.5000000000000002 0.86493045449441719 -0.58481178939031186 58.500000000000007 20.300000000000004 0.99810452203403333 0.99927416422298621 0.77244481603295057 -0.81915204428899169 15.300000000000002 4.700000000000002 2.5000000000000004 0.73874773214847844 1.0032948930984826 186.80000000000004 0.99501930013445616 80.300000000000026 -0.6835516316989646
decision_type=2 2 2 2 2 2 2 2 2 2 2 2 2 2 2 2 2 2 2 2 2 2 2 2 2 2 2 2 2 2
left_child=2 -2 3 4 5 6 9 8 -6 -1 -10 15 13 -13 19 16 -12 -11 -9 21 -21 22 23 24 -14 -7 28 -20 -27 -8
right_child=1 -3 -4 -5 7 25 29 18 10 17 11 12 14 -15 -16 -17 -18 -19 27 20 -22 -23 -24 -25 -26 26 -28 -29 -30 -31
leaf_value=-0.008657033492498474 0.0058343688712876145 0.048333355807941125 0.028230449316398162 0.05113207327845664 -0.03147989064074027 0.035535249993836643 -0.047716730122764658 0.068375920171215382 -0.035835329946238038 -0.036118273669160463 -0.055081933893328952 -0.057087782443696569 -0.051970595523598277 0.65328405381020149 -0.037130485004821488 -0.02854485758768803 0.075423364560761763 0.033341119048847762 0.050011801415655567 0.36112518401345778 0.055341740898117102 -0.065099646998948366 0.05305698513180987 -0.04978531181108653 0.31657686536836999 -0.10497928212893362 0.040768404357097374 0.00014203248564222991 0.040880993745468323 -0.0080057958923175493
leaf_weight=524.79641781747341 972.11451611388475 662.68587206676602 445.00552578270435 105.99094565212727 928.19110660848673 1014.3458579499274 233.91155701689422 79.886720166658051 290.7764451499097 90.818428203463554 26.635485038161278 2.5588629277190185 5.4619199334410933 2.5280500934459269 381.48910445300862 63.348386783152819 238.32293499074876 869.75296340044588 133.87020292854868 4.2819704927969715 76.868135262280703 70.968705788254738 142.08540159882978 110.82529160392005 5.9682982778176665 87.063008911907673 183.39779552817345 12278.512786873151 18.764838732779026 1492.2691014311276
leaf_count=3965 4258 9045 4808 737 65882 2880 3383 870 5436 841 714 285 450 74 16642 453 271 2985 532 185 923 1064 661 6974 84 462 417 177332 32 9486
internal_value=0.00324966 0.0230618 0.00162279 0.00101444 0.000740031 0.00735662 -0.000601935 -0.00127274 -0.0139522 0.0142558 -0.00251228 0.00605238 -0.00977839 0.295947 -0.0117274 0.0447743 0.0623041 0.026774 0.0011128 0.0115426 0.0714767 -0.0029624 0.0137198 -0.0319978 0.140467 0.0269638 -0.00309741 0.000679889 -0.0791161 -0.013387
internal_weight=21543.5 1634.8 19908.7 19463.7 19357.7 4515.12 3211.55 14842.6 2350.31 1485.37 1422.12 1131.34 803.036 5.08691 797.949 328.307 264.958 960.571 12492.3 416.46 81.1501 335.31 264.341 122.256 11.4302 1303.57 289.226 12412.4 105.828 1726.18
internal_count=322131 13303 308828 304020 303283 24451 20660 278832 100098 7791 34216 28780 27342 359 26983 1438 985 3826 178734 10341 1108 9233 8169 7508 534 3791 911 177864 494 12869
is_linear=0
shrinkage=0.05


Tree=101
num_leaves=31
num_cat=0
split_feature=0 4 4 3 17 4 4 5 2 3 6 5 5 4 15 10 14 3 9 17 10 0 17 17 16 16 16 14 6 16
split_gain=268.765 273.327 152.125 195.482 158.009 159.117 203.388 179.267 131.725 130.346 208.167 127.089 122.52 127.459 119.261 126.491 121.423 257.364 346.972 211.203 182.887 155.325 139.577 130.956 120.048 216.177 346.307 136.526 136.208 238.402
threshold=3.3470717486838102 -0.00066666666666624988 0.0059999999999999507 2.9090518415140587 -0.99761278905001471 -0.0076666666666660496 -0.0079999999999997486 -0.00044444444444434998 1.3759039592112794 5.8901285535117065 14.100000000000001 0.0020000000000001505 -0.0016000000000001497 -0.003999999999999399 0.6930857131206335 39.500000000000007 -0.5 1.0176059920771816 43.500000000000007 -0.62587551141915865 37.500000000000007 0.9292494518217389 -0.61236746317008228 -0.95242240592625282 0.99818282439137029 0.98213580174693116 0.86548282553247169 -0.11969653353600833 2.7000000000000006 0.94978112945126536
decision_type=2 2 2 2 2 2 2 2 2 2 2 2 2 2 2 2 2 2 2 2 2 2 2 2 2 2 2 2 2 2
left_child=2 9 3 4 -1 6 7 -6 -4 -2 -11 12 13 -7 16 24 19 -18 -19 23 -20 -21 -23 -14 25 26 -16 -27 -28 -30
right_child=1 -3 8 -5 5 11 -8 -9 -10 10 -12 -13 14 -15 15 -17 17 18 20 21 -22 22 -24 -25 -26 27 28 -29 29 -31
leaf_value=-0.055318809735966305 0.025791586121856992 0.044990055858671947 0.0067628173166055464 -0.041418538209781183 0.00073158966802165605 -0.0037204927852625019 0.070082539837972732 0.041398101478326357 0.034720035251781085 -0.047621097544895213 0.014924983944918875 0.028161905414736045 -0.013552508243304343 0.04050007820842455 0.002042565035721255 0.038495594704156956 -0.025111375472477094 -0.062604605041966618 0.029215066081211518 0.055247615113780096 -0.065065566152342616 0.097040229146484705 -0.00021753065171246217 -0.071545995150573513 -0.082401127946496178 -0.12016783543956258 -0.017772459655435471 0.043381095495640565 -0.11503848272532752 -0.014196159416273828
leaf_weight=128.15165066625923 411.16048304177821 741.00644098687917 3670.6677563731791 290.74807001743466 1278.7756197985727 318.688860476017 150.65212728595361 343.8705271743238 475.96059160912409 230.30974025279284 314.95107554644346 353.25577963376418 284.77236959268339 333.45808704057708 5397.7545893344795 220.52216254547238 2096.5363262054743 146.78976757661439 656.00518876640126 142.21725264750421 55.813439324498177 37.508167530409992 2237.6809044438414 147.90018281945959 43.920813894830644 13.23169339657761 301.02379234461114 358.18255209631752 127.04437168966979 108.80243090633303
leaf_count=5221 1943 6606 30589 1647 15778 7805 192 1630 3780 938 1567 3986 6368 2664 54314 1002 100486 3411 2100 357 259 197 46977 9671 648 752 8588 1532 788 335
internal_value=0.00310452 0.0221956 0.00146122 -0.000804856 -3.21872e-05 0.000435338 0.0145092 0.00934962 0.00997182 0.00453515 -0.0114935 -0.00142977 -0.00223216 0.0188905 -0.00334524 0.00126841 -0.00856707 -0.0156686 0.00738868 -0.00120377 0.0218226 0.00455455 0.00138584 -0.0333764 -2.44149e-05 0.000549329 -0.00176662 0.0375546 -0.0400646 -0.0685172
internal_weight=21417.4 1697.43 19719.9 15573.3 15282.6 15154.4 1773.3 1622.65 4146.63 956.421 545.261 13381.1 13027.9 652.147 12375.7 6570.48 5805.22 2955.14 858.608 2850.08 711.819 2417.41 2275.19 432.673 6349.96 6306.04 5934.63 371.414 536.871 235.847
internal_count=322131 11054 311077 276708 275061 269840 17600 17408 34369 4448 2505 252240 248254 10469 237785 67959 169826 106256 5770 63570 2359 47531 47174 16039 66957 66309 64025 2284 9711 1123
is_linear=0
shrinkage=0.05


Tree=102
num_leaves=31
num_cat=0
split_feature=0 4 4 3 17 4 2 5 17 17 17 4 5 9 5 5 16 16 16 5 15 2 9 3 3 0 3 15 7 0
split_gain=250.056 263.007 138.191 175.551 146.14 148.402 130.173 130.14 129.765 462.904 237.758 144.418 297.972 240.458 189.566 183.537 180.145 153.436 148.314 197.392 138.799 125.166 124.532 186.726 299.265 121.831 121.733 127.032 179.892 143.328
threshold=3.3470717486838102 -0.00066666666666624988 0.0059999999999999507 2.9090518415140587 -0.99761278905001471 -0.0080000000000025988 0.99767684977699489 0.0020000000000001505 -0.9497838742125716 -0.6523320455745395 -0.57077231802681661 -0.00018424242424234998 4.4444444444427716e-05 32.70000000000001 0.00053809523809525016 -0.0013238095238094997 -0.30163705152652737 -0.54939360607974019 -0.97287096065939782 -1.0000000180025095e-35 0.99980486111815037 1.3759039592112794 71.500000000000014 1.0004076363902235 1.0000285844957697 0.96529483348394718 4.9319705321900109 0.97185599510546916 41.70000000000001 8.6159913898803868
decision_type=2 2 2 2 2 2 2 2 2 2 2 2 2 2 2 2 2 2 2 2 2 2 2 2 2 2 2 2 2 2
left_child=2 26 3 4 -1 6 -6 8 25 20 22 13 15 -12 -14 -13 17 -15 19 -17 -10 -4 23 24 -11 -7 -2 28 29 -28
right_child=1 -3 21 -5 5 7 -8 -9 9 10 11 12 14 16 -16 18 -18 -19 -20 -21 -22 -23 -24 -25 -26 -27 27 -29 -30 -31
leaf_value=-0.053827619222792646 0.032533676413369107 0.044610371562921934 0.0064425774603905544 -0.039163229301326215 -0.038611923390437702 -0.069991342803889231 0.021278619072709472 0.028248637930694862 -0.058183380056017475 0.027717881626681064 -0.02867529609635578 0.045519357491764029 -0.032791732257446617 0.0021613088391841287 -0.0037408162827349718 -0.044640415821855815 -0.021863946309987638 0.048090349534780231 0.0012353063264310231 0.036490932083459438 0.0063261302033394019 0.03409039948615248 0.048535608103168003 -0.048059859573121512 0.52799556757133181 0.01193185509972822 -0.14916457564323576 0.049231432982893099 -0.0040798988408324325 -0.01873819226192959
leaf_weight=125.1931844468927 272.93355129659176 710.71640051808208 3660.7297002408886 292.08206756319851 98.25914069544524 46.484504783293232 1183.8639858698007 367.77270285808481 487.33058922865894 157.04684358392842 1313.5026277626166 297.73487785411999 858.89844105951488 760.22842346550897 1621.9608691653702 85.615539292804897 581.05324771127198 239.01145396474749 3903.2262400622712 602.99321265472099 100.5955272866413 460.89922755165026 344.78350166045129 107.06098074349575 3.0473288353532544 1913.7500301708933 41.537778872996569 87.272646483033895 502.09947844780982 42.735271509736776
leaf_count=5221 1466 6606 30589 1647 2044 1094 11474 4026 33215 4395 53638 1611 29289 4386 29673 897 7250 485 56335 1545 352 3780 1069 1966 27 25069 319 305 2133 225
internal_value=0.00297348 0.0216233 0.00139759 -0.000767242 -2.93994e-05 0.000417401 0.0166887 -0.00109519 -0.0018991 -0.00393186 -0.00159588 -0.00340093 0.000315318 -0.0128661 -0.0137985 0.00747637 0.000274073 0.0131472 0.00500966 0.0264038 -0.0471457 0.00953428 0.0286809 0.00305682 0.0372405 0.00998915 0.00436396 -0.00704927 -0.0154258 -0.0830247
internal_weight=21270.4 1657.3 19613.1 15491.5 15199.4 15074.2 1282.12 13792.1 13424.3 11464.1 10876.2 10264.2 7370.43 2893.8 2480.86 4889.57 1580.29 999.24 4591.83 688.609 587.926 4121.63 611.939 267.155 160.094 1960.23 946.579 673.645 586.373 84.2731
internal_count=322131 11054 311077 276708 275061 269840 13518 256322 252296 226133 192566 185109 119350 65759 58962 60388 12121 4871 58777 2442 33567 34369 7457 6388 4422 26163 4448 2982 2677 544
is_linear=0
shrinkage=0.05


Tree=103
num_leaves=31
num_cat=0
split_feature=6 0 16 4 4 3 16 17 15 7 16 16 15 16 17 14 8 14 9 3 0 6 17 17 14 17 17 16 5 4
split_gain=238.984 243.334 127.706 135.896 117.771 127.245 329.329 150.336 107.235 105.482 139.505 162.084 148.409 194.483 153.391 131.143 125.883 186.052 337.909 209.103 171.299 174.015 150.039 154.772 125.127 119.305 154.951 125.49 116.802 115.83
threshold=27.300000000000004 1.0079336849408944 0.86548282553247169 0.0020000000000006506 0.018333333333333403 1.1046641114621643 -0.031173458710879145 0.029024409397335454 -0.70710678118654757 56.100000000000009 0.29342972903661901 0.96234642434711437 0.8671121091367906 0.96465729447553372 -0.19125923877554171 -0.21643961393810282 46.300000000000011 0.19509032201612816 97.700000000000003 1.0320546842979079 0.95848294868488915 1.0000000180025095e-35 0.93158198870884079 0.92191100909954782 -0.98658463173998434 0.8852232634113919 0.60383265664488517 0.73865729060996177 -0.0052000000000004994 0.011000000000000051
decision_type=2 2 2 2 2 2 2 2 2 2 2 2 2 2 2 2 2 2 2 2 2 2 2 2 2 2 2 2 2 2
left_child=4 2 3 -2 9 6 7 -6 -3 10 28 16 13 24 -14 -11 17 20 -19 -20 -12 -22 23 25 -13 26 -23 -28 -1 -24
right_child=1 8 -4 -5 5 -7 -8 -9 -10 15 11 12 14 -15 -16 -17 -18 18 19 -21 21 22 29 -25 -26 -27 27 -29 -30 -31
leaf_value=0.025387494062431345 -0.034035586185364945 -0.13389210431696791 -0.069760740646306149 0.026407061823574364 -0.053813986630516286 0.049470750490007098 -0.043807642927551266 0.046076735110076365 0.03902299485073378 -0.013767083142695558 0.058669885391191438 0.30174881699044703 -0.038938542231360035 -0.050907787505081341 0.029125379491251092 0.022714063588395297 0.008410930645336382 -0.053946679517061169 -0.069323431068863406 0.055718737545428734 -0.042997585285023066 -0.013130804414248435 -0.1706856504247912 0.0596667209167904 0.031022244139725492 -0.074207343278239482 0.0032278539309790518 0.061167643170281318 0.0013193017529774499 0.026111690378344099
leaf_weight=525.84027225663885 147.46405263058841 9.0532030761241895 68.615901134908199 251.76331381499767 42.458969246596098 252.20889902114868 206.31969482265413 333.68732946366072 933.41561291832477 323.27862045355141 89.499493002193049 6.2101921609137234 94.625562850385904 148.70986229053233 661.04356768191792 1035.2117692641914 624.47946227923967 633.0935155954212 44.718345480505377 132.49219780042768 375.89792049129028 1358.5608480991796 23.824919633567333 90.823903948068619 13.647555747302247 64.096858399920166 303.96592641808093 134.940927981399 12184.655389128486 10.896606381982563
leaf_count=5596 978 44 403 527 1364 2345 3836 2252 10077 1286 456 66 1053 14428 3329 4068 2809 47664 1797 239 54339 5887 222 91 960 246 1244 303 154183 39
internal_value=0.00284557 0.0227291 -0.00674882 0.00408114 0.00142322 0.0198028 0.00695656 0.0348012 0.037362 0.000610689 -0.000429924 -0.00768116 0.0111393 -0.0312824 0.0206024 0.0140327 -0.0121559 -0.0160922 -0.036864 0.0241649 -0.0092293 -0.011801 -0.0058996 -0.00406738 0.115688 -0.00717691 -0.00478663 0.0210413 0.00231502 -0.108925
internal_weight=21125.5 1410.31 467.843 399.227 19715.2 834.675 582.466 376.146 942.469 18880.5 17522 4811.53 924.237 168.568 755.669 1358.49 3887.29 3262.81 810.304 177.211 2452.51 2363.01 1987.11 1952.39 19.8577 1861.56 1797.47 438.907 12710.5 34.7215
internal_count=322131 12029 1908 1505 310102 9797 7452 3616 10121 300305 294951 135172 19836 15454 4382 5354 115336 112527 49700 2036 62827 62371 8032 7771 1026 7680 7434 1547 159779 261
is_linear=0
shrinkage=0.05


Tree=104
num_leaves=31
num_cat=0
split_feature=0 4 17 4 3 10 6 2 17 16 17 17 16 10 7 16 14 2 10 5 16 17 9 16 3 9 15 0 3 3
split_gain=223.432 249.407 129.262 124.473 163.855 133.659 226.592 242.177 123.493 119.905 237.032 343.131 314.446 813.812 240.331 218.395 158.292 141.278 133.295 126.313 165.064 178.786 302.383 253.942 221.1 220.279 198.266 190.015 179.797 171.569
threshold=3.3470717486838102 -0.00066666666666624988 -0.99864786094873803 0.016333333333334452 2.9090518415140587 37.500000000000007 8.3000000000000025 2.578600953895072 0.99981043035926087 0.29342972903661901 -0.6523320455745395 -0.54219087765047058 0.71503381463111937 36.500000000000007 1.0000000180025095e-35 0.36648264796514474 0.23556562809103918 2.3008088402825249 35.500000000000007 -0.0052000000000004994 0.16799745313369888 0.36447543099728857 48.300000000000011 -0.9124670466711694 0.99959264036746187 176.30000000000004 -0.20576496797711566 0.99882097045889251 0.79860139860139878 1.000135823430168
decision_type=2 2 2 2 2 2 2 2 2 2 2 2 2 2 2 2 2 2 2 2 2 2 2 2 2 2 2 2 2 2
left_child=2 -2 -1 4 5 9 7 -7 -3 19 12 -12 -11 -14 -13 18 -17 -18 -16 -4 21 22 24 -23 28 -24 -27 -25 -21 -26
right_child=1 8 3 -5 -6 6 -8 -9 -10 10 11 14 13 -15 15 16 17 -19 -20 20 -22 23 25 27 29 26 -28 -29 -30 -31
leaf_value=-0.041892127135754319 0.0039879679223132477 0.04699246677930375 0.027966130405381776 0.019162120498480702 -0.03505822291274114 -0.098166659708347481 0.033339492507035794 0.050669385205019658 -0.1136370339115701 -0.020107832107917896 0.028120591324913288 -0.042481554789190398 -0.091133025140416268 -0.91765104962692023 -0.092973958352402603 0.0027541605478878014 -0.032276717827098601 -0.26818051627463857 -0.39178772061405787 0.034369475836769407 0.019039107382882916 0.02566252635268379 -0.065103087043964655 -0.01603091421822566 0.022934455246619259 -0.12017089302675815 0.042514599739588314 0.0056212657605225636 -0.031774649737745235 -0.0045722471714385385
leaf_weight=172.14004714577459 931.4486324954778 654.05663819890469 485.57607362186536 961.64946536906064 314.74218314699829 72.902607094496489 647.84794590482488 43.722589403390884 12.188520692288874 705.17615467950236 787.67523293045815 453.43371320783626 86.287204326945357 3.0847079232335082 26.952711577527229 2309.0947784655727 258.01771951280534 6.5067164078354827 4.3319458924233905 116.91238769516349 1265.6917870242614 1212.392531780526 361.36885620839894 1335.4716950005386 835.79510325845331 23.012712303549051 100.58490291796625 4199.7677041920833 847.53196193429176 1762.026989274309
leaf_count=4710 4448 6550 5042 10792 1802 432 4869 66 56 22869 8455 84659 2612 60 341 10830 3780 44 39 273 19736 3241 4934 23968 4431 151 172 48875 26743 17151
internal_value=0.00272301 0.0206956 0.00124285 0.00162902 0.000705955 0.00133302 0.0217898 -0.0423683 0.0440539 0.000423089 -0.00644383 -0.00130761 -0.0313057 -0.119661 -0.00888685 -0.00303905 -0.00144284 -0.0380794 -0.13435 0.00296302 0.00195636 -4.6583e-05 -0.00835511 0.00493688 -0.00331242 -0.0453956 0.0122241 0.000397305 -0.0237565 0.00427746
internal_weight=20997.4 1597.69 19399.7 19227.6 18265.9 17951.2 764.473 116.625 666.245 17186.7 4640.56 3846.01 794.548 89.3719 3058.34 2604.9 2573.62 264.524 31.2847 12546.1 12060.6 10794.9 4047.23 6747.63 3562.27 484.966 123.598 5535.24 964.444 2597.82
internal_count=322131 11054 311077 306367 295575 293773 5367 498 6606 288406 133689 108148 25541 2672 99693 15034 14654 3824 380 154717 149675 129939 53855 76084 48598 5257 323 72843 27016 21582
is_linear=0
shrinkage=0.05


Tree=105
num_leaves=31
num_cat=0
split_feature=6 10 16 16 17 9 0 9 16 16 9 7 17 0 3 9 9 14 15 17 0 9 8 8 15 9 3 16 16 17
split_gain=212.43 262.584 97.8775 113.49 218.82 237.181 162.989 158.865 155.01 255.345 154.948 151.071 136.105 137.491 130.535 358.952 129.264 159.715 234.956 154.004 127.418 125.059 121.619 119.357 117.434 183.285 529.028 345.988 259.616 269.01
threshold=25.500000000000004 37.500000000000007 -0.99960181031205086 -0.90529520250134576 0.38043945030393422 2.1000000000000005 0.99918550193068045 1.3000000000000003 -0.56368474752277564 -0.52032787705993211 58.500000000000007 1.5000000000000002 0.18281312110578127 0.99341410899320171 1.0032948930984826 186.80000000000004 1.5000000000000002 0.31937206085412689 0.86493045449441719 -0.58481178939031186 0.99927416422298621 20.300000000000004 0.3000000000000001 80.300000000000026 0.98285265264473232 41.100000000000009 1.001899464088519 -0.67166439702596292 -0.031173458710879145 0.97648852793709995
decision_type=2 2 2 2 2 2 2 2 2 2 2 2 2 2 2 2 2 2 2 2 2 2 2 2 2 2 2 2 2 2
left_child=2 -2 -1 4 5 12 7 -5 -9 10 11 21 -4 -14 -6 23 17 -11 -19 -18 -8 -10 -7 -16 25 26 28 -27 29 -22
right_child=1 -3 3 6 14 22 20 8 9 16 -12 -13 13 -15 15 -17 19 18 -20 -21 24 -23 -24 -25 -26 27 -28 -29 -30 -31
leaf_value=-0.069825766803706724 0.0045697847112528417 0.047877755204514233 -0.0051321100709590464 -0.028690324153485811 0.034214499451799364 -0.028520593085227631 0.061134438077462133 -0.035132116251891624 -0.05499843747015154 -0.053433852967954047 -0.026787103194801921 -0.062624986209426206 -0.045944233430814697 0.031749960799261089 -0.10274358688292501 0.039351848787810687 0.01037492712150642 -0.038079962432078465 0.76162573996117333 -0.033940855309907494 0.0015495317842900221 0.082725261729703237 -0.00084017492618443 0.03962090573850624 0.0080679522433932845 -0.083252042621990083 -0.031975858496364841 0.0077188446551047247 -0.025218631808351349 0.042031352494514881
leaf_weight=48.374423028202727 935.66574405599385 559.17272979998961 504.4777212603949 941.92856289457995 1004.2297345222905 648.28743893560022 89.10158228490036 283.70138319244143 17.816341814119369 3.2237903537461525 62.851304162293673 22.682940423488617 60.745583582669497 909.56462464947253 85.677627231925726 173.80334229022264 407.75114049133845 1.583117568981834 2.1877096679527313 377.5859323577024 1515.914030252723 220.24984449893236 1023.032956414856 17.777334749698639 4093.6887497513089 107.34615066554397 1624.1034144229488 3969.0118347133975 584.14132014114875 562.71902090404183
leaf_count=1394 4258 9045 3600 66972 3046 6178 975 5458 568 209 453 262 487 3804 464 417 10410 135 16 16755 23128 155 5886 32 17787 1443 42134 27822 64202 4636
internal_value=0.00260926 0.02077 0.00120728 0.00138518 0.00841311 0.00131897 -0.00070494 -0.0128148 -0.00213079 0.00625907 0.0436842 0.0606707 0.0159336 0.026886 0.0258295 -0.00454086 -0.00902593 0.204968 0.425883 -0.0109319 0.00155521 0.0724183 -0.0115771 -0.0782802 0.00112905 -0.00226744 -0.00948535 0.00532323 0.00423226 0.0125086
internal_weight=20858.4 1494.84 19363.6 19315.2 4427.6 3146.11 14887.6 2341.56 1399.63 1115.93 323.6 260.749 1474.79 970.31 1281.49 277.258 792.332 6.99462 3.77083 785.337 12546 238.066 1671.32 103.455 12456.9 8363.24 4286.88 4076.36 2662.77 2078.63
internal_count=322131 13303 308828 307434 23914 19955 283520 101393 34421 28963 1438 985 7891 4291 3959 913 27525 360 151 27165 182127 723 12064 496 181152 163365 134100 29265 91966 27764
is_linear=0
shrinkage=0.05


Tree=106
num_leaves=31
num_cat=0
split_feature=0 4 3 3 6 17 17 4 4 5 5 5 4 14 15 0 17 16 16 14 16 16 7 10 16 2 15 16 16 4
split_gain=202.338 191.234 178.925 149.579 169.779 117.991 112.577 112.033 131.673 178.718 119.225 131.623 164.493 121.62 117.706 141.414 116.782 116.508 210.671 157.289 148.134 205.372 210.733 202.545 114.083 111.568 113.705 117.542 832.706 386.031
threshold=3.6890240880253771 -0.00066666666666624988 4.1877280265339971 5.8901285535117065 14.100000000000001 -0.99864786094873803 0.99981043035926087 0.0059999999999999507 -0.006000000000000099 -0.0015999999999996998 0.0016000000000005001 -0.0013238095238094997 -0.0019999999999988495 0.6930857131206335 -0.69930991848440816 0.95848294868488915 -0.6523320455745395 0.98213580174693116 0.99818282439137029 -1.0000000180025095e-35 0.86548282553247169 0.94138322595482449 34.100000000000009 35.500000000000007 0.97696484778429815 1.3759039592112794 0.99913862891129035 0.57077594689671507 0.67167992559793654 0.017000000000000053
decision_type=2 2 2 2 2 2 2 2 2 2 2 2 2 2 2 2 2 2 2 2 2 2 2 2 2 2 2 2 2 2
left_child=2 3 5 -2 -5 -1 -3 8 9 -7 11 12 -10 14 -13 16 -16 20 19 -19 -17 22 23 -22 -23 26 27 -9 29 -29
right_child=1 6 -4 4 -6 7 -8 25 10 -11 -12 13 -14 -15 15 17 -18 18 -20 -21 21 24 -24 -25 -26 -27 -28 28 -30 -31
leaf_value=-0.039789144369102164 0.033020728685818804 0.046806579431427214 -0.061473358970144623 -0.04333355751498965 0.013878688216640673 0.00035177636448336551 -0.10772585127971086 0.010237969753927271 -0.0037361988713080271 0.030266755934693204 0.020533187305544816 -0.017367329027833375 0.041846985696161888 -0.015971415526597203 -0.060178404162991132 -0.00087475503945564975 0.036817899089298625 -0.078666532485368701 -0.079737217957513901 0.044500345156336239 -0.050415210038944981 0.0096417872357713753 0.015251744640586519 -0.15503582527115162 -0.12456865586371482 0.033477821449005747 0.041865552963784219 -0.30062625179514979 0.00052660287800154455 -0.0079495910797575016
leaf_weight=171.22331184032373 316.59996042028069 547.66632482036948 113.35003801062703 225.28583961725235 305.53348506055772 1349.4302220251411 12.044816628098486 2343.5451773904497 443.36250017944258 792.46354726946447 563.18239932705183 1114.8406939989654 357.50244950735942 1883.9037997252308 33.858161645010114 7092.8447623756947 371.73196419142187 27.940590953687206 44.112657677964307 358.58451725542545 172.98825423012022 297.28174279781524 80.574132718611509 63.150872712954879 16.724758686963469 428.77772099198774 213.11641453392804 34.873915867181495 915.25882961344905 16.643180611543357
leaf_count=4724 1585 5852 850 891 1567 19702 56 17606 10306 5861 6980 52422 2271 59096 964 92592 1303 2264 981 1468 9535 5532 565 354 558 4065 556 757 10586 282
internal_value=0.00249596 0.0208006 0.00116149 0.00582041 -0.0104028 0.0015315 0.0434811 0.00190354 -6.21687e-05 0.0114198 -0.00196528 -0.00299047 0.0166119 -0.00434868 -0.00208543 -9.50912e-05 0.0287208 -0.00152839 0.0237827 0.035597 -0.00293965 -0.0261607 -0.0545698 -0.078394 0.00249341 0.00939614 0.00646557 0.00418654 -0.0104826 -0.206074
internal_weight=20708.4 1407.13 19301.3 847.419 530.819 19187.9 559.711 19016.7 15064.5 2141.89 12922.6 12359.4 800.865 11558.5 9674.63 8559.79 405.59 8154.2 430.638 386.525 7723.56 630.72 316.713 236.139 314.007 3952.22 3523.44 3310.32 966.776 51.5171
internal_count=322131 9951 312180 4043 2458 311330 5908 306606 272754 25563 247191 240211 12577 227634 168538 116116 2267 113849 4713 3732 109136 16544 10454 9889 6090 33852 29787 29231 11625 1039
is_linear=0
shrinkage=0.05


Tree=107
num_leaves=31
num_cat=0
split_feature=6 10 15 9 0 14 8 0 2 16 2 9 2 2 8 16 15 9 15 6 14 4 17 2 16 9 0 0 3 2
split_gain=191.659 294.266 176.604 269.49 130.573 125.093 266.644 155.222 114.517 104.358 181.93 215.817 152.797 193.581 123.941 179.745 167.574 132.706 123.636 185.282 389.841 135.192 123.357 247.375 193.315 148.363 161.282 129.403 174.375 147.676
threshold=18.100000000000005 37.500000000000007 0.98442422532924956 20.300000000000004 1.0155020554105181 0.23556562809103918 28.700000000000006 6.2067416890357228 1.0365939499376224 -0.89015004145349408 1.0004036979047501 250.80000000000004 1.0005437368338856 1.0008126282459131 22.500000000000004 -0.954673248495711 -0.14132478920498387 14.900000000000002 0.99280730429812436 11.300000000000002 0.11103504430993562 0.0099999999999995526 0.38043945030393422 0.99959269567390885 -0.96434279144912105 0.50000000000000011 0.99766477902175665 0.9292494518217389 0.99811542981296819 0.99945678006132399
decision_type=2 2 2 2 2 2 2 2 2 2 2 2 2 2 2 2 2 2 2 2 2 2 2 2 2 2 2 2 2 2
left_child=9 2 3 -2 -4 -5 7 8 -7 10 22 12 -12 -14 17 -16 -17 -15 -11 20 21 -20 23 27 -25 26 -24 -1 -29 -30
right_child=1 -3 4 5 -6 6 -8 -9 -10 18 11 -13 13 14 15 16 -18 -19 19 -21 -22 -23 25 24 -26 -27 -28 28 29 -31
leaf_value=0.030194502639808309 -0.11854841005702693 0.039163798649106844 -0.039684637857770655 0.005413672953728881 0.048704742656874939 -0.079643300056932292 -0.0096412463756472208 0.031062925722532827 -0.30370082864360831 -0.0043290795716471727 -0.069869319169035188 0.057714733546344793 0.048917297480447514 -0.0079768809234442625 -0.074868900063972496 -0.087549417777720281 0.047694473945379054 -0.046366392259130071 0.00077956256674860511 0.046829902472894237 -0.23318489960971497 0.034454082291003184 -0.039247173215203449 0.041474763577593131 -0.0021476418981354558 0.041703972098133167 0.02507984038645707 -0.046666590973958727 0.012976251191707004 -0.061832884466155827
leaf_weight=154.54506456665695 50.614886929281056 855.46203150460497 49.090880680829287 1070.5841102451086 280.65058910287917 8.6354399016127008 132.37902449723333 7.5130671579390755 16.792583382688463 10212.901629368425 105.63516152603552 120.30152595043182 137.07678622566164 607.08751725940965 46.129020320251584 25.692190747708082 211.05396047607064 357.78568589198403 2538.7354051719885 267.12941766530275 17.32132038846612 337.69432184286416 142.22237265761942 611.41924053570256 434.42592591326684 688.2789492867887 309.45780699048191 345.1378408013843 386.7576300711371 79.535209731198847
leaf_count=486 286 11210 191 4983 1154 88 757 49 169 260210 911 272 509 3817 441 137 347 3255 12594 798 105 1678 1432 1812 2092 1579 1398 5659 2938 774
internal_value=0.00238886 0.0154503 0.00289912 -0.00546834 0.0355456 -0.000837286 -0.0413174 -0.168613 -0.22761 0.000608772 0.0069645 -0.00670541 -0.011905 -0.00748349 -0.0136796 0.0154243 0.0330175 -0.0222121 -0.00165457 0.00698686 0.00330885 0.00473297 0.0139507 0.00650468 0.0233548 0.0270916 0.00482493 -0.0117386 -0.0197252 0.000216115
internal_weight=20608 2471.72 1616.26 1286.52 329.741 1235.9 165.32 32.9411 25.428 18136.3 4762.54 1610.76 1490.46 1384.83 1247.75 282.875 236.746 964.873 13373.8 3160.88 2893.75 2876.43 3151.78 2011.82 1045.85 1139.96 451.68 965.976 811.431 466.293
internal_count=322131 18887 7677 6332 1345 6046 1063 306 257 303244 27859 9689 9417 8506 7997 925 484 7072 275385 15175 14377 14272 18170 13761 3904 4409 2830 9857 9371 3712
is_linear=0
shrinkage=0.05


Tree=108
num_leaves=31
num_cat=0
split_feature=4 0 16 17 0 3 3 17 17 17 15 17 9 2 2 9 4 16 2 16 6 1 3 3 3 7 0 15 1 1
split_gain=182.512 147.453 264.702 137.322 120.391 210.503 150.449 109.629 121.075 589.365 177.903 161.688 150.585 213.412 151.843 141.253 131.331 173.215 134.426 187.027 212.66 173.98 236.986 236.546 260.03 226.809 292.878 245.464 235.5 240.372
threshold=0.018333333333333403 1.0167504239824423 -0.031173458710879145 0.029024409397335454 3.6890240880253771 4.1877280265339971 4.9319705321900109 -0.99864786094873803 -0.9497838742125716 -0.6523320455745395 0.99913862891129035 -0.57077231802681661 71.500000000000014 1.0002719423494792 1.0002017145805262 1.0000000180025095e-35 -0.016000000000001395 -0.022576249993022598 1.0229442657994474 0.031174179426909154 1.0000000180025095e-35 1.0004075810086059 0.99995939416088042 0.99986406579152864 0.99972897886714607 1.5000000000000002 1.0020836434454703 -0.043619387365335945 1.0005440326444746 1.0008141665007966
decision_type=2 2 2 2 2 2 2 2 2 2 2 2 2 2 2 2 2 2 2 2 2 2 2 2 2 2 2 2 2 2
left_child=4 2 3 -2 5 7 -6 -1 15 10 -10 12 13 14 -11 -9 17 -13 19 21 -21 22 23 24 -18 26 28 -27 -23 -30
right_child=1 -3 -4 -5 6 -7 -8 8 9 11 -12 16 -14 -15 -16 -17 18 -19 -20 20 -22 25 -24 -25 -26 27 -28 -29 29 -31
leaf_value=-0.042377824953141768 -0.049856235851569064 0.048786830085969721 -0.035120700742259002 0.046346078006560772 0.042869212408261054 -0.071716489059714256 0.0047502775931248286 -0.051197761846172321 -0.049992655718637535 0.024637899703759056 0.0046920672281848506 0.042796740047626368 0.0460802352122959 -0.045665415812005734 0.24144787856276531 0.013019191770549552 -0.0015478183957812839 -0.027193296632616878 0.0086282889896666434 -0.04186567179898984 -0.0061486711530306694 -0.057361828998449584 0.019217360751205524 -0.053536755304858477 0.084458522831662775 -0.043522950101952985 -0.049009057234462937 0.019616683447689444 0.060254972524808374 -0.0074085653614664355
leaf_weight=146.86096095456742 42.125555734150112 363.16075980383903 219.06955503113568 310.60218491405249 374.3493836550042 101.05405313521624 838.96540626138449 88.595338432001881 750.40381449682172 198.76397136552259 185.49117561429739 370.14462665468454 387.22474049357697 144.84108197886962 8.4176154169253987 2560.7473868591478 3223.4085277887061 116.13626686227508 3159.7398538485868 599.02771097852383 1369.5974440732971 179.62577412673272 1954.586304161232 213.20404427382164 90.345869202166796 188.38783049257472 618.84332785801962 841.57352042756975 162.84476010967046 676.60638307663612
leaf_count=4288 1365 4703 3883 2254 3309 729 4092 10453 39229 4967 684 2617 1190 2440 29 22604 40669 2912 13066 104157 7559 2752 14066 3998 143 2000 10524 3107 487 7855
internal_value=0.00229 0.0238712 0.00804672 0.0348568 0.00125789 0.000248584 0.0165113 0.000647388 0.00099671 -0.000697829 -0.0391543 0.00178376 0.0245638 0.000895721 0.0334467 0.0108717 0.000560277 0.0260813 -0.000374397 -0.00318582 -0.0170169 0.000155297 0.00525198 -0.00248742 0.00079705 -0.0103166 -0.0218772 0.00806796 -0.0054011 0.00571745
internal_weight=20484.7 934.958 571.797 352.728 19549.8 18336.5 1213.31 18235.4 18088.6 15439.2 935.895 14503.3 739.247 352.023 207.182 2649.34 13764.1 486.281 13277.8 10118.1 1968.63 8149.43 5481.54 3526.96 3313.75 2667.88 1637.92 1029.96 1019.08 839.451
internal_count=322131 12205 7502 3619 309926 302525 7401 301796 297508 264451 39913 224538 8626 7436 4996 33057 215912 5529 210383 197317 111716 85601 58876 44810 40812 26725 21618 5107 11094 8342
is_linear=0
shrinkage=0.05


Tree=109
num_leaves=31
num_cat=0
split_feature=6 0 11 4 15 9 4 7 16 17 6 16 16 7 14 16 16 14 1 4 17 6 9 16 15 16 3 16 16 9
split_gain=174.974 214.252 94.1225 92.2026 88.4359 94.8366 91.1247 83.9862 142.595 169.943 97.1909 82.5357 215.359 170.403 156.73 172.009 261.87 168.351 196.668 152.419 148.89 315.436 264.286 135.587 216.136 186.801 132.754 130.8 246.421 123.588
threshold=27.300000000000004 1.0260424837883069 1.0000000180025095e-35 0.034500000000001405 0.99980486111815037 2.7000000000000006 -0.016000000000001395 45.900000000000006 -0.082689790342551792 0.14888728888808322 9.7000000000000011 0.29342972903661901 0.75580964594513067 1.7000000000000004 0.67397850752516419 0.62587949062545845 0.67167992559793654 -0.88186879444286459 0.99603371246086825 -0.0097142857142836977 -0.57077231802681661 1.9000000000000001 143.70000000000002 0.2603727204637144 0.66098293165790334 0.22700754078277599 1.2229808846345249 0.61237135649459018 0.58481550752069722 85.100000000000009
decision_type=2 2 2 2 2 2 2 2 2 2 2 2 2 2 2 2 2 2 2 2 2 2 2 2 2 2 2 2 2 2
left_child=2 -2 3 4 6 -6 7 8 9 -1 -10 23 13 -13 15 27 19 18 -18 -17 29 22 -22 25 -25 -8 -19 28 -15 -14
right_child=1 -3 -4 -5 5 -7 11 -9 10 -11 -12 12 20 14 -16 16 17 26 -20 -21 21 -23 -24 24 -26 -27 -28 -29 -30 -31
leaf_value=-0.057952471162571101 -0.00079917133717472347 0.040142581973461856 0.051022701095784329 0.025124704887007118 0.022845659708586916 -0.032534654288726948 0.00065170767799262012 0.048550876058502446 -0.037957662098697352 0.041192190384324645 0.014682186553836261 -0.057805757355677015 4.728153580420482e-06 0.001061576957544558 -0.079770587326234599 0.051581378461505623 0.3561815904377148 -0.069761208507955863 0.033824400187009981 -0.14617305228561495 -0.049802182687475348 0.0070703690871170488 0.020673564242548636 -0.064892813682454531 0.045727830949293689 -0.054984286711445868 0.0011564132797943661 0.066539692302852102 -0.15521076743830711 0.043976826651140451
leaf_weight=49.410860816948116 626.03391352295876 652.70449441717938 93.545504543930292 380.03814107179642 695.85813693422824 86.965843623969704 11637.505648502382 154.48512141779065 199.91781530284788 345.07689848635346 156.19832409918308 269.26568489742931 313.44941825058777 820.66476045316085 85.940593117382377 11.344425917603074 5.3635609820485106 124.87977410946041 40.150236838962883 69.058755886508152 541.50687151052989 1690.7083142152987 176.34655034448951 51.178804991068318 321.81504206638783 152.85349291143939 139.93689870089293 71.815552193671465 26.026346919359639 325.97609372856095
leaf_count=1508 2245 9784 814 4898 1839 549 146243 439 5206 2515 553 49370 5253 3657 853 50 35 1072 323 650 63784 6646 1015 3558 1599 5624 531 156 312 1050
internal_value=0.00219472 0.0200987 0.000992107 0.000745053 0.00024595 0.0166933 -0.000478165 0.0149779 0.00806805 0.028774 -0.014869 -0.00130711 -0.00692487 -0.0213893 -0.014361 -0.0100674 -0.037854 -0.0170189 0.0718125 -0.118271 0.000973854 -0.00472007 -0.0324892 0.000869372 0.0305495 -6.95728e-05 -0.0322863 0.00175308 -0.00374206 0.0224215
internal_weight=20316 1278.74 19037.3 18943.7 18563.7 782.824 17780.9 905.089 750.604 394.488 356.116 16875.8 4712.43 1664.45 1395.18 1309.24 390.734 310.33 45.5138 80.4032 3047.99 2408.56 717.853 12163.4 372.994 11790.4 264.817 918.507 846.691 639.426
internal_count=322131 12029 310102 309288 304390 2388 302002 10221 9782 4023 5759 291781 134757 57009 7639 6786 2661 1961 358 700 77748 71445 64799 157024 5157 151867 1603 4125 3969 6303
is_linear=0
shrinkage=0.05


Tree=110
num_leaves=31
num_cat=0
split_feature=4 0 16 17 10 7 4 4 6 3 6 8 16 6 17 15 3 9 2 9 9 16 7 1 9 0 15 8 17 17
split_gain=167.254 140.375 241.49 130.762 105.894 163.841 124.023 112.017 166.289 115.245 217.076 166.227 92.5006 90.8459 78.3083 76.7181 142.685 147.132 113.734 74.2454 144.684 212.169 206.647 180.991 157.176 152.994 149.539 133.137 196.001 106.856
threshold=0.018333333333333403 1.0167504239824423 -0.031173458710879145 0.029024409397335454 39.500000000000007 54.100000000000009 -0.00099999999999984975 -0.0097142857142836977 7.3000000000000016 3.1711694377728539 16.700000000000006 76.500000000000014 -0.99960181031205086 28.300000000000004 -0.34032315283029252 -0.74455857214455057 0.99809911741234281 80.100000000000009 0.9994795732148265 176.30000000000004 100.90000000000002 -0.59176244063315286 2.7000000000000006 0.99603371246086825 99.500000000000014 1.0057018453857673 0.15212338618991636 160.00000000000003 -0.14037445128692291 -0.6391983530350368
decision_type=2 2 2 2 2 2 2 2 2 2 2 2 2 2 2 2 2 2 2 2 2 2 2 2 2 2 2 2 2 2
left_child=4 2 3 -2 12 -6 7 -7 -9 -10 11 14 -1 -4 -11 16 17 -14 -18 20 24 23 -23 -22 -17 26 -24 -27 -29 -21
right_child=1 -3 13 -5 5 6 -8 8 9 10 -12 -13 15 -15 -16 19 18 -19 -20 29 21 22 25 -25 -26 27 -28 28 -30 -31
leaf_value=-0.070028542695753745 -0.049507749211107094 0.048596084958221208 -0.047181565388430546 0.045995970855840403 -0.10477002986234092 0.032219759086288477 0.046964186832610055 -0.17917076748473065 0.03070789636878396 -0.06703113048425835 0.034693470055021873 0.051806894462028241 -0.052842998811198041 0.045453788428744216 -0.16527308715638894 0.0016253490662780199 0.02687000683478449 0.030929426051166328 -0.0087845140603494722 -0.068239756218452602 0.04939900993701607 -0.04144979180102544 0.032705397887293812 -0.073432873240291338 0.058802482007547119 0.040674969531113297 -0.067018764761622926 0.05697383484302504 -0.18067527878882683 0.020657101564345137
leaf_weight=46.642097434960306 40.849908299744129 339.39940525777638 183.02587358094752 292.3001624699682 26.539275370538235 260.87891277298331 308.37787172943354 14.184544160962103 134.80514350533485 47.769824750721455 73.977846212685108 20.006214037537575 289.83443993143737 30.940284177660942 35.253191865980625 14516.011018861784 271.78214169119019 63.984621739364229 1263.3820787181612 35.411000388907269 34.698861047625542 252.97314048826229 61.982787389308214 220.98383272159845 121.19743640464731 336.02947535552084 95.528688622638583 17.30278742313385 17.40191587805748 744.87348488648422
leaf_count=1423 1365 4703 3848 2254 122 942 3309 72 407 157 392 76 20256 35 177 224748 8289 448 37900 478 49 4283 376 1561 226 658 719 33 94 2731
internal_value=0.00209893 0.0233348 0.00766409 0.0342856 0.00112409 0.0176616 0.021291 0.00780084 -0.0117404 -0.00412389 -0.0306511 -0.0775703 0.000295158 -0.0337862 -0.108747 0.000473972 -0.00906949 -0.0376936 -0.00247232 0.00156957 0.000820198 -0.0172287 -0.00428949 -0.0567633 0.00209878 0.0135063 -0.027776 0.0310457 -0.0621901 0.0166228
internal_weight=20198.3 886.516 547.116 333.15 19311.8 921.793 895.254 586.876 325.997 311.812 177.007 103.029 18390 213.966 83.023 18343.4 1888.98 353.819 1535.16 16454.4 15674.1 1036.9 781.219 255.683 14637.2 528.246 157.511 370.734 34.7047 780.284
internal_count=322131 12205 7502 3619 309926 5654 5532 2223 1281 1209 802 410 304272 3883 334 302849 66893 20704 46189 235956 232747 7773 6163 1610 224974 1880 1095 785 127 3209
is_linear=0
shrinkage=0.05


Tree=111
num_leaves=31
num_cat=0
split_feature=4 0 16 17 0 3 3 14 17 17 17 15 17 9 2 9 10 16 1 2 5 16 1 16 6 1 3 3 1 7
split_gain=158.59 133.961 226.851 123.558 100.719 182.976 141.624 110.942 99.6356 105.662 522.022 157.548 135.312 134.996 192.752 129.303 121.957 145.744 213.617 121.783 117.629 175.725 127.548 173.71 195.453 160 219.975 221.549 246.03 212.028
threshold=0.018333333333333403 1.0167504239824423 -0.031173458710879145 0.029024409397335454 3.6890240880253771 4.1877280265339971 4.9319705321900109 0.23768589232617296 -0.99864786094873803 -0.9497838742125716 -0.6523320455745395 0.99913862891129035 -0.57077231802681661 71.500000000000014 1.0002719423494792 1.0000000180025095e-35 37.500000000000007 0.71503381463111937 1.1413272793982758 1.0002017145805262 -0.0052000000000004994 -0.005375728450543499 1.0232053680338831 0.031174179426909154 1.0000000180025095e-35 1.0004075810086059 0.99995939416088042 0.99986406579152864 0.99959319275696112 1.5000000000000002
decision_type=2 2 2 2 2 2 2 2 2 2 2 2 2 2 2 2 2 2 2 2 2 2 2 2 2 2 2 2 2 2
left_child=4 2 3 -2 5 8 -6 -8 -1 15 11 16 13 14 19 -10 17 -11 -19 -12 21 -14 23 25 -25 26 27 28 -22 -27
right_child=1 -3 -4 -5 6 -7 7 -9 9 10 12 -13 20 -15 -16 -17 -18 18 -20 -21 22 -23 -24 24 -26 29 -28 -29 -30 -31
leaf_value=-0.040698519518742468 -0.049028160573899193 0.048440793036672709 -0.033059982923307973 0.045729146297585593 0.042058489051392103 -0.067214378969188568 0.039092815451071516 -0.0056606439581263629 -0.051141441710631445 -0.04610700152540019 0.023182679654154336 0.004186776259246067 0.040498654377700581 0.043901656554400204 -0.043670680510131676 0.012166483089022776 0.012646398821091512 -0.087876324411845286 -0.34194945476775046 0.20918342567547654 -0.0050094575809224284 -0.044345055046802792 0.0085631085975668274 -0.041065809839572726 -0.0063867635183836998 -0.021280802878278507 0.018484213484653161 -0.05278764544618867 0.033426975471858342 0.0079406541278077333
leaf_weight=145.35643951885868 39.228253338485956 323.85590196121484 207.89357324317098 279.62637718580663 347.49270527716726 100.23070099577308 176.45070218294859 643.49198266863823 83.308985530282371 590.56004583730828 199.89002775598783 184.36808686563745 360.19086003955454 368.33135964628309 144.85092351899948 2532.0544257463189 75.704204684589058 63.342798915458843 9.5157058872282487 9.2056060712784511 2802.0590243069455 73.478648568619974 3078.1295137339039 568.85270456469152 1421.8635680682492 1603.7684978810139 1958.7737456604373 205.68715015356429 488.98890938865952 1012.7867315625772
leaf_count=4288 1365 4703 3883 2254 3309 729 727 3365 10453 35765 4967 684 2714 1190 2440 22604 836 2551 77 29 37234 2819 13050 104232 7563 21615 14076 3999 3528 5082
internal_value=0.00200713 0.0231349 0.00757635 0.0340713 0.00107349 0.000154467 0.0153074 0.00397025 0.000529997 0.000865999 -0.000729283 -0.0371632 0.00162413 0.0227118 0.000660858 0.0101499 -0.0474776 -0.0543385 -0.12106 0.0313715 0.000502091 0.0261232 -0.000343444 -0.00306789 -0.0162964 0.000194496 0.00506961 -0.00244489 0.000701486 -0.00997009
internal_weight=20099.3 850.604 526.748 318.855 19248.7 18081.3 1167.44 819.943 17981.1 17835.7 15220.3 923.491 14296.9 722.278 353.947 2615.36 739.123 663.419 72.8585 209.096 13574.6 433.67 13140.9 10062.8 1990.72 8072.06 5455.51 3496.74 3291.05 2616.56
internal_count=322131 12205 7502 3619 309926 302525 7401 4092 301796 297508 264451 39913 224538 8626 7436 33057 39229 38393 2628 4996 215912 5533 210379 197329 111795 85534 58837 44761 40762 26697
is_linear=0
shrinkage=0.05


Tree=112
num_leaves=31
num_cat=0
split_feature=4 2 16 7 17 0 11 9 16 16 1 0 5 4 1 15 4 3 17 16 6 14 10 6 0 9 4 3 17 9
split_gain=150.015 152.353 96.842 151.406 124.384 139.496 95.1945 89.0918 101.921 85.8329 80.0688 78.4502 76.5479 164.483 154.726 95.9256 94.7954 251.612 169.465 131.642 118.583 83.3736 108.574 103.539 149.526 253.147 116.229 106.433 106.125 94.5383
threshold=0.010000000000000153 1.5005010020040084 -0.89015004145349408 1.3000000000000003 0.47369649395226454 0.99671879651267103 1.0000000180025095e-35 21.700000000000006 -0.022576249993022598 -0.99960181031205086 1.0020244281082811 14.512991363907089 -0.0010000000000001997 -0.0012820512820510999 1.0324464199009855 0.99980486111815037 -0.0076666666666660496 4.9319705321900109 -0.99864786094873803 -0.031173458710879145 8.9000000000000021 0.66098293165790334 39.500000000000007 4.700000000000002 1.0079336849408944 43.500000000000007 0.0027272727272728502 1.0011795570603794 0.16587474750015926 43.900000000000006
decision_type=2 2 2 2 2 2 2 2 2 2 2 2 2 2 2 2 2 2 2 2 2 2 2 2 2 2 2 2 2 2
left_child=6 2 -2 4 -4 -6 9 8 10 -1 -7 12 13 14 -11 16 17 -14 -18 -19 -21 22 -20 24 27 -26 -25 28 -23 -27
right_child=1 -3 3 -5 5 7 -8 -9 -10 11 -12 -13 15 -15 -16 -17 18 19 21 20 -22 23 -24 26 25 29 -28 -29 -30 -31
leaf_value=-0.069654090870831978 0.03463976345907567 0.044002205973135991 -0.047725690079426959 0.016268756509389786 -0.12633724323601345 0.042282572485311976 0.050868103425933148 -0.1569032833949362 -0.048849379236941694 -0.0031729164625630964 -0.10844341333552476 0.038155391320522342 0.032472278145715704 0.032089107578463831 0.03815783757783206 0.016250522573636555 -0.077405704396347197 -0.11419727118453477 -0.0019243721201868951 -0.058038395648303202 0.0051814341392574263 -0.054003026859391595 0.028412442036721774 -0.066276758225862417 -0.04892050159206443 0.08800593916425864 0.024170052167404209 -0.050942570321992203 -0.006661821311930805 0.01889747093197024
leaf_weight=43.791015178197995 283.35285749658942 372.29828600212932 217.05324943270534 747.99857627414167 19.191294943215325 181.69382202997804 93.409392911940813 7.4203022944275281 44.76583386794664 1938.5440446248977 9.2600925993174297 136.7717327773571 632.16267814463936 556.51861409959383 256.39085149415769 743.51678231963888 76.783516811206937 31.822531687095761 10535.099434676871 95.255859788507223 335.16350606642663 133.42204258090351 303.43058878369629 156.3180446526967 142.75402823416516 54.854552336037159 45.964038708712906 205.98417338269064 1050.0310245406581 505.67193306144327
leaf_count=1410 1855 5846 8047 3567 193 1042 993 63 664 39001 50 800 3226 5067 685 2189 3225 201 175857 525 1401 18462 2150 1025 3977 86 230 11144 26901 2249
internal_value=0.00192246 0.0153528 0.0082926 0.00221011 -0.019726 0.00344091 0.000523198 0.0136844 0.0190544 0.000261651 0.0349733 0.000432347 0.000142485 0.00781066 0.00165494 -0.00125958 -0.0021697 0.0119717 -0.00334124 -0.016065 -0.00880971 -0.00290823 -0.00107508 -0.0115656 -0.00826381 0.0105219 -0.0457248 -0.0177724 -0.0119991 0.0256606
internal_weight=19956.7 1883.03 1510.74 1227.38 479.385 262.331 18073.7 243.14 235.72 17980.3 190.954 17936.5 17799.7 2751.45 2194.93 15048.2 14304.7 1094.4 13210.3 462.242 430.419 13133.5 10838.5 2295 2092.72 703.281 202.282 1389.44 1183.45 560.526
internal_count=322131 21327 15481 13626 10059 2012 300804 1819 1756 299811 1092 298401 297601 44753 39686 252848 250659 5353 245306 2127 1926 242081 178007 64074 62819 6312 1255 56507 45363 2335
is_linear=0
shrinkage=0.05


Tree=113
num_leaves=31
num_cat=0
split_feature=4 5 16 10 7 4 4 6 3 6 8 2 16 17 1 15 9 5 4 4 3 4 15 2 9 0 17 16 4 5
split_gain=145.205 127.123 203.984 91.0187 147.856 116.048 102.482 129.448 103.514 186.724 133.95 83.4047 83.0416 80.489 73.6021 70.3311 84.6272 84.0073 173.301 109.24 150.035 140.673 126.87 104.61 140.635 116.152 105.456 188.466 100.598 140.134
threshold=0.018333333333333403 0.0040000000000000513 -0.031173458710879145 39.500000000000007 54.100000000000009 -0.00099999999999984975 -0.0097142857142836977 7.3000000000000016 3.1711694377728539 16.700000000000006 76.500000000000014 1.056084298016938 -0.99960181031205086 0.029024409397335454 1.0192336148610197 0.99980486111815037 2.7000000000000006 -0.0010000000000000497 -0.0012820512820510999 -0.0039999999999977493 4.9319705321900109 -0.0026249999999999494 0.97185599510546916 1.1662610822017332 34.100000000000009 1.1488460855671934 -0.99273797715557011 -0.082689790342551792 -0.0005714285714285499 0.00017777777777775003
decision_type=2 2 2 2 2 2 2 2 2 2 2 2 2 2 2 2 2 2 2 2 2 2 2 2 2 2 2 2 2 2
left_child=3 -2 13 12 -5 6 -6 -8 -9 10 -10 -7 -1 -3 -4 17 -17 18 -14 20 -19 -21 -22 26 -25 -26 27 -23 29 -28
right_child=1 2 14 4 5 11 7 8 9 -11 -12 -13 15 -15 -16 16 -18 19 -20 21 22 23 -24 24 25 -27 28 -29 -30 -31
leaf_value=-0.069447002034124364 0.042330544693690852 -0.041315725496881679 -0.055517740804834306 -0.10053962069515195 0.031272992024088918 -0.1685083751380515 -0.15283799083295146 0.029586884139954896 -0.097912007102015933 0.033648857000285783 0.051626018279934162 0.049952542368261445 0.00092583200053091811 0.043298166092320116 0.051319371587317766 0.021205645305624535 -0.030484760924458135 0.018539292903019013 0.030519744507242919 -0.063255286277074732 -0.031681884927097836 -0.19569941763522189 0.049647788478537409 -8.3877626287367572e-05 -0.13747578449835274 0.039486787363816812 -0.024016993668821027 -0.024913340167674325 -0.0020321900289889949 0.019661162003748733
leaf_weight=42.690004666335881 406.34071488305926 32.640380255877972 134.32722022291273 26.09278342872858 249.81468066573143 4.4388626515865317 15.415284246206282 129.28377099707723 86.084868378937244 70.082919459789991 18.129217430949211 277.64316260442138 2198.2867316427873 202.2989369397983 18.319296650588512 678.65028843283653 89.641746558248997 1257.0440026539727 638.34240232978482 97.268907108809799 294.05408666655421 17.443000903935172 57.294072102755308 969.65659584570676 9.5000857412815076 387.35522963525727 1099.999977956526 218.52444907475729 9891.9933565417887 220.43401734356303
leaf_count=1423 5686 1210 3235 122 942 23 72 407 334 392 76 3286 39727 1918 156 1808 554 14591 5957 3232 1678 563 243 3866 55 3460 41612 8423 173878 3202
internal_value=0.00183945 0.0227903 0.00230453 0.000966078 0.0166987 0.0202939 0.00729051 -0.0114908 -0.00431348 -0.0294589 -0.0718982 0.0465148 0.000206656 0.0315427 -0.0426961 0.000370707 0.0151746 -0.000284566 0.00758551 -0.00182201 0.0104658 -0.00335262 -0.0184195 -0.00289794 0.0101778 0.0352506 -0.00445869 -0.0375381 -0.00376253 -0.0167253
internal_weight=19839.1 793.927 387.586 19045.2 876.986 850.893 568.811 318.996 303.581 174.297 104.214 282.082 18168.2 234.939 152.647 18125.5 768.292 17357.2 2836.63 14520.6 1608.39 12912.2 351.348 12814.9 1366.51 396.855 11448.4 235.967 11212.4 1320.43
internal_count=322131 12205 6519 309926 5654 5532 2223 1281 1209 802 410 3309 304272 3128 3391 302849 2362 300487 45684 254803 16512 238291 1921 235059 7381 3515 227678 8986 218692 44814
is_linear=0
shrinkage=0.05


Tree=114
num_leaves=31
num_cat=0
split_feature=4 0 16 17 11 15 16 6 16 16 9 17 14 7 17 9 17 17 7 16 14 0 1 16 9 17 8 16 17 2
split_gain=136.792 120.346 192.094 108.253 85.524 81.6611 182.049 142.052 141.825 147.565 238.927 174.266 133.958 133.805 162.212 161.231 187.918 121.129 162.423 129.988 173.021 156.338 121.088 178.392 127.882 180.888 123.663 126.754 117.323 116.547
threshold=0.018333333333333403 1.0167504239824423 -0.031173458710879145 0.029024409397335454 1.0000000180025095e-35 0.70864607840491656 0.96465729447553372 26.700000000000006 0.96234642434711437 -0.082689790342551792 97.700000000000003 -0.95242240592625282 0.065403129230143062 1.3000000000000003 0.7254836971458194 11.300000000000002 0.66367808336324663 0.36447543099728857 28.300000000000004 -0.9124670466711694 -0.52803643325367233 0.99882097045889251 1.1413272793982758 -0.94387377644575277 0.50000000000000011 0.18281312110578127 3.1000000000000005 -0.96434279144912105 -0.55656394595157355 0.99392572266229551
decision_type=2 2 2 2 2 2 2 2 2 2 2 2 2 2 2 2 2 2 2 2 2 2 2 2 2 2 2 2 2 2
left_child=4 2 3 -2 5 6 8 -7 9 11 13 -1 -12 -11 15 16 -15 18 22 20 -19 29 23 24 25 -13 27 -26 -14 -21
right_child=1 -3 -4 -5 -6 7 -8 -9 -10 10 12 17 28 14 -16 -17 -18 19 -20 21 -22 -23 -24 -25 26 -27 -28 -29 -30 -31
leaf_value=-0.068445181775191474 -0.048207657342609213 0.048058134760940119 -0.031279295604461237 0.044982385470710144 0.050787894584191577 0.0022376069857302124 -0.07059316782653105 0.026605770776926274 0.089422711602072588 -0.038927304369639038 -0.010670303457299236 -0.015934639538462459 0.061413796740535299 0.045274286444769302 -0.076197522910984167 -0.011000881136864551 0.39925327846752651 0.044847040787408157 -0.090434988430304938 0.0046082496744185575 0.00058775439169303598 0.0083757316542656113 0.032267752838478304 -0.038412905798546136 -0.010591362860670979 0.036864396654321854 0.01205092127107109 -0.061860154786886307 -0.0062951307638760669 -0.033023127403377789
leaf_weight=88.734550827648491 35.632989270612597 287.33556055370718 193.73525200877339 248.42072591744363 85.604027803987265 9384.2659089788795 97.922838269500062 638.76566934399307 42.181058971444145 777.63668039289769 283.56027881673072 276.5658030223567 184.7799117367249 88.327427865355276 80.473511917516589 564.46073638717644 3.91554379928857 467.65657998993993 57.677046661730856 368.7592235240154 418.3501078877598 2700.4310233241413 193.75908104330301 410.14552908018231 337.850928343134 392.34356742538512 284.33499887725338 187.446525065694 97.862027956289239 465.44800539687276
leaf_count=4231 1365 4703 3883 2254 1005 83332 13011 7889 959 107496 3003 2621 952 1606 1354 5039 23 1041 599 4369 1709 30520 393 16789 4057 1634 1705 2160 1976 10453
internal_value=0.00175971 0.0224874 0.00710956 0.0332922 0.000924099 0.000698175 -0.00279598 0.00379058 -0.00203921 -0.00248111 -0.0141009 0.0011554 0.0136105 -0.0244588 -0.00919615 -0.000985696 0.0603 0.00209675 -0.00766754 0.00682384 0.0239489 0.0025312 -0.00537515 -0.0092369 -0.00114352 0.0150342 -0.0145094 -0.0288861 0.0379702 -0.0163883
internal_weight=19744.4 765.125 477.789 284.054 18979.3 18893.7 8870.62 10023 8772.7 8730.52 2081.02 6649.5 566.202 1514.81 737.177 656.704 92.243 6560.77 2140.12 4420.64 886.007 3534.64 2082.45 1888.69 1478.54 668.909 809.632 525.297 282.642 834.207
internal_count=322131 12205 7502 3619 309926 308921 217700 91221 204689 203730 121449 82281 5931 115518 8022 6668 1629 78050 29958 48092 2750 45342 29359 28966 12177 4255 7922 6217 2928 14822
is_linear=0
shrinkage=0.05


Tree=115
num_leaves=31
num_cat=0
split_feature=4 5 16 10 15 7 6 16 7 17 1 15 3 9 1 1 9 9 16 2 16 17 3 1 1 17 9 3 14 1
split_gain=128.984 116.178 183.345 83.8686 135.077 128.289 181.474 78.9186 74.3301 71.3183 67.0404 66.6157 127.564 140.873 105.569 157.18 143.798 117.446 143.021 131.43 106.307 90.4557 73.3581 148.004 293.59 201.919 138.305 269.543 151.554 124.397
threshold=0.018333333333333403 0.0040000000000000513 -0.031173458710879145 39.500000000000007 0.72386916653602185 73.300000000000026 4.5000000000000009 -0.99960181031205086 55.300000000000011 0.029024409397335454 1.0192336148610197 -0.74455857214455057 0.99809911741234281 80.100000000000009 1.0016621650416269 1.025126379729939 48.100000000000009 2.5000000000000004 -0.031173458710879145 0.99856609286491471 0.78325454425165997 0.18281312110578127 0.99474358107997651 0.99918629724426944 0.99930439048141628 0.18281312110578127 1.3000000000000003 0.95897669635135452 0.44032991850403935 0.99914604639496862
decision_type=2 2 2 2 2 2 2 2 2 2 2 2 2 2 2 2 2 2 2 2 2 2 2 2 2 2 2 2 2 2
left_child=3 -2 9 7 5 6 8 -1 -5 -3 -4 12 13 -9 17 -16 -17 18 21 20 -19 -14 26 25 -25 -24 27 28 -13 -27
right_child=1 2 10 4 -6 -7 -8 11 -10 -11 -12 22 14 -15 15 16 -18 19 -20 -21 -22 -23 23 24 -26 29 -28 -29 -30 -31
leaf_value=-0.069418665722439779 0.04154831499477981 -0.03989289910281793 -0.054531572232911676 -0.06803277375266073 0.028832418604642286 0.049064327186911658 -0.078731853914457403 -0.052184202588866406 0.048378608398801461 0.042573253115338355 0.051218371119799599 0.040003515150550215 -0.027473411587103293 0.031214705938165745 -0.045361038488067607 -0.055133457445194337 0.022808439848868271 0.0021094843777410325 -0.05216362377030101 -0.030595164534991705 0.16292275938271539 0.037699229107082739 -0.052048944471012971 0.086341967900671168 0.0012655855163021517 -0.0014841911994637321 0.020736132177404554 -0.04589864660431562 -0.060265513324899635 -0.06227323759600463
leaf_weight=40.664742429973558 378.00001157727093 30.528936783783138 126.3850664999336 17.753413073718548 606.91985288634896 58.578421659767628 105.35483480244875 271.91298095782986 60.24291704595089 185.63872207235545 17.003357332199812 239.19738356210291 60.206796607351862 62.221142219845206 287.47825452627148 76.691625167615712 259.11625846219249 26.965073216240853 58.712851297284942 254.04729618423153 16.605255973641761 460.16240539867431 289.34687326400308 102.21824039379135 12761.937914950773 1187.3572896305704 1178.2106204360025 265.15439237520332 44.733012561919168 90.578990077949129
leaf_count=1423 5686 1210 3235 70 4533 457 430 20256 164 1918 156 1444 1831 448 13051 942 704 699 14121 9986 339 4516 22229 749 151312 27227 10968 18542 790 2695
internal_value=0.00168168 0.0221943 0.00184746 0.000880447 0.0162396 -0.0153516 -0.0359317 0.000157483 0.0218812 0.0309267 -0.0419915 0.000314729 -0.00871549 -0.036654 -0.00249196 -0.0182237 0.00500811 0.00869242 0.0218121 -0.0168349 0.0633977 0.0301587 0.00133972 0.000174199 0.0019416 -0.0143325 0.0110775 -0.0096476 0.0242062 -0.00579286
internal_weight=19619.9 737.556 359.556 18882.4 848.849 241.93 183.351 18033.5 77.9963 216.168 143.388 17992.9 1834.12 334.134 1499.99 623.286 335.808 876.7 579.082 297.618 43.5703 520.369 16158.7 14431.4 12864.2 1567.28 1727.3 549.085 283.93 1277.94
internal_count=322131 12205 6519 309926 5654 1121 664 304272 234 3128 3391 302849 66893 20704 46189 14697 1646 31492 20468 11024 1038 6347 235956 204212 152061 52151 31744 20776 2234 29922
is_linear=0
shrinkage=0.05


Tree=116
num_leaves=31
num_cat=0
split_feature=4 0 16 17 0 3 3 15 0 7 3 17 17 17 16 16 17 9 2 9 0 3 0 4 17 3 17 9 7 16
split_gain=121.396 111.916 169.944 98.5883 79.1938 158.757 123.714 100.542 105.155 225.735 101.47 81.9448 96.9557 476.986 139.792 191.877 117.748 124.356 173.86 113.494 111.949 132.243 146.457 152.561 162.982 273.185 206.743 183.885 182.637 178.924
threshold=0.018333333333333403 1.0167504239824423 -0.031173458710879145 0.029024409397335454 3.6890240880253771 4.1877280265339971 4.9319705321900109 0.97185599510546916 8.6159913898803868 42.100000000000009 10.034204925509277 -0.99864786094873803 -0.9497838742125716 -0.6523320455745395 0.71503381463111937 0.45273815774107123 -0.57077231802681661 71.500000000000014 1.0002719423494792 1.0000000180025095e-35 0.96529483348394718 0.99474358107997651 1.0023860655140377 -0.0039999999999998492 -0.96904977397942549 1.0837958029725354 -0.99628250747696534 55.300000000000011 4.700000000000002 -0.16799356919963601
decision_type=2 2 2 2 2 2 2 2 2 2 2 2 2 2 2 2 2 2 2 2 2 2 2 2 2 2 2 2 2 2
left_child=4 2 3 -2 5 11 -6 8 9 -8 -11 -1 19 14 15 -14 17 18 -15 -13 -21 -22 -23 -24 25 29 -27 -26 -29 -25
right_child=1 -3 -4 -5 6 -7 7 -9 -10 10 -12 12 13 16 -16 -17 -18 -19 -20 20 21 22 23 24 27 26 -28 28 -30 -31
leaf_value=-0.037598879372576242 -0.047324490193800625 0.047734536500698831 -0.029871943512045192 0.044399849167989107 0.04064828899869833 -0.063342892602594458 -0.13187737791500068 0.047611662506474667 0.014910950579168566 0.0031924982397580912 -0.087360270984018051 -0.051095147975923273 -0.052809442474425886 0.029574446419273787 -0.092111515921218023 -0.0038259501400039423 0.00035983166295648411 0.042375501514685422 -0.041916833946907046 -0.065161047019621554 0.047912419690431071 -0.023805644654854945 0.042495564064993635 -0.071985046660635973 0.046420459518971002 0.047226332470816139 -0.070229866007239891 -0.073402889705964772 0.02576514471114226 0.019183148962656115
leaf_weight=140.8675147552276 33.608619953505695 263.51631911844015 186.03535527922213 228.25592859275639 309.61126837972552 98.277447508648038 42.495887687429786 110.39947202429175 355.99528868310153 245.35836566984653 35.400308582931757 74.56258189084474 414.79160060622962 207.90559958480299 99.244582894199993 385.94235646352172 13301.730350112077 351.68137697619386 143.9054474348668 46.711172763025388 243.8393115188228 293.00676207267679 380.26003794232383 59.152079124934971 407.02803336107172 45.4189248457551 213.91681119427085 75.654384846333414 120.18534691073 596.73213688819669
leaf_count=4288 1365 4703 3883 2254 3309 729 330 530 1972 1040 220 10453 28240 4996 2854 8819 215912 1190 2440 803 2775 8670 1459 771 1660 136 1322 656 403 3949
internal_value=0.00160546 0.0218798 0.00666841 0.0326276 0.000838253 2.95493e-05 0.0138604 0.0033572 -0.00383554 -0.0244808 -0.00822512 0.000383367 0.000689779 -0.000853218 -0.0361376 -0.0292001 0.00141416 0.0213496 0.00033152 0.00968605 0.0115121 0.0129828 0.00909605 0.0141744 0.00708031 -0.00621626 -0.0496591 0.027266 -0.0125442 0.010961
internal_weight=19511.5 711.416 447.9 261.865 18800.1 17700.8 1099.26 789.649 679.25 323.255 280.759 17602.5 17461.7 14905.2 899.979 800.734 14005.2 703.492 351.811 2556.47 2481.91 2435.19 2191.35 1898.35 1518.09 915.22 259.336 602.868 195.84 655.884
internal_count=322131 12205 7502 3619 309926 302525 7401 4092 3562 1590 1260 301796 297508 264451 39913 37059 224538 8626 7436 33057 22604 21801 19026 10356 8897 6178 1458 2719 1059 4720
is_linear=0
shrinkage=0.05


Tree=117
num_leaves=31
num_cat=0
split_feature=6 10 3 16 16 16 17 9 0 17 16 14 2 0 9 9 3 0 16 3 9 9 17 0 3 3 14 7 16 16
split_gain=117.985 200.49 76.0581 77.3585 72.3716 83.7545 185.876 183.727 112.837 135.745 283.451 145.607 159.885 132.915 132.822 170.188 126.565 115.468 123.811 109.527 310.684 108.257 106.407 116.232 104.886 104.712 107.771 130.129 115.009 157.68
threshold=27.300000000000004 37.500000000000007 0.98723086586489173 -0.931957157303682 -0.99960181031205086 -0.90529520250134576 0.38043945030393422 2.1000000000000005 0.99918550193068045 0.82777578779003613 -0.52032787705993211 -0.25881904510252113 0.99609989317725434 0.99813027130694076 20.300000000000004 58.500000000000007 2.9090518415140587 0.99945655865519234 -0.074117382312902935 1.0032948930984826 186.80000000000004 167.30000000000004 0.18281312110578127 0.99810452203403333 0.99239640084101166 0.99501930013445616 -1.0000000180025095e-35 73.300000000000026 -0.53493989022977317 -0.31799228562170639
decision_type=2 2 2 2 2 2 2 2 2 2 2 2 2 2 2 2 2 2 2 2 2 2 2 2 2 2 2 2 2 2
left_child=4 2 -2 -4 -1 6 7 22 9 11 14 12 16 -12 -11 -16 -7 18 -10 -8 21 -21 -6 -24 -17 -19 28 -28 -27 -30
right_child=1 -3 3 -5 5 8 19 -9 17 10 13 -13 -14 -15 15 24 -18 25 -20 20 -22 -23 23 -25 -26 26 27 -29 29 -31
leaf_value=-0.068278114656416727 -0.094353338175835744 0.046637330272185376 -0.088935226288859928 0.0076627466248586204 -0.0053404944039072474 0.0096727303857911898 0.031534474783661469 -0.011298001855048602 0.059412857896711357 -0.054278894673417691 -0.046469729336666286 -0.03830863775003672 -0.03811983561866801 0.0062887738005110915 0.070944903920780067 0.062501241523685649 0.42308509562604035 0.045938771358128468 -0.041619663024523794 -0.05680307885107997 0.038468807778058167 -0.22544878751485009 -0.031374241811115637 0.030090476695170787 -0.071527163168333449 0.0037969634819643781 0.0017612827485837272 0.042709484036508795 -0.067490088451183455 -0.011527418966059973
leaf_weight=38.108477112371475 19.791111886501312 382.45747862290591 21.327165620401502 735.07077297475189 472.08183448016644 473.54301107942592 935.9815351581201 1590.5499980109744 152.86862628371455 33.210273424629122 236.73465319984825 650.59904847486177 249.75020485243294 240.81644689349923 231.97656861506402 23.168073058128357 1.8586068749427784 123.54333525395487 37.826627202797681 87.496235277503729 155.45558288693428 10.677039198577402 85.20662201102823 790.42752989009023 39.456129176542163 1302.8389822767349 8031.7796196344425 198.82239260710776 134.57905946415849 1944.8049136021873
leaf_count=1397 147 8513 173 3196 3600 16603 3047 12079 1305 973 12926 45518 16417 8275 271 18 2 521 2791 429 419 67 866 3425 436 11793 100149 1316 4954 60505
internal_value=0.00153482 0.0170072 0.00240736 0.0049391 0.00055381 0.00069765 0.00696207 0.000210961 -0.00113524 -0.0115918 0.00471121 -0.0211355 -0.00572795 -0.019865 0.0405135 0.0511995 0.011289 0.000776955 0.0393719 0.0236369 -0.00550801 -0.0751445 0.0137936 0.0241094 -0.0219428 0.000149856 -0.000337271 0.00275045 -0.0078512 -0.0151494
internal_weight=19432.8 1158.65 776.189 756.398 18274.2 18236.1 4127.88 2938.27 14108.2 2181.11 805.362 1375.75 725.152 477.551 327.811 294.601 475.402 11927.1 190.695 1189.61 253.629 98.1733 1347.72 875.634 62.6242 11736.4 11612.8 8230.6 3382.22 2079.38
internal_count=322131 12029 3516 3369 310102 308705 23932 19970 284773 101439 22899 78540 33022 21201 1698 725 16605 183334 4096 3962 915 496 7891 4291 454 179238 178717 101465 77252 65459
is_linear=0
shrinkage=0.05


end of trees

feature_importances:
level_d1_m_per_min=448
season_sin=413
rain_cum_24h_mm=402
season_cos=394
level_ratio_lag_5m=332
level_d2_m_per_min2=272
level_ratio_lag_60m=254
time_of_day_cos=228
rain_cum_1h_mm=177
rain_cum_6h_mm=140
level_ratio_lag_15m=119
time_of_day_sin=101
level_ratio_lag_30m=94
rain_cum_3h_mm=88
antecedent_soil_moisture_pct=68
tilt_x_lsb=10

parameters:
[boosting: gbdt]
[objective: binary]
[metric: average_precision]
[tree_learner: serial]
[device_type: cpu]
[data_sample_strategy: bagging]
[data: ]
[valid: ]
[num_iterations: 500]
[learning_rate: 0.05]
[num_leaves: 31]
[num_threads: 0]
[seed: 42]
[deterministic: 0]
[force_col_wise: 0]
[force_row_wise: 0]
[histogram_pool_size: -1]
[max_depth: -1]
[min_data_in_leaf: 50]
[min_sum_hessian_in_leaf: 0.001]
[bagging_fraction: 1]
[pos_bagging_fraction: 1]
[neg_bagging_fraction: 1]
[bagging_freq: 0]
[bagging_seed: 400]
[bagging_by_query: 0]
[feature_fraction: 1]
[feature_fraction_bynode: 1]
[feature_fraction_seed: 30056]
[extra_trees: 0]
[extra_seed: 12879]
[early_stopping_round: 0]
[early_stopping_min_delta: 0]
[first_metric_only: 0]
[max_delta_step: 0]
[lambda_l1: 0]
[lambda_l2: 0]
[linear_lambda: 0]
[min_gain_to_split: 0]
[drop_rate: 0.1]
[max_drop: 50]
[skip_drop: 0.5]
[xgboost_dart_mode: 0]
[uniform_drop: 0]
[drop_seed: 17869]
[top_rate: 0.2]
[other_rate: 0.1]
[min_data_per_group: 100]
[max_cat_threshold: 32]
[cat_l2: 10]
[cat_smooth: 10]
[max_cat_to_onehot: 4]
[top_k: 20]
[monotone_constraints: ]
[monotone_constraints_method: basic]
[monotone_penalty: 0]
[feature_contri: ]
[forcedsplits_filename: ]
[refit_decay_rate: 0.9]
[cegb_tradeoff: 1]
[cegb_penalty_split: 0]
[cegb_penalty_feature_lazy: ]
[cegb_penalty_feature_coupled: ]
[path_smooth: 0]
[interaction_constraints: ]
[verbosity: -1]
[saved_feature_importance_type: 0]
[use_quantized_grad: 0]
[num_grad_quant_bins: 4]
[quant_train_renew_leaf: 0]
[stochastic_rounding: 1]
[linear_tree: 0]
[max_bin: 255]
[max_bin_by_feature: ]
[min_data_in_bin: 3]
[bin_construct_sample_cnt: 200000]
[data_random_seed: 175]
[is_enable_sparse: 1]
[enable_bundle: 1]
[use_missing: 1]
[zero_as_missing: 0]
[feature_pre_filter: 1]
[pre_partition: 0]
[two_round: 0]
[header: 0]
[label_column: ]
[weight_column: ]
[group_column: ]
[ignore_column: ]
[categorical_feature: ]
[forcedbins_filename: ]
[precise_float_parser: 0]
[parser_config_file: ]
[objective_seed: 16083]
[num_class: 1]
[is_unbalance: 1]
[scale_pos_weight: 1]
[sigmoid: 1]
[boost_from_average: 1]
[reg_sqrt: 0]
[alpha: 0.9]
[fair_c: 1]
[poisson_max_delta_step: 0.7]
[tweedie_variance_power: 1.5]
[lambdarank_truncation_level: 30]
[lambdarank_norm: 1]
[label_gain: ]
[lambdarank_position_bias_regularization: 0]
[eval_at: ]
[multi_error_top_k: 1]
[auc_mu_weights: ]
[num_machines: 1]
[local_listen_port: 12400]
[time_out: 120]
[machine_list_filename: ]
[machines: ]
[gpu_platform_id: -1]
[gpu_device_id: -1]
[gpu_device_id_list: ]
[gpu_use_dp: 0]
[num_gpu: 1]

end of parameters

pandas_categorical:[]
