threshold,precision,recall
0.015088268682782421,0.04729874310381721,1.0
0.015419529325301965,0.04729962320323766,1.0
0.01544990712553159,0.04742360359688071,1.0
0.015788980204544806,0.04744883197849683,1.0
0.016112081960393793,0.047460791635548914,1.0
0.016137630674695938,0.04753623188405797,1.0
0.01622491075669721,0.04841443672031235,1.0
0.016445265486793818,0.04852765713740276,1.0
0.016679546042626007,0.048529046791775644,1.0
0.016775401671684044,0.04853275292590259,1.0
0.01679505490183582,0.04853321623247067,1.0
0.016952403022859674,0.04941343415591863,1.0
0.01697946729214355,0.049441786283891544,1.0
0.01697991650885375,0.0494557340051946,1.0
0.017035666387144457,0.0495825856284622,1.0
0.01705026934230568,0.04958306919588433,1.0
0.017052880759705336,0.04958645443196005,1.0
0.017056114038499336,0.049749491153906374,1.0
0.017121994384541595,0.06469181045452232,1.0
0.017122063352777498,0.06478661450435182,1.0
0.017131896424663565,0.0649521546382533,1.0
0.017147383366793792,0.06495464418040117,1.0
0.01717065774961598,0.06499034860086671,1.0
0.017186179118629734,0.06519954857904997,1.0
0.017193907172307166,0.06520540214700714,1.0
0.01725347188303509,0.0663629599655393,1.0
0.01727240636408412,0.06648271893920571,1.0
0.017288018090627435,0.06780474793278207,1.0
0.01728954183677026,0.06781921989221493,1.0
0.017330729970646618,0.06794883789310488,1.0
0.017355702565544494,0.06796518856195607,1.0
0.01745809982894046,0.06934555473715798,1.0
0.017470073143147566,0.06948582675012985,1.0
0.017473724220711622,0.06949627503246532,1.0
0.017497735605526133,0.07062974951723372,1.0
0.017510488242595948,0.0706326933229598,1.0
0.017520295423797867,0.0706336746460675,1.0
0.017554509977634344,0.07064643432827525,1.0
0.017608510443735945,0.070658216588837,1.0
0.017657739777659918,0.07066018068102849,1.0
0.0176691490773906,0.07066607361280997,1.0
0.017721151619035938,0.07066803814183648,1.0
0.017815527447828147,0.07086010564901668,1.0
0.017831465919504772,0.07086109330136872,1.0
0.017871525581219076,0.07234442671529519,0.9988198269079465
0.017900369768798184,0.07665599903387477,0.9988198269079465
0.01809042891273514,0.07721197561086868,0.9988198269079465
0.018211507045205026,0.07721902039202568,0.9988198269079465
0.01837219871283578,0.07722958997444945,0.9988198269079465
0.018414815784434053,0.07723076455110948,0.9988198269079465
0.018471203666207386,0.07723898758822098,0.9988198269079465
0.01861837417316779,0.08478170131062693,0.9988198269079465
0.018646997571087225,0.08478594803980498,0.9988198269079465
0.018702938672766935,0.08494053493468043,0.9988198269079465
0.018715910789931806,0.08495332418777395,0.9988198269079465
0.018749045655880706,0.09036230336678767,0.9988198269079465
0.01875354112347233,0.09036873576309795,0.9988198269079465
0.018857666098756713,0.0903735606613394,0.9988198269079465
0.0188635533106259,0.0903783860748229,0.9988198269079465
0.018864489436030866,0.0906154642302682,0.9988198269079465
0.01889396780397184,0.09076771829475377,0.9988198269079465
0.01894845981183487,0.09080180244617696,0.9988198269079465
0.019014182092097598,0.09087004760030064,0.9988198269079465
0.019088976260839347,0.09087167373525885,0.9988198269079465
0.019112099795778627,0.09090420866078301,0.9988198269079465
0.019117174034425047,0.09090909090909091,0.9988198269079465
0.019132388739617926,0.09091071844173515,0.9988198269079465
0.01914250305648275,0.09086838947688891,0.9980330448465775
0.019224014339839786,0.09095635027337098,0.9980330448465775
0.019241433977487808,0.09095798078302023,0.9980330448465775
0.01925879053918055,0.09157026583169407,0.9980330448465775
0.019356333195397753,0.0916049828488897,0.9980330448465775
0.01946024755198902,0.09160663669681705,0.9980330448465775
0.019466082360787354,0.09381355618829272,0.9980330448465775
0.019483367182636387,0.09385867554568997,0.9980330448465775
0.01949160500741049,0.09386041177232284,0.9980330448465775
0.019495858056780155,0.0941617488772594,0.9980330448465775
0.019514291222663422,0.09454423492584035,0.9980330448465775
0.019559747007970328,0.09454599660871671,0.9980330448465775
0.019568266022411338,0.0945865334426963,0.9980330448465775
0.019603330902042096,0.09458829670227244,0.9980330448465775
0.01967208010750606,0.09460416899727785,0.9980330448465775
0.019680082233980635,0.094605932914437,0.9980330448465775
0.0196922275204058,0.09460769689737471,0.9980330448465775
0.01972499485694854,0.09460946094609461,0.9980330448465775
0.019753866637891398,0.0946112250606004,0.9980330448465775
0.019759966599987657,0.09485707876091305,0.9980330448465775
0.019791825986612152,0.09486239904277595,0.9980330448465775
0.01981345125606375,0.09518092629762329,0.9980330448465775
0.019816639006100947,0.09519164024538956,0.9980330448465775
0.019818210989106185,0.09519342613785599,0.9980330448465775
0.01982333146451441,0.095195212097334,0.9980330448465775
0.019935578000562847,0.09527743873814665,0.9980330448465775
0.019953374621221355,0.0953580154106371,0.9980330448465775
0.020007658633880727,0.09670103485734978,0.9980330448465775
0.02005875630268759,0.09671209377680358,0.9980330448465775
0.02015660642497481,0.09672315522598601,0.9980330448465775
0.02019954111573407,0.09687273282675933,0.9980330448465775
0.0202755845302583,0.09687643195356652,0.9980330448465775
0.020283372076937433,0.09688198117350544,0.9980330448465775
0.020368025674727196,0.09688383105476209,0.9980330448465775
0.020424993180355518,0.09688938112241975,0.9980330448465775
0.0204422792303739,0.09689678220185238,0.9980330448465775
0.020457552858695337,0.09690418441206242,0.9980330448465775
0.02050025289734058,0.09699309922963699,0.9980330448465775
0.020500722819462632,0.09699495335678238,0.9980330448465775
0.020526250385750996,0.09699866182374307,0.9980330448465775
0.020532757142002037,0.09701164369156645,0.9980330448465775
0.020536090424242093,0.09701349852778096,0.9980330448465775
0.020578054865458106,0.09705246647921807,0.9980330448465775
0.020584983277568192,0.09705617934543508,0.9980330448465775
0.020585548162578394,0.09706546275395034,0.9980330448465775
0.020626346111607408,0.09770280938902047,0.9980330448465775
0.02062801467029554,0.09771974424158385,0.9980330448465775
0.020744350524925865,0.09772162625426112,0.9980330448465775
0.020847890758552416,0.09790263762131707,0.9980330448465775
0.020856566539014895,0.09790830503241742,0.9980330448465775
0.020859593217443545,0.09791019431526542,0.9980330448465775
0.02088818030868293,0.09802747242132107,0.9980330448465775
0.020889623689281094,0.09804452001855,0.9980330448465775
0.02089682446378614,0.09805209863183119,0.9980330448465775
0.02096462976933523,0.10127138095523222,0.9980330448465775
0.020984804418488514,0.10127340225939084,0.9980330448465775
0.02100493406827851,0.10131789137380191,0.9980330448465775
0.021066678849617295,0.1013482472785379,0.9980330448465775
0.021163316946990397,0.1013664695540994,0.9980330448465775
0.021172973101601728,0.10137051983857434,0.9980330448465775
0.021231727900778492,0.1038583563606591,0.9980330448465775
0.021274050437558072,0.10386686045321487,0.9980330448465775
0.021282480305304195,0.10387961920360324,0.9980330448465775
0.02139845639994146,0.10388174596675129,0.9980330448465775
0.02140573072585481,0.1039519780377374,0.9980330448465775
0.02144992691924449,0.10396262754579355,0.9980330448465775
0.021526325853633066,0.10396475770925111,0.9980330448465775
0.02164571611842658,0.10396901829805545,0.9980330448465775
0.0217242685118405,0.10397327923608123,0.9980330448465775
0.021734714378902696,0.10397967129800402,0.9980330448465775
0.021823147719102747,0.10399032648125756,0.9980330448465775
0.021852400621589548,0.10403936846421981,0.9980330448465775
0.021887436828897475,0.10404576865503312,0.9980330448465775
0.021888467600359368,0.1040479022269614,0.9980330448465775
0.02189229081780721,0.10405003588639393,0.9980330448465775
0.021959572302184736,0.10405430346779321,0.9980330448465775
0.02198221692834275,0.10407351191697091,0.9980330448465775
0.022000651566727966,0.10407564662687424,0.9980330448465775
0.022022411538638435,0.10408418634228395,0.9980330448465775
0.022057121698760625,0.10416110689138423,0.9980330448465775
0.02211665442077187,0.10506698693392418,0.9980330448465775
0.02211738253932228,0.10547760108096871,0.9980330448465775
0.02214144411736887,0.10548417945199784,0.9980330448465775
0.02226816093389321,0.10555439983357603,0.9980330448465775
0.02230374323988219,0.10556757656458056,0.9980330448465775
0.02230441553275754,0.10557196953934501,0.9980330448465775
0.02232150841812031,0.10558954509510135,0.9980330448465775
0.022364983301033495,0.10563570878354464,0.9980330448465775
0.022386914179240353,0.1065227888228749,0.9980330448465775
0.022403339531854673,0.10665937946691331,0.9980330448465775
0.022403769951455446,0.10666386377969309,0.9980330448465775
0.0224679355954728,0.10666834846955937,0.9980330448465775
0.022471013416354386,0.10667059095591482,0.9980330448465775
0.02250255558062557,0.10667283353655972,0.9980330448465775
0.022581961247175743,0.10668404785433444,0.9980330448465775
0.022675614123442486,0.10669526453023803,0.9980330448465775
0.022701889374456066,0.10673341887713246,0.9980330448465775
0.02270296165930895,0.10678058840860305,0.9980330448465775
0.022716295537128738,0.10682330154319038,0.9980330448465775
0.02284684254881268,0.10682555054949681,0.9980330448465775
0.022898452935284037,0.10683454752179222,0.9980330448465775
0.022915911965101392,0.10685029587044875,0.9980330448465775
0.022918273055041488,0.10688856119654519,0.9980330448465775
0.022991857393652324,0.10689756878607845,0.9980330448465775
0.023039284333646437,0.1069043254745802,0.9980330448465775
0.023099647988126054,0.10690883040812457,0.9980330448465775
0.023127958649559775,0.10692685393968769,0.9980330448465775
0.023251025071046212,0.10710290237467018,0.9980330448465775
0.023253458549107653,0.10712099140752,0.9980330448465775
0.023296843657158783,0.1071323001562434,0.9980330448465775
0.023324002380150966,0.10764139335567907,0.9980330448465775
0.023350293144314478,0.10766194911837722,0.9980330448465775
0.023350567452037885,0.10766423357664233,0.9980330448465775
0.023382061326885875,0.10803099982967126,0.9980330448465775
0.02341661130838703,0.10805170467854937,0.9980330448465775
0.023417049709214682,0.10906433377039314,0.9980330448465775
0.023448873546525112,0.10917932607479451,0.9980330448465775
0.02346134361195884,0.1092663178069212,0.9980330448465775
0.0235016841166923,0.10929220695300047,0.9980330448465775
0.023507906839400038,0.1093063334769496,0.9980330448465775
0.023554625369218096,0.10930868825265516,0.9980330448465775
0.023557223653858792,0.10931104312982033,0.9980330448465775
0.02359430857871684,0.10931575318855567,0.9980330448465775
0.023598061058124793,0.10931810837013896,0.9980330448465775
0.023600443978960804,0.1093228190377696,0.9980330448465775
0.023611083643019802,0.10935109157130234,0.9980330448465775
0.023615210403231217,0.10935344827586208,0.9980330448465775
0.023659744201367003,0.10945016070234474,0.9980330448465775
0.023668346281423593,0.10950448895027624,0.9980330448465775
0.023755229167319793,0.10950685227150103,0.9980330448465775
0.02392271383629456,0.1095092156947382,0.9980330448465775
0.023940529688818653,0.10951157921999438,0.9980330448465775
0.02406113351325084,0.10951394284727618,0.9980330448465775
0.02408693638083572,0.10951867040794301,0.9980330448465775
0.02410680068494108,0.10959673412964123,0.9980330448465775
0.024133178179902706,0.10960146884112755,0.9980330448465775
0.024156728299344937,0.10967490921666954,0.9980330448465775
0.024202707712287757,0.10968202157324744,0.9980330448465775
0.024203068794530946,0.10975082194151237,0.9980330448465775
0.024254527794958812,0.10976269279858092,0.9980330448465775
0.024272168667288832,0.10977456622387607,0.9980330448465775
0.024343258457853328,0.10977694121719565,0.9980330448465775
0.024345510591754153,0.10984110490539897,0.9980330448465775
0.024356221981121435,0.10984348277877601,0.9980330448465775
0.02437160293682825,0.10996250785601283,0.9980330448465775
0.02438517065373181,0.10996965756393584,0.9980330448465775
0.024456044291869587,0.10997442455242967,0.9980330448465775
0.024464350041525605,0.10998634383196411,0.9980330448465775
0.024477357932284376,0.11001496064699377,0.9980330448465775
0.024521989795835426,0.11001734605377277,0.9980330448465775
0.024573385784289376,0.11004597900581244,0.9980330448465775
0.024591977242624102,0.11004836575791095,0.9980330448465775
0.024620601398732383,0.11005791380170488,0.9980330448465775
0.02462729852215793,0.11006030107153703,0.9980330448465775
0.024698063180389546,0.11007701486061396,0.9980330448465775
0.024705475658122745,0.11007940295917039,0.9980330448465775
0.024708696575834032,0.11008656787659196,0.9980330448465775
0.02473984394549747,0.11011523687580026,0.9980330448465775
0.02474707909490314,0.1101821893118499,0.9980330448465775
0.02481155231499909,0.11020372703184049,0.9980330448465775
0.024860579852083724,0.11020851433536055,0.9980330448465775
0.024863185831988474,0.11062178425045784,0.9980330448465775
0.024891931750814132,0.11063143206000349,0.9980330448465775
0.02490243186752983,0.11483795038928118,0.9980330448465775
0.02490846654128375,0.11485354701435103,0.9980330448465775
0.02491647536306403,0.11488995561996196,0.9980330448465775
0.024931819058437485,0.11489255711794942,0.9980330448465775
0.025015429275668175,0.11553349423926408,0.9980330448465775
0.02503197888739518,0.11559929829357757,0.9980330448465775
0.02503655439491007,0.1156177368636923,0.9980330448465775
0.025043877945109084,0.11563091087258723,0.9980330448465775
0.025054898399900112,0.11563354603463993,0.9980330448465775
0.025088323228940168,0.1157628162715886,0.9980330448465775
0.025137631573159933,0.11576809874740468,0.9980330448465775
0.02518138871321067,0.11577074016610386,0.9980330448465775
0.025201045417887428,0.11585268397378816,0.9980330448465775
0.025250292640667475,0.11585532925381313,0.9980330448465775
0.025315362638375694,0.11612312621581417,0.9980330448465775
0.025379788178486802,0.1161284416268052,0.9980330448465775
0.02542724965133269,0.11613109951478531,0.9980330448465775
0.025435423987358267,0.11613641565575647,0.9980330448465775
0.025467362796836514,0.11614704939797647,0.9980330448465775
0.025475102134983527,0.11615502598264771,0.9980330448465775
0.025568097964006477,0.11615768508767914,0.9980330448465775
0.025571365038591507,0.1161736422749336,0.9980330448465775
0.025582856383822645,0.1163281214177633,0.9980330448465775
0.025599826599622018,0.11637614678899083,0.9980330448465775
0.025627598813282727,0.11637881602789055,0.9980330448465775
0.025638925634281984,0.11638148538923804,0.9980330448465775
0.02569276944703087,0.11638949420805138,0.9980330448465775
0.025718288884980445,0.11668391399333103,0.9980330448465775
0.025723639539892137,0.11773168128451436,0.9980330448465775
0.025737267009835772,0.117734413068195,0.9980330448465775
0.02576749721243547,0.11773714497865231,0.9980330448465775
0.025776882663824895,0.1177617378791747,0.9980330448465775
0.025821195914483598,0.11777267135529094,0.9980330448465775
0.025850356749449115,0.11791499151774303,0.9980330448465775
0.025874478305590635,0.11791773181501278,0.9980330448465775
0.025936712160485167,0.1179286942778785,0.9980330448465775
0.025974918372398022,0.117931435212086,0.9980330448465775
0.02599775720501526,0.1179341762737077,0.9980330448465775
0.02600794052708637,0.11798902427681146,0.9980330448465775
0.026048858404678733,0.11799725587777028,0.9980330448465775
0.026070665254576814,0.11803843111710789,0.9980330448465775
0.026085422525911364,0.11812636774223588,0.9980330448465775
0.026094970111469166,0.11813186813186813,0.9980330448465775
0.026099680122204975,0.11832746437816283,0.9980330448465775
0.026143111543761994,0.11833022388059701,0.9980330448465775
0.026147652218355112,0.11848219497956801,0.9980330448465775
0.02621796410016458,0.11850156476248307,0.9980330448465775
0.026222154694839447,0.11852647807703988,0.9980330448465775
0.026230073851391412,0.11855140186915888,0.9980330448465775
0.026260503843641092,0.11857356515236493,0.9980330448465775
0.026263233234619498,0.11859019305380264,0.9980330448465775
0.02626388229737276,0.11876506799616132,0.9980330448465775
0.026274722585852613,0.12042530972611193,0.9980330448465775
0.02630525866324326,0.12043674341324472,0.9980330448465775
0.026313365313516253,0.12046819725064697,0.9980330448465775
0.026353301063029806,0.12047391789538667,0.9980330448465775
0.02637147065766727,0.12047963908346195,0.9980330448465775
0.026406938140085524,0.12048249988127463,0.9980330448465775
0.026474141754080215,0.12049966752161109,0.9980330448465775
0.026475089384296335,0.12096216654349537,0.9980330448465775
0.026568418349722886,0.12101698149208166,0.9980330448465775
0.026574140461369102,0.12101986786557588,0.9980330448465775
0.026630479574938075,0.12296730727285947,0.9980330448465775
0.026673528274654947,0.12313143079013784,0.9980330448465775
0.02669619923841899,0.12317925810837056,0.9980330448465775
0.026703824829328305,0.12322113750060712,0.9980330448465775
0.026766796294063044,0.12323310827221062,0.9980330448465775
0.026776376605499672,0.1232480750078943,0.9980330448465775
0.02680119944458414,0.12325106879129422,0.9980330448465775
0.026842908344353728,0.12398895486645652,0.9980330448465775
0.02684338279797969,0.12400713639807415,0.9980330448465775
0.026901197801737296,0.1240131980936087,0.9980330448465775
0.026906777038675823,0.12401622916361148,0.9980330448465775
0.026942242401977515,0.12402229174814236,0.9980330448465775
0.027062715202245107,0.12402532326269218,0.9980330448465775
0.02707682459391848,0.12403138673641496,0.9980330448465775
0.027087532848851716,0.12410419469242999,0.9980330448465775
0.027105220095326996,0.12560960514915212,0.9980330448465775
0.027130840539286577,0.12561271475961777,0.9980330448465775
0.02713384776936884,0.1259119559283339,0.9980330448465775
0.02716195037507631,0.12594320889594918,0.9980330448465775
0.027183944808469557,0.12594633504604463,0.9980330448465775
0.027202733515162482,0.12595258781184063,0.9980330448465775
0.027227933783105826,0.12595571442756429,0.9980330448465775
0.027232805423918025,0.12599637456234014,0.9980330448465775
0.02726141179252283,0.1259995033523715,0.9980330448465775
0.02726147995951566,0.12603706095682846,0.9980330448465775
0.027290293904839197,0.1260401917678913,0.9980330448465775
0.02729539514773694,0.12605271656770925,0.9980330448465775
0.027296678338930035,0.12609970674486803,0.9980330448465775
0.027313742982058103,0.12614045991298944,0.9980330448465775
0.02733456688232446,0.12614359586316626,0.9980330448465775
0.027344371963724728,0.12614673196927131,0.9980330448465775
0.027350000264931326,0.12640442440397598,0.9980330448465775
0.027376649032767285,0.1264075734927753,0.9980330448465775
0.02741862417994672,0.1264296215084843,0.9980330448465775
0.027518392809994612,0.1264642839340013,0.9980330448465775
0.02758268656651898,0.1264674360060816,0.9980330448465775
0.027588096444077115,0.1264737406216506,0.9980330448465775
0.027647422981488805,0.1265147359497332,0.9980330448465775
0.027648638434054563,0.12718066974132744,0.9980330448465775
0.02766150076874551,0.1271902338756173,0.9980330448465775
0.027704529449655523,0.12719342224004812,0.9980330448465775
0.027708617104007915,0.1271966107643328,0.9980330448465775
0.027710772053470473,0.1272540315501718,0.9980330448465775
0.027760506490607535,0.12725722311396467,0.9980330448465775
0.027760744500537563,0.12728595439379875,0.9980330448465775
0.027763186393285736,0.12728914755907883,0.9980330448465775
0.02778493007370363,0.12730192182246977,0.9980330448465775
0.027801519391998628,0.12846545307238524,0.9980330448465775
0.02781806821580704,0.12882750215812724,0.9980330448465775
0.027821621036114103,0.1288569469487264,0.9980330448465775
0.02786198003481322,0.12909299071364966,0.9980330448465775
0.02787862918955909,0.12910284463894967,0.9980330448465775
0.02788204516327145,0.12910612961502252,0.9980330448465775
0.0278846657331901,0.12910941475826973,0.9980330448465775
0.027888793507233424,0.12914556237114713,0.9980330448465775
0.027925919941356486,0.12924424972617743,0.9980330448465775
0.02794291209304738,0.12925083424612172,0.9980330448465775
0.02795248832948186,0.1292541267576931,0.9980330448465775
0.02795792214403996,0.12926071228409844,0.9980330448465775
0.02798468723921003,0.12926400529895804,0.9980330448465775
0.028016268000902123,0.1293628738240318,0.9980330448465775
0.028035450699654685,0.1294453798663197,0.9980330448465775
0.028042323341424914,0.1295081548788892,0.9980330448465775
0.028052242056650654,0.12960408684546615,0.9980330448465775
0.028096158764010472,0.12971673995296043,0.9980330448465775
0.02809868111999899,0.12972668933602638,0.9980330448465775
0.028133243375921563,0.1297565466448445,0.9980330448465775
0.028137727788473815,0.1297864177004732,0.9980330448465775
0.02816912660037025,0.12984620109015532,0.9980330448465775
0.028175818410120474,0.12984952400450403,0.9980330448465775
0.02817605248794287,0.12989273737296161,0.9980330448465775
0.02826222360923821,0.1299027137736815,0.9980330448465775
0.028274632967804976,0.1299093655589124,0.9980330448465775
0.028286347672769916,0.12992932500256069,0.9980330448465775
0.028315349188950695,0.12993930702450768,0.9980330448465775
0.028330840114190934,0.129945962557943,0.9980330448465775
0.028360764562227622,0.1299559471365639,0.9980330448465775
0.02838251096633963,0.12995927567041468,0.9980330448465775
0.028397529548930565,0.1299626043747759,0.9980330448465775
0.028419488710163015,0.12998924014961316,0.9980330448465775
0.028427258388106245,0.13002255022550224,0.9980330448465775
0.028435736669534844,0.13002921428937522,0.9980330448465775
0.02845894025034409,0.13069908814589665,0.9980330448465775
0.02847260616694001,0.13073276306297021,0.9980330448465775
0.02849365719179317,0.13073613150910823,0.9980330448465775
0.02850449714345007,0.13081028126530717,0.9980330448465775
0.028506636596221237,0.1308575112830432,0.9980330448465775
0.02850675588116086,0.13086088616082941,0.9980330448465775
0.028510862547086572,0.13088113908378043,0.9980330448465775
0.028530112605737824,0.13096221350402643,0.9980330448465775
0.028537024639880726,0.13096897423984308,0.9980330448465775
0.028539768989488633,0.13097235486951808,0.9980330448465775
0.02855158482264337,0.13103662000929703,0.9980330448465775
0.02857212304869862,0.1310569273685298,0.9980330448465775
0.028581590873322623,0.13107385497662163,0.9980330448465775
0.028592369622523033,0.13142013520163692,0.9980330448465775
0.028592950362787282,0.1315223308017315,0.9980330448465775
0.02861808077182251,0.13156325355874193,0.9980330448465775
0.028629996457189753,0.13156666493802832,0.9980330448465775
0.02863066314026411,0.131621271076524,0.9980330448465775
0.028663814263862886,0.13166908864438448,0.9980330448465775
0.028680381689961745,0.13169984686064318,0.9980330448465775
0.028680653612226267,0.1317066839714471,0.9980330448465775
0.02872362869734933,0.13181617436936585,0.9980330448465775
0.028742705572767757,0.1318504274614765,0.9980330448465775
0.028781825404542338,0.1318538537498051,0.9980330448465775
0.02878935656113232,0.1318572802162106,0.9980330448465775
0.02878957032856777,0.13190184049079753,0.9980330448465775
0.028806037523668362,0.1322352818534831,0.9980330448465775
0.028815093085460198,0.13224217467226146,0.9980330448465775
0.028831670281007617,0.13226630519785204,0.9980330448465775
0.02884053750969472,0.13232494458208371,0.9980330448465775
0.028850375788158605,0.13232839557688295,0.9980330448465775
0.02888330956027728,0.13243200918724227,0.9980330448465775
0.028950304309223462,0.13243892253079975,0.9980330448465775
0.028960982366320356,0.132445836596189,0.9980330448465775
0.028977925017602556,0.13245966689291494,0.9980330448465775
0.029025642737621284,0.1324907956236781,0.9980330448465775
0.029076346498827656,0.13258080530950328,0.9980330448465775
0.02909845555265163,0.1326570629297498,0.9980330448465775
0.029128098907649627,0.13266399979083326,0.9980330448465775
0.029181966124669587,0.13266746849343722,0.9980330448465775
0.029194093553553995,0.1326744064428407,0.9980330448465775
0.02921108368895659,0.13269869498130082,0.9980330448465775
0.029215032954769814,0.13271257813930373,0.9980330448465775
0.02923915202603124,0.13271604938271606,0.9980330448465775
0.02925969087411726,0.13271952080772148,0.9980330448465775
0.029260115536759515,0.1327229924143343,0.9980330448465775
0.029269015315047296,0.13282722513089004,0.9980330448465775
0.029277621106430254,0.1328480913232445,0.9980330448465775
0.02927892521667895,0.13289332390455985,0.9980330448465775
0.029284720112513454,0.13289680460974332,0.9980330448465775
0.029310816726116455,0.1329002854972629,0.9980330448465775
0.02933647113163607,0.13292813916323912,0.9980330448465775
0.02934069590302215,0.13293162169242861,0.9980330448465775
0.02936077292357543,0.13341396718552798,0.9980330448465775
0.029404362798468156,0.13347362883072472,0.9980330448465775
0.029469778133402187,0.13352280203152547,0.9980330448465775
0.029488558947940502,0.1336987167663566,0.9980330448465775
0.029508777254625362,0.13378684807256236,0.9980330448465775
0.029540001450667625,0.13387156350588358,0.9980330448465775
0.0295446084449695,0.1338892260601103,0.9980330448465775
0.02955488990385775,0.13389275913025123,0.9980330448465775
0.02957670055883379,0.13389629238685843,0.9980330448465775
0.02958873374613645,0.1338998258299467,0.9980330448465775
0.029595432072482268,0.13390335945953077,0.9980330448465775
0.02960516626953096,0.13390689327562547,0.9980330448465775
0.029614795556617547,0.13391042727824548,0.9980330448465775
0.029632269492375324,0.13391749584312068,0.9980330448465775
0.0296328520339611,0.1339210304054054,0.9980330448465775
0.029635465938719602,0.13392456515427456,0.9980330448465775
0.029681884314577335,0.1339281000897429,0.9980330448465775
0.029692032469360866,0.1339634597106347,0.9980330448465775
0.02969858279265418,0.13397053387548186,0.9980330448465775
0.029731123246739585,0.1339740712380852,0.9980330448465775
0.029776718818786813,0.13400237686517893,0.9980330448465775
0.029789998256241717,0.13400945514090273,0.9980330448465775
0.02985205850857924,0.13401299455918864,0.9980330448465775
0.02985598903761846,0.13415117785474448,0.9980330448465775
0.02985664910979053,0.13415472476336524,0.9980330448465775
0.029863648857159388,0.13448540910175197,0.9980330448465775
0.02994114043509685,0.13452463015006097,0.9980330448465775
0.0300093778843245,0.13454246546283774,0.9980330448465775
0.030023953260500422,0.1345460330929147,0.9980330448465775
0.030031274430764827,0.13455316892071068,0.9980330448465775
0.030043974204925734,0.13471034885573197,0.9980330448465775
0.030076071680156403,0.13482847500863604,0.9980330448465775
0.030088331642862766,0.13489658106024352,0.9980330448465775
0.030092536656541748,0.1349001674952809,0.9980330448465775
0.030096845549935733,0.13490734093749168,0.9980330448465775
0.030116244587602373,0.13491092794469556,0.9980330448465775
0.030140006036129045,0.13498989039055018,0.9980330448465775
0.030143881197009798,0.13499348178891638,0.9980330448465775
0.0301472839306275,0.13499707337838557,0.9980330448465775
0.030149871587246902,0.13501862692921768,0.9980330448465775
0.030155955679857186,0.13505815965290532,0.9980330448465775
0.030157016977444672,0.13506175468483816,0.9980330448465775
0.030167455929514204,0.13506534990816407,0.9980330448465775
0.03017624066174599,0.1350725409290563,0.9980330448465775
0.03020509296594246,0.1351121052351281,0.9980330448465775
0.030209766876131413,0.13511930123561994,0.9980330448465775
0.030239026800486925,0.1351264980026631,0.9980330448465775
0.03025234019245823,0.13513009667367973,0.9980330448465775
0.03028695333647638,0.13514809290432558,0.9980330448465775
0.030304983477261002,0.13531027494066508,0.9980330448465775
0.030315099601664657,0.13531749206603194,0.9980330448465775
0.030323555981897874,0.1353211009174312,0.9980330448465775
0.03034119367736708,0.1353283191977383,0.9980330448465775
0.030343700070840172,0.13533192862667698,0.9980330448465775
0.030427728295915116,0.1353499786598378,0.9980330448465775
0.03047093559918959,0.13537164505629368,0.9980330448465775
0.03048094805782107,0.13537525679677703,0.9980330448465775
0.030499459261150726,0.135382480855946,0.9980330448465775
0.030521084431492988,0.13538609317466246,0.9980330448465775
0.030532823638354613,0.1354113848042486,0.9980330448465775
0.030603985587713045,0.13541499866559914,0.9980330448465775
0.03061149127238776,0.1354186127198484,0.9980330448465775
0.03061977376296398,0.1354547638751702,0.9980330448465775
0.030655502375175593,0.13545838005232527,0.9980330448465775
0.030657874560015792,0.1362330514162975,0.9980330448465775
0.03066242217170257,0.13624036731734823,0.9980330448465775
0.030698991024276888,0.13625866050808313,0.9980330448465775
0.030712258007038983,0.13628793983346763,0.9980330448465775
0.03071315906087124,0.136361193227627,0.9980330448465775
0.030782132866816917,0.13636485796447095,0.9980330448465775
0.030796163085580017,0.13636852289830145,0.9980330448465775
0.030846048832412237,0.13641618497109825,0.9980330448465775
0.030848088163531226,0.13649691980738707,0.9980330448465775
0.0308497173368948,0.13650059184332294,0.9980330448465775
0.030850448625842637,0.13650426407683408,0.9980330448465775
0.030858012831923964,0.1365079365079365,0.9980330448465775
0.030864444188966507,0.13654467168998924,0.9980330448465775
0.030950461230452208,0.13655202109909037,0.9980330448465775
0.030950760956069932,0.13657039808360025,0.9980330448465775
0.03096907974189331,0.13660348912341158,0.9980330448465775
0.03097910495026199,0.13668076394687928,0.9980330448465775
0.030986289921160738,0.13668812801379274,0.9980330448465775
0.03100843907526199,0.13669549287426924,0.9980330448465775
0.031027697666120707,0.1367028585284371,0.9980330448465775
0.03109244752623476,0.13671390849814086,0.9980330448465775
0.03110785673595066,0.13673601379756387,0.9980330448465775
0.031118795238813182,0.13673969870913844,0.9980330448465775
0.031139591249388424,0.13676181235007143,0.9980330448465775
0.031149827894771772,0.1367654986522911,0.9980330448465775
0.03116659407105181,0.13690572554098537,0.9980330448465775
0.031167600716388334,0.13690941960551523,0.9980330448465775
0.031170419947340978,0.1370092347572501,0.9980330448465775
0.03118475341306241,0.13703513652199747,0.9980330448465775
0.031190780781634585,0.13704994192799072,0.9980330448465775
0.031215383261326408,0.13707956233959206,0.9980330448465775
0.031219893543188576,0.1370832657913222,0.9980330448465775
0.031229491278763122,0.13708696944316862,0.9980330448465775
0.031240712006979903,0.1370906732951475,0.9980330448465775
0.0312700921295768,0.13709437734727514,0.9980330448465775
0.031281521364149856,0.13713513513513514,0.9980330448465775
0.03130882456223783,0.13713884159031325,0.9980330448465775
0.03139081952503093,0.137146255101765,0.9980330448465775
0.031392809191847296,0.13732813684096568,0.9980330448465775
0.03139450025596649,0.13733557083310777,0.9980330448465775
0.031422928491628144,0.13761119548709047,0.9980330448465775
0.03144188144250537,0.1376149277209731,0.9980330448465775
0.0314441330132502,0.13761866015730947,0.9980330448465775
0.031451838060478896,0.137622392796116,0.9980330448465775
0.03145356276831717,0.13762612563740914,0.9980330448465775
0.031464545258473385,0.13762985868120542,0.9980330448465775
0.03149111887316397,0.13766720026046614,0.9980330448465775
0.03150267744232538,0.13788792869177674,0.9980330448465775
0.03153528524774262,0.1378916759518439,0.9980330448465775
0.03154031022302617,0.13789542341558866,0.9980330448465775
0.031540964263701024,0.13792166136616923,0.9980330448465775
0.03154145091636126,0.1379254104599326,0.9980330448465775
0.03154269369973906,0.1379329092589572,0.9980330448465775
0.03154550073106694,0.13793665896425172,0.9980330448465775
0.031564461091626354,0.13794040887342324,0.9980330448465775
0.031593004231702304,0.13794415898648832,0.9980330448465775
0.03160030512445138,0.13794790930346365,0.9980330448465775
0.03161334372397775,0.13795916147801734,0.9980330448465775
0.03162399704250931,0.13796291261079993,0.9980330448465775
0.03162591792589815,0.13798167133494685,0.9980330448465775
0.031629703616678696,0.13798917625302548,0.9980330448465775
0.031639868194350454,0.13799668198754386,0.9980330448465775
0.03165030263128045,0.1380041885386352,0.9980330448465775
0.03165491301765958,0.13803797812721041,0.9980330448465775
0.03168135146909402,0.13807929899039378,0.9980330448465775
0.03170320503999056,0.1380830566592282,0.9980330448465775
0.031715224226163845,0.13808681453258947,0.9980330448465775
0.031725100612102985,0.1380943308929592,0.9980330448465775
0.03172968073019465,0.1380980893800011,0.9980330448465775
0.03173088185054247,0.13811688488444893,0.9980330448465775
0.03176014504882597,0.13812064459930315,0.9980330448465775
0.03179882436629248,0.13812816464310992,0.9980330448465775
0.03182321601808859,0.1381394462443168,0.9980330448465775
0.03182410502783056,0.13814320718758508,0.9980330448465775
0.031824581057166894,0.13814696833564757,0.9980330448465775
0.0318646356950269,0.13858087070519473,0.9980330448465775
0.031908535030036704,0.13866418889374726,0.9980330448465775
0.031937587639849156,0.13867176824268926,0.9980330448465775
0.03198010476996807,0.1386755582278827,0.9980330448465775
0.0319801290558119,0.13868313881979938,0.9980330448465775
0.03203207343674781,0.13873622617778142,0.9980330448465775
0.032056533698865866,0.13874001968719238,0.9980330448465775
0.03206336330206739,0.13874381340406333,0.9980330448465775
0.0321088850189225,0.13874760732841127,0.9980330448465775
0.032117700609431594,0.13875140146025322,0.9980330448465775
0.03215101862532774,0.1387551957996062,0.9980330448465775
0.03221417596412867,0.13876658006290168,0.9980330448465775
0.03227345673765373,0.1387703752324691,0.9980330448465775
0.03227807335377752,0.13878935419458957,0.9980330448465775
0.03228775997596888,0.13885772146356148,0.9980330448465775
0.03229649952433102,0.13886152162014231,0.9980330448465775
0.03230444483590522,0.13886532198472865,0.9980330448465775
0.0323062837728445,0.1388843269283407,0.9980330448465775
0.032324012002778076,0.13889193036242198,0.9980330448465775
0.03232495741282795,0.13889573239166736,0.9980330448465775
0.0323276181595083,0.138899534629072,0.9980330448465775
0.03232917762596641,0.13890333707465302,0.9980330448465775
0.03233215099776705,0.13891094259041256,0.9980330448465775
0.032332439405442163,0.1389489826656078,0.9980330448465775
0.03233379153285963,0.13895278781903822,0.9980330448465775
0.03235034690115377,0.13896801051709026,0.9980330448465775
0.03235474453183171,0.13903655395407463,0.9980330448465775
0.0323819046652457,0.13904036390540653,0.9980330448465775
0.032382491607868824,0.1390708510346718,0.9980330448465775
0.032450694949889586,0.13907466286591383,0.9980330448465775
0.03245771864226786,0.13907847490612066,0.9980330448465775
0.03246174448145185,0.13908228715530946,0.9980330448465775
0.03246956423606366,0.13908991228070175,0.9980330448465775
0.03247836953543762,0.13915857605177995,0.9980330448465775
0.03248922005709707,0.1391700266052278,0.9980330448465775
0.03251258478360774,0.13920057062906369,0.9980330448465775
0.03251593358971211,0.13920438957475995,0.9980330448465775
0.03252928131673497,0.1392082087300063,0.9980330448465775
0.032532776191335246,0.13921966745321845,0.9980330448465775
0.03254352764402624,0.1392234874468377,0.9980330448465775
0.03255900875813697,0.1392731664470795,0.9980330448465775
0.03257065156498114,0.13928081251715618,0.9980330448465775
0.03258664288879565,0.13929228319653006,0.9980330448465775
0.032641790852470744,0.13929610717619284,0.9980330448465775
0.03265458755990051,0.13929993136582017,0.9980330448465775
0.03265895748589267,0.1393037557654294,0.9980330448465775
0.032664718569749784,0.13937263088501894,0.9980330448465775
0.032669864610574945,0.13937645927757175,0.9980330448465775
0.03267678424363595,0.1393802878804527,0.9980330448465775
0.032733337722608793,0.139399434050386,0.9980330448465775
0.032735277865460655,0.13941858548112326,0.9980330448465775
0.032744336698301325,0.13943774217483304,0.9980330448465775
0.0327485190216778,0.13944157414532263,0.9980330448465775
0.03276061448671912,0.13957198657644276,0.9980330448465775
0.03277337860592248,0.1395911854521445,0.9980330448465775
0.03280455089412083,0.13977191339320147,0.9980330448465775
0.03285871776341247,0.13978346510923165,0.9980330448465775
0.03287082428672741,0.1397911673141031,0.9980330448465775
0.0328726429938197,0.13979501873484682,0.9980330448465775
0.032875216573147834,0.13981427902234714,0.9980330448465775
0.03289755648176141,0.13981813171672636,0.9980330448465775
0.03292883108991607,0.13982198462343962,0.9980330448465775
0.03293606427432453,0.13983739837398373,0.9980330448465775
0.03293823600117509,0.1399145181304288,0.9980330448465775
0.032960147419197255,0.1399183763512023,0.9980330448465775
0.032964483610994445,0.13995310991587367,0.9980330448465775
0.033004041900408246,0.14167248359625856,0.9980330448465775
0.03301722724490443,0.14167643938124755,0.9980330448465775
0.03302805265581702,0.1416803953871499,0.9980330448465775
0.03304617364782391,0.1416922647305222,0.9980330448465775
0.0330481471841821,0.14170017873100982,0.9980330448465775
0.03305481288965482,0.14170809361559517,0.9980330448465775
0.03307547282359567,0.14175164129068304,0.9980330448465775
0.033080578444130974,0.14175956192551617,0.9980330448465775
0.033135605731226925,0.14176352257487707,0.9980330448465775
0.03314506579550054,0.1417793673857159,0.9980330448465775
0.03315304720066077,0.1417912533184295,0.9980330448465775
0.03316907977439906,0.14179917838079534,0.9980330448465775
0.03317308198370172,0.141803141244201,0.9980330448465775
0.033187275964002956,0.14193801051807095,0.9980330448465775
0.03320970533579865,0.1419499230661631,0.9980330448465775
0.03321358783568103,0.14196580957443833,0.9980330448465775
0.03322071322132142,0.14197375416211983,0.9980330448465775
0.033246166846939665,0.14198169963902957,0.9980330448465775
0.03327467007378759,0.14207313658509269,0.9980330448465775
0.033278393530804265,0.14213681438736064,0.9980330448465775
0.03331674754514865,0.14214079614533434,0.9980330448465775
0.0333171544870854,0.14214477812640072,0.9980330448465775
0.033321247318340276,0.14217664200851826,0.9980330448465775
0.03334605260553495,0.14218859464761105,0.9980330448465775
0.03335511154121986,0.14219656419023063,0.9980330448465775
0.03335810425204256,0.1422005492965641,0.9980330448465775
0.033361795245891696,0.14224041264857593,0.9980330448465775
0.033369083333575675,0.14224838800112138,0.9980330448465775
0.03337338730807195,0.1422523760127842,0.9980330448465775
0.0334117949374571,0.14226035270698403,0.9980330448465775
0.03341433656830845,0.14226434138955868,0.9980330448465775
0.033444917744239105,0.14228029835679434,0.9980330448465775
0.033447895900721586,0.14228428815793162,0.9980330448465775
0.033468373187773987,0.1424080830760595,0.9980330448465775
0.03347932991127138,0.14241607724261818,0.9980330448465775
0.0335235010895096,0.14242007466247508,0.9980330448465775
0.033556783896458206,0.14247606211215005,0.9980330448465775
0.03358300463921314,0.14248006290014603,0.9980330448465775
0.03358713077272076,0.1424840639128359,0.9980330448465775
0.033593552788951875,0.1424880651502387,0.9980330448465775
0.03359388719307837,0.14296985066215837,0.9980330448465775
0.03359521221010746,0.14297790802524796,0.9980330448465775
0.03361179650974025,0.14301820846721913,0.9980330448465775
0.033651033057352876,0.14306659899622173,0.9980330448465775
0.03367281446624415,0.14307063301846892,0.9980330448465775
0.0337874295078483,0.14307466726821566,0.9980330448465775
0.03386515214439596,0.14309484193011648,0.9980330448465775
0.033933595521360195,0.14309887754526482,0.9980330448465775
0.03397485039256172,0.14310291338804748,0.9980330448465775
0.034009038527279156,0.14310694945848376,0.9980330448465775
0.03401222319409011,0.1431190590359067,0.9980330448465775
0.034033754320331254,0.14312309601714995,0.9980330448465775
0.03405007321532936,0.14312713322614312,0.9980330448465775
0.03405297045749591,0.14314328434000057,0.9980330448465775
0.03408557700766698,0.1431473226880325,0.9980330448465775
0.034086969903737066,0.14315136126393002,0.9980330448465775
0.03412757404414034,0.14315943909939904,0.9980330448465775
0.034128809974861014,0.1431836780765866,0.9980330448465775
0.03413121328919662,0.1431958006434498,0.9980330448465775
0.03413811171822899,0.14320388349514562,0.9980330448465775
0.03413870280899287,0.1432079252631876,0.9980330448465775
0.03414532222957029,0.14321600948375623,0.9980330448465775
0.03419331744307671,0.14322005193632156,0.9980330448465775
0.034205150514081586,0.14322409461709995,0.9980330448465775
0.03421091978590388,0.14322813752611077,0.9980330448465775
0.03423973251539015,0.14323622402890696,0.9980330448465775
0.03424017969067378,0.14328880856231116,0.9980330448465775
0.03424835915803381,0.14331713930629308,0.9980330448465775
0.034273746490228525,0.14333333333333334,0.9980330448465775
0.0343174771528698,0.1434143583945732,0.9980330448465775
0.03433748652694814,0.14341841205234743,0.9980330448465775
0.034345147543801725,0.14343057440072365,0.9980330448465775
0.03435064051286669,0.14347113046428772,0.9980330448465775
0.03435462002752997,0.143475187332108,0.9980330448465775
0.03437036577669666,0.14350765053596176,0.9980330448465775
0.03439119991664168,0.14351576863244236,0.9980330448465775
0.03439863777469118,0.1435198280251174,0.9980330448465775
0.03441839694649383,0.14352794749943426,0.9980330448465775
0.03442459023251548,0.1435320075811151,0.9980330448465775
0.03446497146634477,0.14353606789250353,0.9980330448465775
0.03448256989514213,0.14354012843361905,0.9980330448465775
0.0344866628442066,0.14357668364459536,0.9980330448465775
0.034529436033315306,0.14360512835026745,0.9980330448465775
0.03454086069481162,0.14360919279972828,0.9980330448465775
0.03454270504399449,0.14363358432882295,0.9980330448465775
0.03457017318784448,0.14363765038924275,0.9980330448465775
0.0345748379055944,0.1436457832007474,0.9980330448465775
0.03458624553649895,0.14364984995187136,0.9980330448465775
0.03460011054348627,0.14365391693326915,0.9980330448465775
0.03461401429354086,0.1437312333578834,0.9980330448465775
0.03462471046051323,0.1438534815150828,0.9980330448465775
0.03465290394947405,0.14387387642838914,0.9980330448465775
0.0346534003494228,0.14387795610503035,0.9980330448465775
0.03466622802326773,0.14388203601304408,0.9980330448465775
0.03472649448806233,0.143890196523268,0.9980330448465775
0.03472760501982129,0.14398819489769857,0.9980330448465775
0.034730413112200875,0.14399228106021908,0.9980330448465775
0.03473986424438075,0.14399636745466413,0.9980330448465775
0.03476559532319242,0.1441313487103738,0.9980330448465775
0.03478605092768356,0.14413544300201686,0.9980330448465775
0.03479957785482596,0.14425838000739202,0.9980330448465775
0.034802039633017375,0.14426248151939042,0.9980330448465775
0.034880097855477916,0.1442706852431049,0.9980330448465775
0.03491023188109593,0.1442911986350064,0.9980330448465775
0.034948130146682924,0.14429530201342283,0.9980330448465775
0.03498326012441418,0.14429940562523105,0.9980330448465775
0.034986120194788924,0.1445336979433715,0.9980330448465775
0.034989392979836026,0.1445501680815908,0.9980330448465775
0.03499420670483093,0.14456252314880766,0.9980330448465775
0.035034378736469585,0.14456664197390165,0.9980330448465775
0.035038160253515915,0.14457076103370659,0.9980330448465775
0.035078440488104344,0.14469856841384818,0.9980330448465775
0.035099267614351316,0.1447068218115446,0.9980330448465775
0.03510539292966885,0.14471507615081855,0.9980330448465775
0.0351344126627427,0.14472333143183114,0.9980330448465775
0.03516747835716534,0.1447274594255398,0.9980330448465775
0.03517518409835149,0.1447357161194626,0.9980330448465775
0.03528194384266128,0.14473984481971702,0.9980330448465775
0.03529877274492889,0.14474810292691276,0.9980330448465775
0.035313044923078275,0.1447522323338944,0.9980330448465775
0.035323738903262694,0.14475636197649208,0.9980330448465775
0.035374493006686616,0.14476049185472598,0.9980330448465775
0.03538428818952433,0.14485967967567875,0.9980330448465775
0.03538930592133946,0.14487208771128368,0.9980330448465775
0.03539324863774164,0.14487622419552865,0.9980330448465775
0.035510490977482975,0.14488036091599565,0.9980330448465775
0.035518415171504975,0.14488449787270494,0.9980330448465775
0.035529169054169175,0.14488863506567676,0.9980330448465775
0.03554257662626517,0.14489277249493132,0.9980330448465775
0.03554861216585311,0.1448969101604889,0.9980330448465775
0.03557397812945798,0.14507505360972123,0.9980330448465775
0.03558514970083766,0.14509994566616147,0.9980330448465775
0.03559295196338207,0.14510409517272935,0.9980330448465775
0.03560365009502903,0.14512069557258894,0.9980330448465775
0.03560522875936434,0.14512899719695668,0.9980330448465775
0.035667331156139105,0.14515806036332426,0.9980330448465775
0.03568189129341376,0.1451622131944842,0.9980330448465775
0.0356860715393095,0.14516636626326782,0.9980330448465775
0.03572204428100198,0.1451705195696956,0.9980330448465775
0.03573690357860367,0.14517467311378787,0.9980330448465775
0.035750118491824544,0.1451788268955651,0.9980330448465775
0.035764295693546784,0.14518298091504764,0.9980330448465775
0.03578157633130944,0.14519544439993132,0.9980330448465775
0.03579106848606858,0.14522869082374493,0.9980330448465775
0.035791480991949065,0.1452536356349479,0.9980330448465775
0.03579848920089527,0.1452577939366179,0.9980330448465775
0.03580051855953951,0.14526611125425865,0.9980330448465775
0.03582702263568829,0.14527027027027026,0.9980330448465775
0.03582840538342904,0.14530355097365408,0.9980330448465775
0.035858311050695826,0.1454118186507709,0.9980330448465775
0.0358592156451967,0.14542848953854973,0.9980330448465775
0.03586280462419103,0.14546601301568188,0.9980330448465775
0.035890583931573315,0.14547435419593452,0.9980330448465775
0.03589259241217785,0.145612121907823,0.9980330448465775
0.03590010841548326,0.14562047985305934,0.9980330448465775
0.03590636525458465,0.1456246591854892,0.9980330448465775
0.035915644283863235,0.1456330185700755,0.9980330448465775
0.035918626558310955,0.1456664657078058,0.9980330448465775
0.03594057314667009,0.14567064768029397,0.9980330448465775
0.03595495112153168,0.1456748298929115,0.9980330448465775
0.03599318475652357,0.145679012345679,0.9980330448465775
0.036002271226782866,0.14573340609472385,0.9980330448465775
0.03600684903019839,0.14573759191176472,0.9980330448465775
0.036010789029498835,0.14574177796926613,0.9980330448465775
0.03601726126233897,0.14576271186440679,0.9980330448465775
0.03605162633983614,0.14627536900369004,0.9980330448465775
0.03605192276976292,0.14627958601205063,0.9980330448465775
0.03614174016211137,0.1463175500317204,0.9980330448465775
0.03614455615866209,0.14637664435725825,0.9980330448465775
0.036148068501197096,0.14634427837728664,0.997639653815893
0.03615577115979597,0.14635694704948782,0.997639653815893
0.03616348256315848,0.14636117042765626,0.997639653815893
0.036177706795763084,0.14636961791527184,0.997639653815893
0.03623208217036546,0.1464245503623084,0.997639653815893
0.03626142859102401,0.14642877764305098,0.997639653815893
0.036277729503378,0.14646260467802483,0.997639653815893
0.036305517910368755,0.14656417962203086,0.997639653815893
0.03630916258144489,0.14656841496893513,0.997639653815893
0.0363179299091437,0.1465768863971332,0.997639653815893
0.03632469327706169,0.14658112247846944,0.997639653815893
0.03635716049196274,0.14658959537572255,0.997639653815893
0.03636423784340953,0.14659383219168184,0.997639653815893
0.03637598956379026,0.14666589555259962,0.997639653815893
0.036381356085147185,0.14669134659879685,0.997639653815893
0.0363895305886847,0.1467040754345877,0.997639653815893
0.0364067613515886,0.14670831887076247,0.997639653815893
0.03641600545589575,0.14674227519962968,0.997639653815893
0.03647310234747493,0.1467762472508392,0.997639653815893
0.03648010885146251,0.14678049486326147,0.997639653815893
0.03652268618724359,0.14678899082568808,0.997639653815893
0.036544019887281745,0.14680598570146747,0.997639653815893
0.03654448822278848,0.14681023503531318,0.997639653815893
0.036548219305118285,0.14687400457533373,0.997639653815893
0.03655269798999241,0.14687825784779335,0.997639653815893
0.03657940293663487,0.1469037826565487,0.997639653815893
0.03661825088696936,0.146908037653874,0.997639653815893
0.036637386308151394,0.14695060118788933,0.997639653815893
0.036689388767527815,0.14695485889783855,0.997639653815893
0.03672188687535486,0.1469591168545186,0.997639653815893
0.0367307847159992,0.14698892946154293,0.997639653815893
0.036834062113377,0.14699318939284162,0.997639653815893
0.03683638547426072,0.14706138188987794,0.997639653815893
0.036841259737876615,0.1470784399014064,0.997639653815893
0.03685464793388402,0.14743757448911368,0.997639653815893
0.0368662689872721,0.1474418604651163,0.997639653815893
0.03687454548242071,0.14745471988836237,0.997639653815893
0.03690644271466582,0.14745900686126293,0.997639653815893
0.03692112355798506,0.14746329408344236,0.997639653815893
0.036979635101549606,0.14746758155492237,0.997639653815893
0.037039811404985634,0.1474718692757247,0.997639653815893
0.03705184413896976,0.14747615724587113,0.997639653815893
0.03710245402462871,0.1474804454653834,0.997639653815893
0.03712003400058604,0.1474847339342832,0.997639653815893
0.037137823133351275,0.14749331162033266,0.997639653815893
0.03716797078515601,0.1474976008375258,0.997639653815893
0.03717180304758594,0.14750189030419356,0.997639653815893
0.03717632851825486,0.14751046998604,0.997639653815893
0.037182992421756135,0.14751905066604618,0.997639653815893
0.037207488762377165,0.14754050673415364,0.997639653815893
0.037223711751645336,0.1475576760829721,0.997639653815893
0.037225898206213026,0.14756196904457117,0.997639653815893
0.03724090609483475,0.14757055571719524,0.997639653815893
0.037256545095571546,0.14757484942826385,0.997639653815893
0.037266936079392625,0.14757914338919925,0.997639653815893
0.03727705081488797,0.14758343760002327,0.997639653815893
0.03728322530141585,0.14762639345693745,0.997639653815893
0.03732199258114916,0.14763928509052804,0.997639653815893
0.03735583860841346,0.14766507511354374,0.997639653815893
0.037356808202539143,0.14769087414827325,0.997639653815893
0.03737565871929726,0.14769517486386535,0.997639653815893
0.037392670279624354,0.14769947582993592,0.997639653815893
0.03740796400021242,0.1477597156674241,0.997639653815893
0.03741672249705872,0.14778124180530872,0.997639653815893
0.037423449130250704,0.14779416049886357,0.997639653815893
0.03742698517778568,0.1478544776119403,0.997639653815893
0.03743927739722339,0.14789327890363027,0.997639653815893
0.03745375608066543,0.14792778604135678,0.997639653815893
0.03746711127516461,0.14793210056582862,0.997639653815893
0.03747141178032346,0.14794073036985184,0.997639653815893
0.037499941896700646,0.1480011672016341,0.997639653815893
0.03751046152597685,0.14800548600776212,0.997639653815893
0.03754059232137052,0.1480486879360168,0.997639653815893
0.03755155494882407,0.14806165343297525,0.997639653815893
0.037573339159289454,0.14807894429522364,0.997639653815893
0.037575273074910376,0.14812651499664145,0.997639653815893
0.037577405463404524,0.14813084112149533,0.997639653815893
0.03759293516119616,0.14813516749905078,0.997639653815893
0.037594514794634076,0.14817411627227578,0.997639653815893
0.037597905908962774,0.1481784451780654,0.997639653815893
0.037609663495006974,0.14818710374850264,0.997639653815893
0.037614353962085914,0.14826941066417212,0.997639653815893
0.03761991536307351,0.14827374513988364,0.997639653815893
0.03762883074744534,0.14828241485162988,0.997639653815893
0.03763164919778843,0.14828675008770903,0.997639653815893
0.03764553013562118,0.14845167710589474,0.997639653815893
0.037675810490042004,0.14845602224498755,0.997639653815893
0.03770782927439486,0.1484647132863039,0.997639653815893
0.037727135529968085,0.1484777517564403,0.997639653815893
0.037729503440596016,0.14848209842208496,0.997639653815893
0.0377815469505541,0.1485168809112471,0.997639653815893
0.037783691307671584,0.1485212298682284,0.997639653815893
0.037792889180604076,0.14852557907991448,0.997639653815893
0.03786610232437009,0.14853862824342529,0.997639653815893
0.037885046714500256,0.14855603069533127,0.997639653815893
0.03792742524619557,0.14861261683612179,0.997639653815893
0.03793567867524893,0.14861697140178154,0.997639653815893
0.0379466090862272,0.14862568129871653,0.997639653815893
0.037947586910821104,0.14863439221662172,0.997639653815893
0.03795003379285725,0.14863874805849428,0.997639653815893
0.03796253067656561,0.14865617397930772,0.997639653815893
0.03796979700510619,0.14866053109795416,0.997639653815893
0.0379842255740796,0.14873464121286767,0.997639653815893
0.03807228407097989,0.14876517862380478,0.997639653815893
0.038112350665081826,0.14876954213474908,0.997639653815893
0.038115682991658593,0.14883502552966724,0.997639653815893
0.038129206727688734,0.14884376100481278,0.997639653815893
0.03814046309935783,0.14885249750542937,0.997639653815893
0.03815830928285957,0.1488830833357795,0.997639653815893
0.038176616043268524,0.14889182445325114,0.997639653815893
0.03820695967819063,0.14891805396517807,0.997639653815893
0.03824458916442779,0.14892242644899878,0.997639653815893
0.03831036840116306,0.14893117218698615,0.997639653815893
0.03834467175354766,0.14893554544119805,0.997639653815893
0.03834803454513778,0.14907562531228874,0.997639653815893
0.03834855821368459,0.1490843890538197,0.997639653815893
0.03839323311427527,0.1490975365982715,0.997639653815893
0.038398433133005234,0.1491063029162747,0.997639653815893
0.03840470223788938,0.14911068646185507,0.997639653815893
0.03841599545339751,0.14911507026518492,0.997639653815893
0.03842822708511775,0.1491282232218988,0.997639653815893
0.03843780787023598,0.14913260805645398,0.997639653815893
0.03846851273406152,0.14913699314887235,0.997639653815893
0.03847732672492783,0.14914137849917666,0.997639653815893
0.03850845922466459,0.14929502840490977,0.997639653815893
0.03853399095458281,0.1494005714454034,0.997639653815893
0.03853435564117766,0.14955475614790353,0.997639653815893
0.038538130508144884,0.14957239752285462,0.997639653815893
0.03854196085866006,0.149607692761489,0.997639653815893
0.03855341489147722,0.1496121058375859,0.997639653815893
0.03856472717888518,0.14969158575096655,0.997639653815893
0.03861619915163217,0.14969600377781714,0.997639653815893
0.0386305391600137,0.1497004220654644,0.997639653815893
0.03863265981317458,0.1497357777580964,0.997639653815893
0.038658469779683576,0.14974019839395372,0.997639653815893
0.03867845569709678,0.14977999586569413,0.997639653815893
0.03872990768034913,0.14978441911286988,0.997639653815893
0.038743564013467936,0.14978884262130474,0.997639653815893
0.03874441325574632,0.14979326639102186,0.997639653815893
0.038765284862169534,0.14979769042204436,0.997639653815893
0.03881414053873504,0.14980211471439542,0.997639653815893
0.03883438270917265,0.14998373599077386,0.997639653815893
0.0388446282578037,0.15011246596424765,0.997639653815893
0.03886116609264165,0.15013023916646934,0.997639653815893
0.03886639870082377,0.15017469059039498,0.997639653815893
0.03891372672425847,0.15017913718058803,0.997639653815893
0.03893370490866195,0.1501835840341111,0.997639653815893
0.03893489157596939,0.15018803115098753,0.997639653815893
0.03894801249352156,0.15019247853124074,0.997639653815893
0.0389528922251383,0.1502013740819711,0.997639653815893
0.03895418954397689,0.15022361756952876,0.997639653815893
0.038968663203586086,0.15023696682464455,0.997639653815893
0.039010136210412535,0.15033047808174516,0.997639653815893
0.03902263306324747,0.15033493390242456,0.997639653815893
0.039082390631868885,0.15033938998725435,0.997639653815893
0.03912192143161537,0.15035721696854712,0.997639653815893
0.039122062672322655,0.15046426770298732,0.997639653815893
0.0391245047001757,0.1504687314584075,0.997639653815893
0.03913157310173934,0.15047319547868396,0.997639653815893
0.0391438233337538,0.1504955195537357,0.997639653815893
0.039162253541707444,0.15052231718898385,0.997639653815893
0.03917454636608252,0.15057594109963188,0.997639653815893
0.039196414551356015,0.15058488213288998,0.997639653815893
0.039224123065722094,0.15059829567386204,0.997639653815893
0.039224178280762835,0.15060723936217596,0.997639653815893
0.03922605069510667,0.15061171160470366,0.997639653815893
0.0392654425076606,0.15061618411284336,0.997639653815893
0.03931409660391582,0.1506251299260535,0.997639653815893
0.03932655381894474,0.15065644864254737,0.997639653815893
0.039381840623012726,0.1506609238081093,0.997639653815893
0.03939779193403128,0.15072808320950964,0.997639653815893
0.03941283928914144,0.15073256263187612,0.997639653815893
0.0394147711607325,0.1507415222753886,0.997639653815893
0.039458613342180676,0.15074600249658207,0.997639653815893
0.0394588222727766,0.15075048298409868,0.997639653815893
0.03946057240161678,0.15075496373796218,0.997639653815893
0.03947333309079357,0.15076840759787163,0.997639653815893
0.03947605671921208,0.15077288941736028,0.997639653815893
0.03950525903936352,0.15078185385575837,0.997639653815893
0.03951755005217557,0.15082220702369978,0.997639653815893
0.0395177963807382,0.15082669204234567,0.997639653815893
0.03955278548777984,0.15086258179654968,0.997639653815893
0.03958093175477199,0.1511908665454437,0.997639653815893
0.03963108001507819,0.15119537351696177,0.997639653815893
0.039638124338660936,0.151303621502297,0.997639653815893
0.03964457117962915,0.15130813519883057,0.997639653815893
0.0396524943248485,0.15132167790440956,0.997639653815893
0.039678872768205704,0.15135780364070428,0.997639653815893
0.0396820586608731,0.15137135523920375,0.997639653815893
0.03975694067675668,0.15153869136540185,0.997639653815893
0.03977776994176383,0.15155680392039683,0.997639653815893
0.03978222665748102,0.151561332735694,0.997639653815893
0.0398008526691967,0.1515658618216591,0.997639653815893
0.039810098485520154,0.15157039117831636,0.997639653815893
0.03983706525397994,0.15157945070380444,0.997639653815893
0.03984130357907653,0.15164289771877895,0.997639653815893
0.0398574374205504,0.1516474316809185,0.997639653815893
0.039927342198537503,0.15165196591418748,0.997639653815893
0.039928081267805254,0.15167010555904428,0.997639653815893
0.039937779493349604,0.15167464114832535,0.997639653815893
0.039943911942793155,0.1516882495439184,0.997639653815893
0.039973252516213864,0.1517063978703676,0.997639653815893
0.03997983562307017,0.15171547366216984,0.997639653815893
0.03998411784099932,0.15172001196530063,0.997639653815893
0.03999205651468284,0.15172455053995035,0.997639653815893
0.03999802718813342,0.15172908938614335,0.997639653815893
0.040017160903353326,0.15173816789325675,0.997639653815893
0.04002553143614937,0.1517427075542259,0.997639653815893
0.04004756785386635,0.15178811910818496,0.997639653815893
0.04005653656950258,0.15188357189914356,0.997639653815893
0.04007510945894514,0.15188812026472615,0.997639653815893
0.040140724861666074,0.1518972178131832,0.997639653815893
0.04014214479676111,0.15197459099898125,0.997639653815893
0.04023851353348318,0.15197914481766697,0.997639653815893
0.04025556456305177,0.15202925484083687,0.997639653815893
0.04026092702587918,0.15203381193609306,0.997639653815893
0.04029864279792596,0.15203836930455636,0.997639653815893
0.040329998566076955,0.15204292694625138,0.997639653815893
0.040363848068035134,0.1520474848612027,0.997639653815893
0.04036443468111355,0.1520520430494349,0.997639653815893
0.0404224564262324,0.15205660151097253,0.997639653815893
0.04043194971782664,0.1520611602458402,0.997639653815893
0.04046830670933514,0.15207027853566396,0.997639653815893
0.04048061726306636,0.15207939791910288,0.997639653815893
0.04052310522055611,0.1520839580209895,0.997639653815893
0.04057710237086364,0.15218434949591936,0.997639653815893
0.04058826457555506,0.1521980495123781,0.997639653815893
0.04059526482019124,0.15221175199567852,0.997639653815893
0.040603897343310824,0.1522163200384142,0.997639653815893
0.040608396763049684,0.15222088835534214,0.997639653815893
0.04065569357640881,0.1522620155504188,0.997639653815893
0.04066574166938308,0.1522757295544614,0.997639653815893
0.04068251837035147,0.15228030143813612,0.997639653815893
0.04069317875986934,0.152284873596349,0.997639653815893
0.04069966677975484,0.15228944602912475,0.997639653815893
0.04070774046450492,0.15230773850635115,0.997639653815893
0.040724090555466746,0.15231231231231232,0.997639653815893
0.040729659073493296,0.1523489126516881,0.997639653815893
0.04073448115122775,0.1523534889309423,0.997639653815893
0.040765215573291824,0.15235806548513067,0.997639653815893
0.040771603899230756,0.15236721941840903,0.997639653815893
0.040774591391273034,0.15248173646393892,0.997639653815893
0.04078452909353192,0.1524863207263544,0.997639653815893
0.04079474092071293,0.1524909052644238,0.997639653815893
0.040819173408680035,0.15249549007817198,0.997639653815893
0.040838671902774716,0.1525000751676238,0.997639653815893
0.04086613767928887,0.15252759149550416,0.997639653815893
0.040884260667532445,0.15254135338345864,0.997639653815893
0.04090960250286139,0.15255970643084882,0.997639653815893
0.04096002439497867,0.15256429538276434,0.997639653815893
0.04098953140618047,0.15263775617683348,0.997639653815893
0.04099829591343532,0.15285395696461937,0.997639653815893
0.04102469303700801,0.15285856363581568,0.997639653815893
0.04104157062458363,0.15286317058468957,0.997639653815893
0.041084380106560396,0.15287699309762787,0.997639653815893
0.041089158969447995,0.15288160115746321,0.997639653815893
0.04109209433567533,0.15294153122455748,0.997639653815893
0.041125432747810726,0.15294614317592425,0.997639653815893
0.04113173975908038,0.15295536791314837,0.997639653815893
0.04113467414056651,0.15296920710558856,0.997639653815893
0.041179029635921155,0.15297382072626373,0.997639653815893
0.041185480482590894,0.15298304880255775,0.997639653815893
0.04120871260041269,0.152992277992278,0.997639653815893
0.04121394256344238,0.1529968930047359,0.997639653815893
0.041226617646612056,0.15300150829562595,0.997639653815893
0.04122867208602928,0.1530061238649733,0.997639653815893
0.04123156518050345,0.15301073971280318,0.997639653815893
0.041262657577955796,0.15302458892744003,0.997639653815893
0.041271866445566116,0.1530292058894521,0.997639653815893
0.04127440549150093,0.15304767652383827,0.997639653815893
0.04127610423397385,0.1530569135131873,0.997639653815893
0.041316218801810155,0.15306153242598908,0.997639653815893
0.04133270327948287,0.1530753908372065,0.997639653815893
0.041337920045315654,0.1530938726230003,0.997639653815893
0.0413449353115793,0.15311698113207547,0.997639653815893
0.041476863085183883,0.1531216036710542,0.997639653815893
0.04148169598513487,0.1531632190850068,0.997639653815893
0.04149160018585815,0.15318172208631572,0.997639653815893
0.04153757207133376,0.15318634853518576,0.997639653815893
0.04154532273071568,0.15341802782819117,0.997639653815893
0.04157287477782233,0.1534273095771069,0.997639653815893
0.041576819056286095,0.15343195087273498,0.997639653815893
0.04158502107530505,0.1537808501606937,0.997639653815893
0.04163021338673317,0.15378551287104697,0.997639653815893
0.04164753224666258,0.1539535589619062,0.997639653815893
0.04169271077754789,0.15395823215152987,0.997639653815893
0.041745653832810745,0.15398160235586994,0.997639653815893
0.04175326365800349,0.1540003036283589,0.997639653815893
0.041766046342900806,0.15400497965628226,0.997639653815893
0.04180303272561802,0.15401900944398894,0.997639653815893
0.041894579691527475,0.15403304178814384,0.997639653815893
0.041911030441929314,0.1543799841723991,0.997639653815893
0.0419406682186941,0.1547473761288748,0.997639653815893
0.04198097600072418,0.15475209763539283,0.997639653815893
0.041988062344258614,0.154756819430036,0.997639653815893
0.04199833412686641,0.1547615415128307,0.997639653815893
0.04200794237454893,0.15476626388380324,0.997639653815893
0.042019064843505996,0.15507383740483688,0.997639653815893
0.04201941696162248,0.1550785788540329,0.997639653815893
0.04206548665397987,0.15511652088812772,0.997639653815893
0.04208025008389914,0.15512600929777343,0.997639653815893
0.042160240716416525,0.1551402440889487,0.997639653815893
0.042210936687043676,0.1551877122663158,0.997639653815893
0.04223453900943384,0.15523520950019895,0.997639653815893
0.042276653169106164,0.15531126557858957,0.997639653815893
0.042311238972817196,0.15532077782881643,0.997639653815893
0.04236210436547069,0.15532553439088626,0.997639653815893
0.042386374189423266,0.1553302912442961,0.997639653815893
0.04241216611932362,0.15533504838907264,0.997639653815893
0.04251242994554705,0.15530917889191756,0.9974429583005507
0.042546091455234684,0.15531393568147014,0.9974429583005507
0.042556418759549575,0.15532820779857262,0.9974429583005507
0.04261172253043769,0.15533296575384428,0.9974429583005507
0.04265234640173202,0.15535200049016604,0.9974429583005507
0.04265419661208332,0.15535675990318923,0.9974429583005507
0.04267460822973024,0.15553306342780027,0.9974429583005507
0.04269593142309422,0.15553783394166182,0.9974429583005507
0.04270476123915281,0.1555521472392638,0.9974429583005507
0.04271474646392242,0.15555691892389337,0.9974429583005507
0.042718631309123366,0.1555664631714575,0.9974429583005507
0.042730230064213566,0.15558555518056025,0.9974429583005507
0.04274418531430189,0.1556524141318027,0.9974429583005507
0.04275346783739248,0.15565719197004113,0.9974429583005507
0.042783210041911275,0.15566197010160543,0.9974429583005507
0.042793216825756784,0.1559923711086502,0.9974429583005507
0.04279326128763988,0.15600196886728604,0.9974429583005507
0.04279609062215887,0.15619898352071462,0.9974429583005507
0.042799969306957675,0.15620379497289305,0.9974429583005507
0.042803874928573814,0.15621823110809896,0.9974429583005507
0.04280681102737736,0.15623266991188614,0.9974429583005507
0.042814425755233775,0.15624229726398817,0.9974429583005507
0.04287567615700788,0.15625192580267455,0.9974429583005507
0.04289082577247958,0.15625674051705543,0.9974429583005507
0.04289621883152883,0.15627118644067797,0.9974429583005507
0.04289850884697799,0.1562760023421369,0.9974429583005507
0.04292097194794993,0.15628081854043394,0.9974429583005507
0.042937538277077615,0.1573964864361537,0.9974429583005507
0.042973990586089146,0.1574111438770759,0.9974429583005507
0.04297916110566173,0.15741603029738624,0.9974429583005507
0.04299506587170824,0.1574258040481808,0.9974429583005507
0.042999001200013154,0.15743069137872157,0.9974429583005507
0.04300792996052987,0.15754318379520318,0.9974429583005507
0.04301881867415819,0.1575480784167521,0.9974429583005507
0.043019881081389884,0.15756276410638828,0.9974429583005507
0.043042078527168785,0.1575676599446913,0.9974429583005507
0.043047750235703876,0.15757255608725373,0.9974429583005507
0.04305381777155367,0.15758724634078125,0.9974429583005507
0.04312306236923904,0.15760193933366484,0.9974429583005507
0.043125558586726606,0.1576068376068376,0.9974429583005507
0.04312696438943394,0.15762153425338804,0.9974429583005507
0.043156870587178466,0.15762643374467689,0.9974429583005507
0.043229628358553575,0.15764113404625715,0.9974429583005507
0.04325483945531665,0.15765093577068956,0.9974429583005507
0.043263675261200715,0.15766073871409028,0.9974429583005507
0.04327801365056414,0.15766564064297484,0.9974429583005507
0.0432899427771838,0.15770486705022546,0.9974429583005507
0.0432946605429216,0.15770977172358028,0.9974429583005507
0.04331359141921192,0.15771467670201847,0.9974429583005507
0.043369316640237826,0.1579701566929379,0.9974429583005507
0.04338126420364335,0.15797507788161994,0.9974429583005507
0.043446464031476735,0.15797999937692764,0.9974429583005507
0.04345907737369291,0.15798492117888965,0.9974429583005507
0.04347071284883813,0.15807356608478804,0.9974429583005507
0.04350431394428753,0.15807849371863214,0.9974429583005507
0.0435149674817598,0.1580883499080338,0.9974429583005507
0.043517379138413324,0.15809327846364885,0.9974429583005507
0.04354435424906245,0.1581573776627265,0.9974429583005507
0.04356952425004754,0.158162310523361,0.9974429583005507
0.043652708918623905,0.15816724369171267,0.9974429583005507
0.043658195524971244,0.15820672011980158,0.9974429583005507
0.04367852069432513,0.1582165923060123,0.9974429583005507
0.04369305113325687,0.15822152886115445,0.9974429583005507
0.043714360842385565,0.15823140289565651,0.9974429583005507
0.04371839400037992,0.1582610323949816,0.9974429583005507
0.043730539445443986,0.158270911360799,0.9974429583005507
0.04373178500900716,0.15827585130622054,0.9974429583005507
0.043739123121582894,0.15830055565961165,0.9974429583005507
0.04374553482828261,0.15830549745574876,0.9974429583005507
0.04376995409537863,0.1583252677261232,0.9974429583005507
0.043777911858987974,0.15833021106531786,0.9974429583005507
0.04381639611851859,0.15834009866983076,0.9974429583005507
0.043826827212134885,0.15834504293520688,0.9974429583005507
0.0438476549230426,0.15847865491593224,0.9974429583005507
0.04385385056389079,0.15850837709427357,0.9974429583005507
0.04386609896267847,0.1585381104233102,0.9974429583005507
0.0438842130424202,0.15854306706268564,0.9974429583005507
0.04390730007711691,0.158548024012006,0.9974429583005507
0.043935250795820065,0.15855793884059782,0.9974429583005507
0.04395443175346434,0.15856289671992746,0.9974429583005507
0.04396550656577133,0.15858769076807605,0.9974429583005507
0.04403976183025922,0.15859265050820953,0.9974429583005507
0.04407529037230784,0.15860753159014138,0.9974429583005507
0.04407944867855502,0.15861249257139282,0.9974429583005507
0.044106620609987726,0.1587217127296629,0.9974429583005507
0.0441308857535019,0.15873164929414343,0.9974429583005507
0.04414823818090688,0.15873661804294747,0.9974429583005507
0.04414934783652945,0.15905027757739235,0.9974429583005507
0.044155689474283305,0.15922506907812106,0.9974429583005507
0.044163922036397824,0.1592550719175931,0.9974429583005507
0.044195386203137184,0.1592600734901542,0.9974429583005507
0.044211735704493216,0.15926507537688442,0.9974429583005507
0.04422887266826883,0.15927508009297067,0.9974429583005507
0.04425738444664769,0.1592850860660887,0.9974429583005507
0.04425900858560721,0.15929509329647545,0.9974429583005507
0.04429842419023711,0.15932011687454836,0.9974429583005507
0.044304236936327554,0.1593301285072423,0.9974429583005507
0.04432371247965805,0.159415278214398,0.9974429583005507
0.04432927760431327,0.15942028985507245,0.9974429583005507
0.044338753401298704,0.1594253018108652,0.9974429583005507
0.04435151121606865,0.15946540880503143,0.9974429583005507
0.04435294136861078,0.15947042359822636,0.9974429583005507
0.04438502173699933,0.15947543870683692,0.9974429583005507
0.04441597717715451,0.15948045413089285,0.9974429583005507
0.04442691618023309,0.15951055330124878,0.9974429583005507
0.04443680443093144,0.15961096597526045,0.9974429583005507
0.04445121013407625,0.15961598992760465,0.9974429583005507
0.04445849037471235,0.15962101419622904,0.9974429583005507
0.04451349724010067,0.15963106368243776,0.9974429583005507
0.0445514224424021,0.15963608890008185,0.9974429583005507
0.044573262532528635,0.15965116645153166,0.9974429583005507
0.04460952461088066,0.159661219734895,0.9974429583005507
0.0446721672866765,0.1596662468513854,0.9974429583005507
0.04467504569959472,0.1596813301004503,0.9974429583005507
0.044685544549345965,0.1596863584834362,0.9974429583005507
0.044693333976909805,0.15969138718312076,0.9974429583005507
0.044714325528127305,0.15969641619953392,0.9974429583005507
0.044714582533801145,0.15974169160497717,0.9974429583005507
0.044718815779786834,0.1597467237903226,0.9974429583005507
0.044722761064292745,0.16011493164093335,0.9974429583005507
0.04473961053987631,0.16011998736975055,0.9974429583005507
0.044751315318990646,0.1601250434178534,0.9974429583005507
0.0447615093234978,0.16013515647203713,0.9974429583005507
0.04476860088365633,0.1601402134781785,0.9974429583005507
0.04477856659659779,0.1601452708037265,0.9974429583005507
0.04478684600023231,0.16015032844871147,0.9974429583005507
0.044787566036331765,0.16015538641316363,0.9974429583005507
0.04479538346978002,0.1602211690363349,0.9974429583005507
0.04480771958245325,0.16031741013562645,0.9974429583005507
0.04483608370028309,0.16085646312450436,0.9974429583005507
0.04484103275783436,0.1608666687815246,0.9974429583005507
0.04485856691813188,0.1608717720956792,0.9974429583005507
0.044869072872132175,0.1608768757336379,0.9974429583005507
0.04488339750709359,0.16088197969543147,0.9974429583005507
0.04489141124603726,0.1609330371310695,0.9974429583005507
0.04490225864305141,0.16093814465708212,0.9974429583005507
0.04490509937357454,0.1609790165391575,0.9974429583005507
0.044916628415781264,0.16098412698412698,0.9974429583005507
0.04492197689395707,0.16099434884754588,0.9974429583005507
0.044924161433520036,0.16100457200914403,0.9974429583005507
0.04497182200507807,0.1610096840768376,0.9974429583005507
0.04497251014313355,0.16105570729848187,0.9974429583005507
0.04497925129832808,0.1614299812179671,0.9974429583005507
0.04504880069689183,0.16143512033617727,0.9974429583005507
0.04509747356539824,0.16144539955428208,0.9974429583005507
0.045114276530614714,0.16145053965423922,0.9974429583005507
0.04513955858932733,0.1614556800815079,0.9974429583005507
0.04514793060315581,0.16147110332749562,0.9974429583005507
0.04515365078863832,0.161476245064323,0.9974429583005507
0.0451797116656027,0.1614813871286183,0.9974429583005507
0.04518061261730548,0.1614865295204127,0.9974429583005507
0.04518949205011309,0.16153282578918868,0.9974429583005507
0.045202215962965066,0.16154311745404734,0.9974429583005507
0.045209898613841254,0.16154826377827333,0.9974429583005507
0.04521642641302895,0.16155341043040555,0.9974429583005507
0.04523562863506505,0.16155855741047534,0.9974429583005507
0.045238201156672236,0.16156370471851403,0.9974429583005507
0.04523941698605067,0.16156885235455298,0.9974429583005507
0.045289081610473715,0.1615894461793385,0.9974429583005507
0.045291024664766616,0.1615945954558491,0.9974429583005507
0.04534603447610385,0.1615997450605481,0.9974429583005507
0.045366687666877625,0.161610045254637,0.9974429583005507
0.04537227424790027,0.16161519584408962,0.9974429583005507
0.045386876058474176,0.1616203467618562,0.9974429583005507
0.045454700192193546,0.16162549800796813,0.9974429583005507
0.04546341018052506,0.16163064958245682,0.9974429583005507
0.04548496540480914,0.16166156592705944,0.9974429583005507
0.04549315315011669,0.1616667198010648,0.9974429583005507
0.04551198429165657,0.16167187400369828,0.9974429583005507
0.04551344042936012,0.1616873385836814,0.9974429583005507
0.04553801022342598,0.1616924941011415,0.9974429583005507
0.045545499596689916,0.1616976499473869,0.9974429583005507
0.04556048516582371,0.16170280612244897,0.9974429583005507
0.045591917856946815,0.16170796262635925,0.9974429583005507
0.045602926439906835,0.16171311945914918,0.9974429583005507
0.04561263649130662,0.1617182766208502,0.9974429583005507
0.04568885441165585,0.1617543859649123,0.9974429583005507
0.04569767117474286,0.16180599872367582,0.9974429583005507
0.04570334257629641,0.1618111618111618,0.9974429583005507
0.04571375667611555,0.16182148897469445,0.9974429583005507
0.045718147391240756,0.1622408497568467,0.9974429583005507
0.045736959472196054,0.16243313366859924,0.9974429583005507
0.04574522745497152,0.1624383368569415,0.9974429583005507
0.045768345691951075,0.16244354037863984,0.9974429583005507
0.045807490101993406,0.16259458766192125,0.9974429583005507
0.0458404106336031,0.16267804439881944,0.9974429583005507
0.04585743672861276,0.16274591610770564,0.9974429583005507
0.045860241127529,0.16275113935425894,0.9974429583005507
0.04586654969765493,0.1627615868532546,0.9974429583005507
0.045883256212517855,0.16288706154439161,0.9974429583005507
0.04588717786447075,0.163012729844413,0.9974429583005507
0.04588720610873412,0.16308612594069596,0.9974429583005507
0.04589065560458307,0.1630913710481459,0.9974429583005507
0.04592776569394525,0.16315958815958817,0.9974429583005507
0.0459647289682352,0.16316483799350043,0.9974429583005507
0.045981892066845206,0.16318058952246106,0.9974429583005507
0.04601023044685532,0.1631858407079646,0.9974429583005507
0.046044677067527705,0.1631910922314475,0.9974429583005507
0.04606744187035646,0.163201596292482,0.9974429583005507
0.046079842478956405,0.1632068488300988,0.9974429583005507
0.046081554645487466,0.16321210170582556,0.9974429583005507
0.04616884961084877,0.16321735491969488,0.9974429583005507
0.04625005757686749,0.16322786236199183,0.9974429583005507
0.046256587378022726,0.16331197062896524,0.9974429583005507
0.04627336872912903,0.1633382722411905,0.9974429583005507
0.04628100726028591,0.16340143068892182,0.9974429583005507
0.04634619898680089,0.16341196184583656,0.9974429583005507
0.04637338618523758,0.16341722793335697,0.9974429583005507
0.046392031998130225,0.1634224943602965,0.9974429583005507
0.04640173666421096,0.16342776112668794,0.9974429583005507
0.046409433344939334,0.16343302823256414,0.9974429583005507
0.04641660168687709,0.1634382956779579,0.9974429583005507
0.04642915579918276,0.1634435634629021,0.9974429583005507
0.046445865762081005,0.16345936885536538,0.9974429583005507
0.04644609012177223,0.16372852899393,0.9974429583005507
0.04644892007172907,0.1637338155048271,0.9974429583005507
0.04647513203573502,0.1637708306420359,0.9974429583005507
0.046501833175537785,0.1637814094696725,0.9974429583005507
0.04650856710514143,0.16378669939601434,0.9974429583005507
0.046512043862460814,0.16379198966408268,0.9974429583005507
0.04652455292366923,0.16379728027391066,0.9974429583005507
0.0465270888976391,0.16380786251897794,0.9974429583005507
0.04655139295420347,0.1638131541542835,0.9974429583005507
0.04659206821194282,0.16827609092417456,0.9974429583005507
0.04660682008227245,0.16828167518417733,0.9974429583005507
0.046622476715631495,0.16828725981482096,0.9974429583005507
0.04663239476464575,0.16829284481614232,0.9974429583005507
0.046650666278673446,0.16829843018817828,0.9974429583005507
0.04665183648144391,0.1683040159309658,0.9974429583005507
0.04670304397139571,0.16830960204454182,0.9974429583005507
0.046717168720492155,0.16831518852894317,0.9974429583005507
0.04674655462634421,0.16832077538420687,0.9974429583005507
0.04680526320149662,0.16833195020746888,0.9974429583005507
0.04681659969156255,0.16834871522475267,0.9974429583005507
0.046825379910508357,0.16835989375830013,0.9974429583005507
0.04683834348035807,0.1684269961472034,0.9974429583005507
0.0468958450098074,0.16843259042747533,0.9974429583005507
0.04692948726232534,0.16867910720819612,0.9974429583005507
0.04693918517530592,0.16873523441919275,0.9974429583005507
0.047024239538587816,0.16874084919472915,0.9974429583005507
0.04702527301063311,0.1687633120340788,0.9974429583005507
0.04703732986687213,0.16876892867840385,0.9974429583005507
0.04713439406741538,0.16877454569659855,0.9974429583005507
0.04718359772729213,0.16879701750882098,0.9974429583005507
0.047188236046775356,0.1688026363969242,0.9974429583005507
0.047190087537688385,0.16881387529544925,0.9974429583005507
0.047224852147536515,0.16884760097226384,0.9974429583005507
0.047245534355591215,0.16887009224416397,0.9974429583005507
0.047249374776073015,0.16887571599840148,0.9974429583005507
0.04725053745362122,0.16888134012721884,0.9974429583005507
0.04725149677467722,0.16888696463065345,0.9974429583005507
0.047262021587691314,0.16892071952031978,0.9974429583005507
0.047291121913313625,0.17219015280135824,0.9974429583005507
0.047294379559997206,0.17220769518117296,0.9974429583005507
0.04733574771202919,0.17221354343544115,0.9974429583005507
0.04736465049977035,0.17223109058180214,0.9974429583005507
0.047396737184749224,0.17223694042524285,0.9974429583005507
0.047408465357982446,0.17224279066607792,0.9974429583005507
0.047411767940300574,0.17224864130434783,0.9974429583005507
0.04743346986530883,0.17225449234009307,0.9974429583005507
0.04744810794456905,0.17226034377335417,0.9974429583005507
0.04744851209678521,0.17247712662834597,0.9974429583005507
0.04745317471260091,0.17248299319727892,0.9974429583005507
0.047460818286782766,0.17279449347463113,0.9974429583005507
0.047460969425519105,0.17280038165337694,0.9974429583005507
0.047494250790054024,0.17293002318919656,0.9974429583005507
0.047500582599996594,0.1729418184298479,0.9974429583005507
0.04750973744105379,0.172947716653593,0.9974429583005507
0.04751310673108615,0.1730598593952631,0.9974429583005507
0.04758397715086357,0.1730657656735265,0.9974429583005507
0.04758888431586126,0.1730716723549488,0.9974429583005507
0.04758909981322447,0.1730775794395713,0.9974429583005507
0.04761595767325058,0.173095303113053,0.9974429583005507
0.04762317890990812,0.17312485063671434,0.9974429583005507
0.04764011575330693,0.17313076135199726,0.9974429583005507
0.047645200961187954,0.1731366724708935,0.9974429583005507
0.04764794356332167,0.17314849591969134,0.9974429583005507
0.0477134585977149,0.17315440824967562,0.9974429583005507
0.047719613462851404,0.17707242125846778,0.9974429583005507
0.04774011737945917,0.1770786046024374,0.9974429583005507
0.047741935927858595,0.17709715722567576,0.9974429583005507
0.04777713427956181,0.17710952780106176,0.9974429583005507
0.04779921533250109,0.17711571373685864,0.9974429583005507
0.047815055018336716,0.17712808690488666,0.9974429583005507
0.04786997738464299,0.17713427413720834,0.9974429583005507
0.04787068528089226,0.17714046180179552,0.9974429583005507
0.0478760850364369,0.1771466498986935,0.9974429583005507
0.04788932611615242,0.1771528384279476,0.9974429583005507
0.0478897687143437,0.17718378756114606,0.9974429583005507
0.04789236718012568,0.1772023622322396,0.9974429583005507
0.04789575906942864,0.17720855465473861,0.9974429583005507
0.04796318454806901,0.17721474751004718,0.9974429583005507
0.04804108393402582,0.17722094079821066,0.9974429583005507
0.048068549970106796,0.17723332867328392,0.9974429583005507
0.04810628578648526,0.1772395232602845,0.9974429583005507
0.04813543095614632,0.17724571828032157,0.9974429583005507
0.048141426625221646,0.177270502691743,0.9974429583005507
0.04815087139441076,0.1773262929677938,0.9974429583005507
0.04816423867244394,0.17734489753095056,0.9974429583005507
0.04817565267968914,0.17735109991956075,0.9974429583005507
0.04823956080771502,0.177375913813005,0.9974429583005507
0.04824270747189596,0.17739452879031695,0.9974429583005507
0.04824427491505263,0.17740073465104075,0.9974429583005507
0.04825432375117577,0.17754980567907286,0.9974429583005507
0.04825480970800305,0.1776119925746909,0.9974429583005507
0.048274528722607304,0.1776182136602452,0.9974429583005507
0.04829826873951653,0.17763065713885387,0.9974429583005507
0.0483175757608457,0.17763687953199986,0.9974429583005507
0.04834235453754971,0.17764310236110137,0.9974429583005507
0.04837722450187852,0.17768044849334266,0.9974429583005507
0.04838778078498953,0.17769912744857552,0.9974429583005507
0.048398992945644786,0.1777053546397533,0.9974429583005507
0.04845207091953646,0.1777178103315343,0.9974429583005507
0.04849282664634322,0.17773026776952194,0.9974429583005507
0.048496524201824785,0.177736497143458,0.9974429583005507
0.04852652649925181,0.1777427269540834,0.9974429583005507
0.048576288202281895,0.17774895720144415,0.9974429583005507
0.04858049351651931,0.17775518788558609,0.9974429583005507
0.048593152031799355,0.1777614190065552,0.9974429583005507
0.04861581859258774,0.17782375425184976,0.9974429583005507
0.04866715090009328,0.17783622654743117,0.9974429583005507
0.04867794740068192,0.1778424633513362,0.9974429583005507
0.04870204018926837,0.17822373739148772,0.9974429583005507
0.04875360640473198,0.17823000140587655,0.9974429583005507
0.04880164597789777,0.17832401448816682,0.9974429583005507
0.04882370893683654,0.17833655705996132,0.9974429583005507
0.048854887186680365,0.17841184955845618,0.9974429583005507
0.04888132662815525,0.17842440448963795,0.9974429583005507
0.04893281810360125,0.17843696118793764,0.9974429583005507
0.04899840615504002,0.17844324019987332,0.9974429583005507
0.048999821429223926,0.17865069579002996,0.9974429583005507
0.049009146910310386,0.17865698985343856,0.9974429583005507
0.049013574374408946,0.1786695793108308,0.9974429583005507
0.04901863390630092,0.1787955715393837,0.9974429583005507
0.04902633021550146,0.17880187581538026,0.9974429583005507
0.049033371132503764,0.17889018238261545,0.9974429583005507
0.04905005388230918,0.17889649333239258,0.9974429583005507
0.04905588957286293,0.17890911656788033,0.9974429583005507
0.04908563726525222,0.1791176574476352,0.9974429583005507
0.04916385760540037,0.17912398445778877,0.9974429583005507
0.04918994449557924,0.17913031191493872,0.9974429583005507
0.04919615395943582,0.17928864375618725,0.9974429583005507
0.04924721352980594,0.17929498285188983,0.9974429583005507
0.04924841195710799,0.17930132239587016,0.9974429583005507
0.04925217740458551,0.1793076623881758,0.9974429583005507
0.04929203041548445,0.17931400282885432,0.9974429583005507
0.04932797354533986,0.17932034371795325,0.9974429583005507
0.04936524598482638,0.17932668505552019,0.9974429583005507
0.049374682224119885,0.1793710869795904,0.9974429583005507
0.04937857687799803,0.1793774319066148,0.9974429583005507
0.04938569297013186,0.1793901231074006,0.9974429583005507
0.04939271796958712,0.17940916327613657,0.9974429583005507
0.04940467262391858,0.17947265970624668,0.9974429583005507
0.04941810520030386,0.17947901182133502,0.9974429583005507
0.04943229682375371,0.1795107791426245,0.9974429583005507
0.0495020103689614,0.1795171339563863,0.9974429583005507
0.049514226860752915,0.1795616302538862,0.9974429583005507
0.04954617280703655,0.17956798866855525,0.9974429583005507
0.04960699778367436,0.17959978749778643,0.9974429583005507
0.0496156658349461,0.17962523467110622,0.9974429583005507
0.04965925347402499,0.179835449322647,0.9974429583005507
0.04966138398497394,0.1798482054192084,0.9974429583005507
0.04969159724237949,0.17988010357915646,0.9974429583005507
0.04973527710132367,0.1798928660115648,0.9974429583005507
0.04973565176617743,0.17993116417698612,0.9974429583005507
0.04973758928504194,0.17997586598523566,0.9974429583005507
0.0497605461015508,0.17998225377107366,0.9974429583005507
0.04977332343323139,0.17998864201036416,0.9974429583005507
0.0497798589170274,0.1799950307031555,0.9974429583005507
0.049795385903493986,0.18000141984949594,0.9974429583005507
0.04982495834693751,0.18000780944943381,0.9974429583005507
0.049828440217618654,0.18007173040730087,0.9974429583005507
0.04984580801074028,0.180078125,0.9974429583005507
0.04987452882653004,0.18016769700845592,0.9974429583005507
0.04991510294948665,0.18019330537985928,0.9974429583005507
0.049961672895787464,0.18020611229566452,0.9974429583005507
0.050029113724615215,0.18021251643626285,0.9974429583005507
0.05006286715108013,0.18026376595215243,0.9974429583005507
0.05009852405402411,0.18028940164254986,0.9974429583005507
0.05009858460664292,0.18029581170447273,0.9974429583005507
0.050104791036913066,0.18032786885245902,0.9974429583005507
0.05011805677499572,0.18038560045532157,0.9974429583005507
0.050136461904864496,0.18039843472073994,0.9974429583005507
0.0501545249630549,0.1804048525383329,0.9974429583005507
0.050171213246949294,0.18041127081258004,0.9974429583005507
0.05021027340341521,0.18042410873123177,0.9974429583005507
0.050229093448687964,0.18043052837573387,0.9974429583005507
0.05024553959562332,0.1804433690353343,0.9974429583005507
0.05027195995490494,0.18044979005053022,0.9974429583005507
0.05028414522638135,0.1804626334519573,0.9974429583005507
0.050332450107055456,0.1805590172690048,0.9974429583005507
0.05039169211642471,0.18059759962961644,0.9974429583005507
0.050452786693109174,0.1806040316261842,0.9974429583005507
0.050455938110354065,0.18061689699387376,0.9974429583005507
0.050479245158259134,0.18064906843361475,0.9974429583005507
0.050516668434173094,0.18092621664050235,0.9974429583005507
0.050528457596085645,0.18093912795261544,0.9974429583005507
0.05054460283343717,0.18094558429973237,0.9974429583005507
0.050588906615535764,0.18106187738779592,0.9974429583005507
0.05063278254742897,0.1810748080699875,0.9974429583005507
0.050643903052403974,0.1810877405992215,0.9974429583005507
0.05066071550862597,0.1810942075566031,0.9974429583005507
0.05067517743667146,0.181191267374138,0.9974429583005507
0.05069883681018258,0.18123012043886924,0.9974429583005507
0.05070106256875648,0.18124955322038744,0.9974429583005507
0.05073781291236905,0.18125603174035815,0.9974429583005507
0.05074296132480339,0.18126251072347727,0.9974429583005507
0.05075057955745242,0.18126899016979445,0.9974429583005507
0.05075147356282057,0.1812754700793594,0.9974429583005507
0.05081373260271965,0.18129491258803762,0.9974429583005507
0.05081640904574795,0.18130139435109047,0.9974429583005507
0.05084166666297565,0.18130787657763953,0.9974429583005507
0.050850981627121365,0.18132084242142524,0.9974429583005507
0.050867271433186596,0.18132732603876137,0.9974429583005507
0.05092497512391662,0.1813338101197926,0.9974429583005507
0.050927374792796146,0.1813532651455547,0.9974429583005507
0.050935667560566424,0.18135975108186403,0.9974429583005507
0.050972564089986,0.18137921167465484,0.9974429583005507
0.050994906180746716,0.1813921877235656,0.9974429583005507
0.051028143970525394,0.1814116552785032,0.9974429583005507
0.05102883817960183,0.18141814539210074,0.9974429583005507
0.051043951490762546,0.1814246359700905,0.9974429583005507
0.05110742141267632,0.18145709582766764,0.9974429583005507
0.05119621156083779,0.1814635891930578,0.9974429583005507
0.05122065658947565,0.18151555285105775,0.9974429583005507
0.0512275678368201,0.18152205040091637,0.9974429583005507
0.051242779947320814,0.18157404755084502,0.9974429583005507
0.051253914228962846,0.18158054928921832,0.9974429583005507
0.05126096078387139,0.18158705149323212,0.9974429583005507
0.05131343936413963,0.18159355416293643,0.9974429583005507
0.051325670897973096,0.18167813126970478,0.9974429583005507
0.05134193374109459,0.18171068190776507,0.9974429583005507
0.05135566099087959,0.181788851048575,0.9974429583005507
0.051367198342773444,0.18179536817953681,0.9974429583005507
0.05140848919499174,0.18180188577779371,0.9974429583005507
0.051411936722751544,0.18181492237639382,0.9974429583005507
0.05141198981698686,0.1818279608447775,0.9974429583005507
0.05143841348957412,0.1818997058612526,0.9974429583005507
0.051446877625763957,0.18190623094307135,0.9974429583005507
0.05145075765990725,0.18191275649304062,0.9974429583005507
0.051452623664130226,0.1819258089976322,0.9974429583005507
0.05147936805992087,0.18193233595235533,0.9974429583005507
0.051490577802118236,0.18194539126690826,0.9974429583005507
0.05152054926037281,0.1819519196268389,0.9974429583005507
0.05156804903334305,0.18199109962675855,0.9974429583005507
0.05157051076564879,0.18200416337664202,0.9974429583005507
0.0515828274593482,0.182049901274457,0.9974429583005507
0.0516194376628081,0.18205643713649744,0.9974429583005507
0.05165126759372301,0.18206297346784905,0.9974429583005507
0.051698855201621416,0.18207604753868803,0.9974429583005507
0.05174148592342861,0.18210874093227034,0.9974429583005507
0.05174398931448292,0.18211528101993177,0.9974429583005507
0.05182539583370277,0.18212182157735957,0.9974429583005507
0.05190818223150885,0.18212836260460438,0.9974429583005507
0.0519100960852409,0.18213490410171684,0.9974429583005507
0.05195744964033949,0.1822199863451795,0.9974429583005507
0.051994384306218,0.18222653442575823,0.9974429583005507
0.051999618427726185,0.18228548833531039,0.9974429583005507
0.052015488140913405,0.1822920411244518,0.9974429583005507
0.05204273072674571,0.18229859438472876,0.9974429583005507
0.05205920756081648,0.18233792384308367,0.9974429583005507
0.05207209995460064,0.18234448040273282,0.9974429583005507
0.05209868574079305,0.18240351066508398,0.9974429583005507
0.05211499726155734,0.18241663369185943,0.9974429583005507
0.052123162076612536,0.18244288541104514,0.9974429583005507
0.052187324506643124,0.18252168592304646,0.9974429583005507
0.052194646321979926,0.1825282557051328,0.9974429583005507
0.052205987892407185,0.18261370593107423,0.9974429583005507
0.052211959780163325,0.18262028233938346,0.9974429583005507
0.052233908034747215,0.1827255693283367,0.9974429583005507
0.05225409761341795,0.18279802458454994,0.9974429583005507
0.05225907794916143,0.18280461427541456,0.9974429583005507
0.05227147336328093,0.18281779508255822,0.9974429583005507
0.052276703733612276,0.1828441623999423,0.9974429583005507
0.052283186899662056,0.18285075541773338,0.9974429583005507
0.0522941289864696,0.18290351668169522,0.9974429583005507
0.052301452686572776,0.18291011398066656,0.9974429583005507
0.05231272738503559,0.182916711755582,0.9974429583005507
0.05232019567797894,0.18292331000649303,0.9974429583005507
0.05232683742329413,0.18292990873345116,0.9974429583005507
0.05234011705173042,0.18293650793650792,0.9974429583005507
0.05234641488503978,0.18296951109507487,0.9974429583005507
0.05235668283873861,0.18297611315580573,0.9974429583005507
0.052389299195788,0.1832141050653949,0.9974429583005507
0.05239409804417117,0.18322734499205087,0.9974429583005507
0.052394992572544985,0.18328032383981493,0.9974429583005507
0.05243434939867897,0.1832935733391166,0.9974429583005507
0.0524593682720839,0.18330019880715706,0.9974429583005507
0.05247824280098713,0.1833200780854602,0.9974429583005507
0.05248491263643055,0.18332670546979501,0.9974429583005507
0.05254886025593166,0.18334659049822835,0.9974429583005507
0.05255147730335628,0.18335321979968905,0.9974429583005507
0.05255433040176525,0.18337311058074782,0.9974429583005507
0.05256784986406552,0.183393005677914,0.9974429583005507
0.052642835720768846,0.1833996383363472,0.9974429583005507
0.05267381024252966,0.18340627147455604,0.9974429583005507
0.052686332489476385,0.1834129050925926,0.9974429583005507
0.052716302068753294,0.1833604630132031,0.9970495672698663
0.052742443942366796,0.1834732879687274,0.9970495672698663
0.052779900217484355,0.18347992905491006,0.9970495672698663
0.05279152860136651,0.18349985519837822,0.9970495672698663
0.052922105212544895,0.18351314169864602,0.9970495672698663
0.05294329743316955,0.18351978567032332,0.9970495672698663
0.052973784901130465,0.18353972047215583,0.9970495672698663
0.05297562399073784,0.1835463663685411,0.9970495672698663
0.052992120265100334,0.18355301274623406,0.9970495672698663
0.053001979274244555,0.18355965960528697,0.9970495672698663
0.053011958355084925,0.1835862518561443,0.9970495672698663
0.05304646299784345,0.18359955087109275,0.9970495672698663
0.05308736489999986,0.18362615468212282,0.9970495672698663
0.05314405365076497,0.18363945947904214,0.9970495672698663
0.0531985290780016,0.1836461126005362,0.9970495672698663
0.05321925029186241,0.18365276620412305,0.9970495672698663
0.05323309664509687,0.18365942028985507,0.9970495672698663
0.05323996335242389,0.1836660748577847,0.9970495672698663
0.05324554079249577,0.18368604145528336,0.9970495672698663
0.053282520430340534,0.18374596730344003,0.9970495672698663
0.0533159723496689,0.18375262814471108,0.9970495672698663
0.053332730595101095,0.18375928946891426,0.9970495672698663
0.05335485217195956,0.18379260333575054,0.9970495672698663
0.05336261262334522,0.1838059322648488,0.9970495672698663
0.05338260512295231,0.18385259874505822,0.9970495672698663
0.0533849595938729,0.18392597968069666,0.9970495672698663
0.05339038434757701,0.18395267818260996,0.9970495672698663
0.053436633376569564,0.18399274047186934,0.9970495672698663
0.05343721844447379,0.1840060984463482,0.9970495672698663
0.05350138853104056,0.18405286663519843,0.9970495672698663
0.05351221488370008,0.18405954974582425,0.9970495672698663
0.05351393059890264,0.1840929725803523,0.9970495672698663
0.05352721414764819,0.18413309600784628,0.9970495672698663
0.0535518701686329,0.18414647437061793,0.9970495672698663
0.0536584160365197,0.18415316428104336,0.9970495672698663
0.05366350986725424,0.18415985467756585,0.9970495672698663
0.05373552269588323,0.18417323692911383,0.9970495672698663
0.0537421196908412,0.18419331395348837,0.9970495672698663
0.05377614796266594,0.1842669671743793,0.9970495672698663
0.05377859768867846,0.18432057016108505,0.9970495672698663
0.05381793747307596,0.18432727272727273,0.9970495672698663
0.05382356783064207,0.1843339757809375,0.9970495672698663
0.05386921922572619,0.18434067932213252,0.9970495672698663
0.05388386723041114,0.184347383350911,0.9970495672698663
0.05389270515441297,0.18435408786732616,0.9970495672698663
0.053921389849599426,0.18436079287143117,0.9970495672698663
0.05395516916091961,0.18444129097987846,0.9970495672698663
0.05396963048025853,0.18444800232879702,0.9970495672698663
0.053970766810295244,0.18445471416615117,0.9970495672698663
0.05398308346161901,0.18446142649199418,0.9970495672698663
0.05399686789916804,0.18446813930637943,0.9970495672698663
0.05404767724236443,0.18447485260936022,0.9970495672698663
0.05408328850535166,0.18448156640098992,0.9970495672698663
0.05412978272469329,0.18456217003458947,0.9970495672698663
0.05413133670196241,0.18456889018351297,0.9970495672698663
0.05416666624217543,0.18457561082183302,0.9970495672698663
0.05418354460723231,0.18466302367941712,0.9970495672698663
0.05419754785503026,0.1846697511749062,0.9970495672698663
0.054220699893699806,0.18467647916059457,0.9970495672698663
0.05423802277258141,0.18472358879049597,0.9970495672698663
0.05432405012905003,0.18492575973149467,0.9970495672698663
0.05433337828762517,0.18493250638453118,0.9970495672698663
0.054361794045219264,0.1850405198218588,0.9970495672698663
0.054382328161736916,0.1850675428988682,0.9970495672698663
0.0543955253764021,0.18508105739740033,0.9970495672698663
0.05439819339869679,0.1850878153868624,0.9970495672698663
0.05439894109728702,0.18511485228061206,0.9970495672698663
0.054405171353251756,0.18512161273829522,0.9970495672698663
0.05442082790088791,0.18513513513513513,0.9970495672698663
0.054431804580813294,0.1851418970744001,0.9970495672698663
0.054484185843928216,0.18514865950763387,0.9970495672698663
0.054530242909353537,0.1851554224348906,0.9970495672698663
0.0545308369263151,0.1851689497716895,0.9970495672698663
0.0545376548257168,0.18518247908522997,0.9970495672698663
0.05455763038962237,0.1851892444834137,0.9970495672698663
0.054608137657266916,0.18520277676287905,0.9970495672698663
0.05461352210811961,0.18526369650232083,0.9970495672698663
0.05462247463378526,0.1852704678362573,0.9970495672698663
0.05465188815739929,0.18527723966519244,0.9970495672698663
0.05466387554571911,0.18528401198918049,0.9970495672698663
0.054671085375232464,0.18529078480827577,0.9970495672698663
0.05469096272151422,0.18529755812253254,0.9970495672698663
0.05470652149665478,0.18530433193200513,0.9970495672698663
0.05471242761749124,0.18531110623674782,0.9970495672698663
0.054732564341642,0.18531788103681499,0.9970495672698663
0.05477610051724662,0.1853246563322609,0.9970495672698663
0.054815571726983675,0.18534498519141468,0.9970495672698663
0.05481771073242414,0.18535176246891913,0.9970495672698663
0.05484698881602258,0.18537887653598595,0.9970495672698663
0.05484763458137255,0.1854127802772596,0.9970495672698663
0.05485581417276838,0.18541956251371716,0.9970495672698663
0.05490282231562926,0.1854263452463694,0.9970495672698663
0.05495321314196844,0.18544669642203848,0.9970495672698663
0.05495473410668715,0.1854534811400139,0.9970495672698663
0.054957152525820285,0.1854602663544563,0.9970495672698663
0.05496898613384276,0.18549419987558094,0.9970495672698663
0.05497145917034425,0.18550098806996998,0.9970495672698663
0.054989841172186985,0.18552135563444716,0.9970495672698663
0.054989923659642996,0.1858682898210619,0.9970495672698663
0.055026953284742955,0.18587510542334348,0.9970495672698663
0.05506044115303589,0.18588192152548588,0.9970495672698663
0.05506772788303857,0.18588873812754408,0.9970495672698663
0.055112673046753484,0.18590237283162797,0.9970495672698663
0.055113191759614905,0.18586992406734895,0.9966561762391818
0.055120633274925515,0.1858835613925676,0.9966561762391818
0.05515717681449463,0.18592448537775658,0.9966561762391818
0.05516740503437677,0.1859381307107996,0.9966561762391818
0.05521800450230634,0.18594495412844037,0.9966561762391818
0.05522775867142101,0.18595860246623605,0.9966561762391818
0.05526403714968705,0.18596542738650126,0.9966561762391818
0.05526451042236037,0.1859722528077516,0.9966561762391818
0.05526992882652051,0.1859790787300422,0.9966561762391818
0.05527478369583163,0.18598590515342828,0.9966561762391818
0.05527673673883696,0.185992732077965,0.9966561762391818
0.055292707455104805,0.1859995595037075,0.9966561762391818
0.055305922648032746,0.18600638743071107,0.9966561762391818
0.05533782795710177,0.18602687421983993,0.9966561762391818
0.05539051418070442,0.1860337041524397,0.9966561762391818
0.05542173019808766,0.1860405345865766,0.9966561762391818
0.055448115106597515,0.18604736552230586,0.9966561762391818
0.05545201175474815,0.18605419695968275,0.9966561762391818
0.05547928813301429,0.18606102889876253,0.9966561762391818
0.055575839703127204,0.18606786133960046,0.9966561762391818
0.0555790636200749,0.18635527767561605,0.9966561762391818
0.055622442726596985,0.18636213174445548,0.9966561762391818
0.05562902115087537,0.18636898631749302,0.9966561762391818
0.05565447330494868,0.1864512805416544,0.9966561762391818
0.05568545232285685,0.18695347378518984,0.9966561762391818
0.05571212530215,0.18696037192827097,0.9966561762391818
0.0557189930354539,0.1869672705804214,0.9966561762391818
0.05574687374878473,0.18700177147918512,0.9966561762391818
0.05580577214164805,0.18708462560921577,0.9966561762391818
0.05585687188074823,0.18709844176944096,0.9966561762391818
0.05588046900821709,0.1871053506148222,0.9966561762391818
0.05605655773145415,0.1871122599704579,0.9966561762391818
0.0560584002510163,0.1871191698364046,0.9966561762391818
0.056073653404639205,0.18712608021271881,0.9966561762391818
0.05608437232958822,0.18714681440443212,0.9966561762391818
0.0561173372633708,0.18720904455774773,0.9966561762391818
0.05613937798191407,0.187409845766912,0.9966561762391818
0.056156538156610855,0.1874167776298269,0.9966561762391818
0.056170801297121695,0.18766666666666668,0.9966561762391818
0.05621133547853052,0.18768056893103194,0.9966561762391818
0.056229939523126334,0.18772228808535862,0.9966561762391818
0.05628112726840934,0.18777794248443522,0.9966561762391818
0.05628997131156479,0.18779186124082722,0.9966561762391818
0.056315508435355856,0.18781970494476982,0.9966561762391818
0.05632954897276899,0.18782666716091484,0.9966561762391818
0.05633464998303709,0.18784059314179796,0.9966561762391818
0.056341542854102915,0.18785452118785453,0.9966561762391818
0.056348099351083925,0.18791025403300574,0.9966561762391818
0.05638855760869565,0.18797996661101837,0.9966561762391818
0.05641651128649132,0.1879869407138087,0.9966561762391818
0.056435194277177324,0.18800089047195012,0.9966561762391818
0.056480108065697227,0.18800786612741643,0.9966561762391818
0.056511756652351024,0.1880148423005566,0.9966561762391818
0.05651529098809721,0.18810557968593383,0.9966561762391818
0.056546954970103966,0.18811954705773157,0.9966561762391818
0.056553567210526214,0.188126531521497,0.9966561762391818
0.05656067130793179,0.18813351650391713,0.9966561762391818
0.056582937106715255,0.18814050200504975,0.9966561762391818
0.05660744799189846,0.18816146162130046,0.9966561762391818
0.05662264721076139,0.18816844919786097,0.9966561762391818
0.05662346724224916,0.18817543729342295,0.9966561762391818
0.05664820847612148,0.18825933494334016,0.9966561762391818
0.05666999814253988,0.18826632979118674,0.9966561762391818
0.05667519491360961,0.18830830979634308,0.9966561762391818
0.05668306656299705,0.18832230729205382,0.9966561762391818
0.0566847157188462,0.18833630686886707,0.9966561762391818
0.056700327979360726,0.1883433074378322,0.9966561762391818
0.05672965593583242,0.18841334176179675,0.9966561762391818
0.05673176079887026,0.1884203480589023,0.9966561762391818
0.0567416261623447,0.18842735487709641,0.9966561762391818
0.05676665317900163,0.18846940673237864,0.9966561762391818
0.05681491753410911,0.18858865564984367,0.9966561762391818
0.05681841030368252,0.1885956749916254,0.9966561762391818
0.056818562995618105,0.18860971524288106,0.9966561762391818
0.05683314916680731,0.18866589715902743,0.9966561762391818
0.05685171101945662,0.18870102785639803,0.9966561762391818
0.05685705872331828,0.1887361716392893,0.9966561762391818
0.05689762098278934,0.1888980017894423,0.9966561762391818
0.05692518498297787,0.18897549696042965,0.9966561762391818
0.056943374835515155,0.18900369278973478,0.9966561762391818
0.05696712953811673,0.1890107430617726,0.9966561762391818
0.05696874835694017,0.18907421918728312,0.9966561762391818
0.057009077933203034,0.18908127472199418,0.9966561762391818
0.057041514304515054,0.18908833078329665,0.9966561762391818
0.05704477074375622,0.18909538737124945,0.9966561762391818
0.05705661434489605,0.18910950212734196,0.9966561762391818
0.05706424691706853,0.1891165602955996,0.9966561762391818
0.0570932625246575,0.1892154300011203,0.9966561762391818
0.05714422493398385,0.1892224960788707,0.9966561762391818
0.05715806599490687,0.1892295626843933,0.9966561762391818
0.05720337773350784,0.18923662981774725,0.9966561762391818
0.05723317338283611,0.18925076566818555,0.9966561762391818
0.05724420944041737,0.18925783438538826,0.9966561762391818
0.057247744119383125,0.1892649036306589,0.9966561762391818
0.05725934018329147,0.18928611453547015,0.9966561762391818
0.05728317329090679,0.18933562514012406,0.9966561762391818
0.057284771817206585,0.1893427001980494,0.9966561762391818
0.05729131356665725,0.18939224041264857,0.9966561762391818
0.05729328353536416,0.1894063995215311,0.9966561762391818
0.057293717914707235,0.18941347986991142,0.9966561762391818
0.05730341602075783,0.18942056074766356,0.9966561762391818
0.05730654338164514,0.18945597307908021,0.9966561762391818
0.057306939956591134,0.1894630571343105,0.9966561762391818
0.057311900622926425,0.18949139865370232,0.9966561762391818
0.05736438804823429,0.18949848535846517,0.9966561762391818
0.05738091759883,0.18952683747896015,0.9966561762391818
0.057449694000249116,0.18953392683474227,0.9966561762391818
0.05747184368200085,0.18954101672090676,0.9966561762391818
0.05747323374250453,0.1895481071375131,0.9966561762391818
0.05753663148382497,0.18955519808462085,0.9966561762391818
0.05754119808383835,0.18956228956228957,0.9966561762391818
0.057594697486026115,0.18956938157057876,0.9966561762391818
0.05760837923474803,0.18968292591622057,0.9966561762391818
0.05761218707152614,0.1896900269541779,0.9966561762391818
0.057618166541136474,0.18969712852382914,0.9966561762391818
0.05763497067076889,0.189704230625234,0.9966561762391818
0.05765355632960861,0.1897113332584522,0.9966561762391818
0.05766935476266485,0.1897184364235435,0.9966561762391818
0.05768439627517417,0.18972554012056764,0.9966561762391818
0.05770572225304257,0.18973264434958437,0.9966561762391818
0.057723850834810284,0.18973974911065344,0.9966561762391818
0.05775477800298926,0.18987484074046315,0.9966561762391818
0.05776688294131745,0.18988195615514333,0.9966561762391818
0.05785154390013517,0.18988907210313297,0.9966561762391818
0.05785436827993415,0.18990330559928043,0.9966561762391818
0.05793704118646139,0.18991042314755818,0.9966561762391818
0.05793776121387808,0.18993177899392757,0.9966561762391818
0.057986969333551935,0.1899460188933873,0.9966561762391818
0.058006195146166145,0.1899531396438613,0.9966561762391818
0.058006827179371646,0.18996026092824472,0.9966561762391818
0.05802656845839124,0.1899673827465977,0.9966561762391818
0.058056409199543635,0.18998162798545237,0.9966561762391818
0.05806230131460643,0.18998875140607424,0.9966561762391818
0.0581095364312065,0.19001012487343907,0.9966561762391818
0.05814048717228337,0.19001725043126078,0.9966561762391818
0.058157662201275884,0.19004575800765133,0.9966561762391818
0.05817143335966222,0.19006714430398738,0.9966561762391818
0.05818060841816057,0.1901313320825516,0.9966561762391818
0.05818323337535501,0.19018128589122846,0.9966561762391818
0.058218041372535986,0.1901955632296085,0.9966561762391818
0.0582298881921017,0.19023126595584922,0.9966561762391818
0.05823675573449659,0.1902384081096302,0.9966561762391818
0.05825622260017943,0.19024555079972966,0.9966561762391818
0.05830665411546399,0.1903241558051309,0.9966561762391818
0.058322534617324624,0.19034560480841473,0.9966561762391818
0.05834271299556204,0.1903527555505466,0.9966561762391818
0.058372952441150185,0.19035990682996468,0.9966561762391818
0.05842559144679767,0.19036705864672954,0.9966561762391818
0.05847439514789468,0.1903813638925418,0.9966561762391818
0.058531787563996254,0.1903885173217104,0.9966561762391818
0.05855565873120942,0.19047440042102098,0.9966561762391818
0.058566329272433625,0.1904815608435773,0.9966561762391818
0.05861861158945132,0.1904887218045113,0.9966561762391818
0.0586194237336254,0.19083308225369086,0.9966561762391818
0.05862276949037733,0.19084026966969228,0.9966561762391818
0.058641287869905384,0.19084745762711863,0.9966561762391818
0.058649676594353904,0.1909481459149834,0.9966561762391818
0.05874755032918929,0.19096253862968268,0.9966561762391818
0.05874764917309164,0.190969735800701,0.9966561762391818
0.058782349738842485,0.19100572979493366,0.9966561762391818
0.058809021038912224,0.1910129302220379,0.9966561762391818
0.05881789872445696,0.1910345347609712,0.9966561762391818
0.0588486158916126,0.191193117500566,0.9966561762391818
0.058853141282273216,0.19120033206294101,0.9966561762391818
0.05886632560286602,0.1912075471698113,0.9966561762391818
0.05886667414235091,0.19121476282123853,0.9966561762391818
0.05888352318319717,0.19122919575801034,0.9966561762391818
0.05889656292626464,0.19123641304347827,0.9966561762391818
0.05889678728599414,0.19124363087374976,0.9966561762391818
0.05891211048658052,0.19133028735415172,0.9966561762391818
0.058980228421313216,0.19135196374622357,0.9966561762391818
0.05899010088762183,0.19135919030174856,0.9966561762391818
0.05900553799470661,0.1913808732436924,0.9966561762391818
0.059010213880018744,0.1913953312684143,0.9966561762391818
0.059115373247940466,0.19140256109998866,0.9966561762391818
0.059131542422969696,0.19140979147778786,0.9966561762391818
0.05925368098476053,0.19142425387230827,0.9966561762391818
0.05933556422218261,0.19143148588915335,0.9966561762391818
0.05934625454541538,0.1914387184524709,0.9966561762391818
0.05937416254948068,0.19145318521877125,0.9966561762391818
0.059377864021145636,0.19146041942187794,0.9966561762391818
0.05941714983895484,0.19146765417170497,0.9966561762391818
0.05947478639647088,0.19147488946831426,0.9966561762391818
0.05948355510443229,0.19148936170212766,0.9966561762391818
0.05948766594509555,0.19149659863945578,0.9966561762391818
0.059515307691709395,0.1916559497692715,0.9966561762391818
0.05955740433259772,0.19166319930400574,0.9966561762391818
0.059620861218098946,0.19167044938719927,0.9966561762391818
0.05973080158491059,0.19167770001891432,0.9966561762391818
0.05974312517014427,0.19168495119921314,0.9966561762391818
0.0598359666217996,0.19169220292815797,0.9966561762391818
0.059948400732011374,0.1917429803980928,0.9966561762391818
0.059980321958283664,0.19175023651844844,0.9966561762391818
0.060038234593469075,0.19176475040684252,0.9966561762391818
0.06005390664299206,0.19178652535957608,0.9966561762391818
0.06005529187170121,0.19179378477610812,0.9966561762391818
0.06008339758764738,0.19185187989852712,0.9966561762391818
0.06008825764240781,0.19185914426353654,0.9966561762391818
0.060088614739830494,0.19188094065967357,0.9966561762391818
0.0601220005024882,0.1919463595726949,0.9966561762391818
0.06013573187241198,0.19196090316714653,0.9966561762391818
0.060155672703860096,0.1919972717972036,0.9966561762391818
0.060194467524990955,0.19201909959072305,0.9966561762391818
0.06030219426851247,0.19204093234792496,0.9966561762391818
0.06031742243098296,0.19208461276015013,0.9966561762391818
0.0603201574806415,0.19216474514563106,0.9966561762391818
0.06032628590169309,0.19217203322334736,0.9966561762391818
0.060348624254804265,0.19217932185390274,0.9966561762391818
0.060455230060251906,0.19218661103736015,0.9966561762391818
0.06046960013986358,0.19219390077378243,0.9966561762391818
0.060493746761816854,0.19220119106323255,0.9966561762391818
0.06049881317104127,0.19220848190577347,0.9966561762391818
0.060535460467717433,0.19221577330146808,0.9966561762391818
0.06056208377202141,0.1922522385794506,0.9966561762391818
0.060655446852396745,0.19225953329538986,0.9966561762391818
0.06068497017014937,0.19226682856492372,0.9966561762391818
0.060726582110962816,0.1922741243881152,0.9966561762391818
0.06073211125527018,0.19228142076502733,0.9966561762391818
0.06075607322548153,0.19231061181114317,0.9966561762391818
0.06076055731976704,0.19231791095760428,0.9966561762391818
0.060776858679873334,0.19232521065816444,0.9966561762391818
0.060793528270201014,0.19234711308507005,0.9966561762391818
0.06083405026970161,0.19236171747465927,0.9966561762391818
0.06083538469649209,0.19236902050113897,0.9966561762391818
0.06084095987016917,0.19237632408215954,0.9966561762391818
0.060842909633428276,0.19238362821778418,0.9966561762391818
0.06084349928774211,0.1923909329080761,0.9966561762391818
0.060922576623737235,0.19239823815309842,0.9966561762391818
0.060954326633734415,0.19240554395291437,0.9966561762391818
0.06095917668938626,0.19241285030758715,0.9966561762391818
0.06102296792627127,0.19242015721717998,0.9966561762391818
0.06108050440027633,0.19242746468175603,0.9966561762391818
0.061081459262288224,0.1924347727013786,0.9966561762391818
0.06108717719799608,0.1924420812761109,0.9966561762391818
0.061196922904465816,0.1924493904060162,0.9966561762391818
0.06127369683511,0.1924567000911577,0.9966561762391818
0.06127647199046949,0.19246401033159874,0.9966561762391818
0.06128315315323155,0.19247132112740256,0.9966561762391818
0.06140078816097448,0.19254445964432285,0.9966561762391818
0.06146280005929828,0.1925517765532966,0.9966561762391818
0.06150446347908179,0.19257373061720887,0.9966561762391818
0.06152598915462981,0.19258836944127708,0.9966561762391818
0.0615345271894676,0.19260301049110537,0.9966561762391818
0.06160040670159008,0.19261033185083817,0.9966561762391818
0.06160667499828069,0.19261765376720139,0.9966561762391818
0.06161841357285038,0.19266159695817492,0.9966561762391818
0.0616226729344149,0.19272021907804657,0.9966561762391818
0.061636787480477385,0.19273488018257892,0.9966561762391818
0.06166520063228681,0.19274221157137966,0.9966561762391818
0.061734137466355345,0.19274954351795495,0.9966561762391818
0.061743839020107535,0.19275687602236846,0.9966561762391818
0.061749964504817255,0.19276420908468386,0.9966561762391818
0.06175869546273289,0.1928155561474942,0.9966561762391818
0.06180493289206886,0.19283023176161662,0.9966561762391818
0.06183721049074691,0.1928669305724726,0.9966561762391818
0.0618826115216853,0.19287427201096266,0.9966561762391818
0.06189800719970409,0.19288895656477217,0.9966561762391818
0.061922769043432496,0.19290364335477977,0.9966561762391818
0.06192354241524877,0.19298446069469835,0.9966561762391818
0.06203790094337316,0.1929918110836031,0.9966561762391818
0.06205266325202138,0.1929991620324522,0.9966561762391818
0.062080448083843075,0.19300651354130957,0.9966561762391818
0.062094431443134736,0.19301386561023923,0.9966561762391818
0.062111895787019464,0.19302857142857144,0.9966561762391818
0.06211870699049185,0.19303592517810203,0.9966561762391818
0.062122332063280265,0.19305063435821238,0.9966561762391818
0.06212256890470406,0.19308005944442327,0.9966561762391818
0.06212257001744508,0.19308741711759775,0.9966561762391818
0.06216179170586951,0.1930947753515491,0.9966561762391818
0.06217432678238332,0.19310213414634148,0.9966561762391818
0.06219648422293315,0.19310949350203896,0.9966561762391818
0.062269458475619946,0.1931168534187057,0.9966561762391818
0.06227139777010489,0.19312421389640583,0.9966561762391818
0.06228225466749263,0.19313157493520353,0.9966561762391818
0.06230808613440891,0.1931757529546321,0.9966561762391818
0.06233314316532618,0.19297977871041588,0.9948859166011015
0.06234068754346195,0.19319353729804056,0.9948859166011015
0.062356540812454266,0.1932525885454476,0.9948859166011015
0.06236987588401178,0.19325997248968363,0.9948859166011015
0.06238462142367046,0.19327474207107376,0.9948859166011015
0.06238937116079712,0.1932821277083572,0.9948859166011015
0.062454583718559324,0.19333384297836556,0.9948859166011015
0.062491312829248545,0.1933103975535168,0.9946892210857592
0.06253431491064718,0.19331778737719332,0.9946892210857592
0.06253777858092366,0.19332517776588423,0.9946892210857592
0.06259818261875903,0.1933399602385686,0.9946892210857592
0.06260042812553686,0.1933547449720884,0.9946892210857592
0.06260104629506417,0.19336953196696238,0.9946892210857592
0.06260447313881828,0.1934583014537108,0.9946892210857592
0.06268708794323724,0.19346570258999962,0.9946892210857592
0.06273522677640905,0.1934731042926008,0.9946892210857592
0.06275603483689753,0.19348050656157936,0.9946892210857592
0.06281578879233705,0.1934879093970003,0.9946892210857592
0.06282487151794622,0.19349531279892865,0.9946892210857592
0.0629341274560492,0.19351012130256764,0.9946892210857592
0.06295188015932868,0.1935175264044084,0.9946892210857592
0.06295337901537314,0.19352493207301671,0.9946892210857592
0.06302523841031162,0.1935323383084577,0.9946892210857592
0.06306467919501689,0.1935693779904306,0.9946892210857592
0.06311056423958333,0.19357678762823458,0.9946892210857592
0.06312145229549831,0.19358419783332695,0.9946892210857592
0.06312878932344848,0.1935916086057729,0.9946892210857592
0.06315759411612691,0.1936064318529862,0.9946892210857592
0.06320402240697966,0.19361384432788392,0.9946892210857592
0.06327243614307351,0.19373252116614947,0.9946892210857592
0.06330612285141497,0.19373994329936403,0.9946892210857592
0.06338681648332821,0.19374736600130263,0.9946892210857592
0.06339021555351004,0.19386620663216408,0.9946892210857592
0.06344051065329605,0.19403729567953343,0.9946892210857592
0.0634938427754636,0.19405963390767106,0.9946892210857592
0.0635019500396933,0.19406708112671733,0.9946892210857592
0.06355681455405868,0.19409687571965917,0.9946892210857592
0.06358212159419856,0.19410432579741296,0.9946892210857592
0.06362678654669061,0.19411177644710578,0.9946892210857592
0.06362983393332618,0.19424598601828377,0.9946892210857592
0.06367482092232665,0.19426090964966194,0.9946892210857592
0.06368033629851569,0.19431316042267052,0.9946892210857592
0.06373286140719844,0.19432809437805018,0.9946892210857592
0.06373417414275857,0.19434303062910727,0.9946892210857592
0.06374801461336994,0.19435049961568024,0.9946892210857592
0.06378604656428132,0.19443269637433197,0.9946892210857592
0.06381246870649257,0.19444017225469087,0.9946892210857592
0.0638147825513895,0.1944476487099627,0.9946892210857592
0.0638203940619566,0.19447756028150598,0.9946892210857592
0.0638469934681986,0.19450748105696372,0.9946892210857592
0.06386851305785068,0.19465722314176837,0.9946892210857592
0.06387299667226234,0.19467221003195134,0.9946892210857592
0.06388832470730549,0.19467970434246998,0.9946892210857592
0.06398820464391097,0.19470219073653408,0.9946892210857592
0.06399344950372016,0.1947171845520003,0.9946892210857592
0.06399700633368409,0.194732180676961,0.9946892210857592
0.06408256684059169,0.19473967960566851,0.9946892210857592
0.06409203896402244,0.19474717911194978,0.9946892210857592
0.06409301741514213,0.19475467919587153,0.9946892210857592
0.06413221939673715,0.1947696810969034,0.9946892210857592
0.06418750946122334,0.19477718291414706,0.9946892210857592
0.06420270714341461,0.19483721826237718,0.9946892210857592
0.06429278556426368,0.1948522328825184,0.9946892210857592
0.0643369396609633,0.19485974106041923,0.9946892210857592
0.06436045957454896,0.19529620761566385,0.9946892210857592
0.06441618913835116,0.1953339256054695,0.9946892210857592
0.06441955831825366,0.19534147095179233,0.9946892210857592
0.06451743434827428,0.19534901688106,0.9946892210857592
0.06454917113127531,0.19536411048870003,0.9946892210857592
0.06454956877679588,0.19537165816720753,0.9946892210857592
0.0645566135465207,0.1954018547140649,0.9946892210857592
0.06457021876864862,0.19543961352657005,0.9946892210857592
0.06461720093483574,0.19545472113786572,0.9946892210857592
0.06468312106427337,0.19546227581941866,0.9946892210857592
0.06470992498562479,0.19546983108499866,0.9946892210857592
0.06473168365537413,0.1955302942427406,0.9946892210857592
0.06473334374050072,0.1955454158771896,0.9946892210857592
0.06474643083026169,0.19555297757153906,0.9946892210857592
0.06481184470167041,0.19556053985072896,0.9946892210857592
0.0649152297504553,0.19557566616390146,0.9946892210857592
0.06491676605588818,0.1955983600216601,0.9946892210857592
0.06494569750520017,0.19560592581131783,0.9946892210857592
0.06497479521033235,0.1956134921862912,0.9946892210857592
0.06505567750515144,0.1956210591466481,0.9946892210857592
0.0650690471325589,0.19565133284327002,0.9946892210857592
0.06508987706958844,0.19568918814333255,0.9946892210857592
0.06512384444582515,0.19569676096126312,0.9946892210857592
0.065187837249712,0.19570433436532508,0.9946892210857592
0.06523867529336072,0.19578768051415077,0.9946892210857592
0.06525564098518259,0.19581800580832526,0.9946892210857592
0.06527763157706325,0.19582558859975216,0.9946892210857592
0.06530015610130847,0.1958331719784688,0.9946892210857592
0.06532331219955491,0.19591662792499612,0.9946892210857592
0.06537444494451664,0.19592421835651466,0.9946892210857592
0.06541828001270297,0.19593180937621077,0.9946892210857592
0.06545195867993371,0.19593940098415283,0.9946892210857592
0.06548242941762003,0.19595458596504825,0.9946892210857592
0.06557318762283779,0.1959697732997481,0.9946892210857592
0.06562324056832809,0.1966556484542096,0.9946892210857592
0.06564272553587586,0.19668624324219205,0.9946892210857592
0.06566995365945642,0.19669389342668223,0.9946892210857592
0.06571872485328867,0.1967015442063091,0.9946892210857592
0.0658248912171792,0.19659183752869314,0.9939024390243902
0.06583164498866119,0.1966147859922179,0.9939024390243902
0.06593038986962128,0.19663008794458714,0.9939024390243902
0.06593632604054281,0.19663773981398608,0.9939024390243902
0.06603941036398549,0.19669131957960295,0.9939024390243902
0.06603994410020167,0.19670663344752415,0.9939024390243902
0.06605098664596727,0.19671429127574258,0.9939024390243902
0.06614743130235665,0.1967219497002258,0.9939024390243902
0.0661515471468167,0.19672960872104342,0.9939024390243902
0.0662317091330103,0.19674492855196044,0.9939024390243902
0.06625881105068895,0.19682923028980992,0.9939024390243902
0.0662629600754484,0.19689058603491272,0.9939024390243902
0.0663171492944086,0.19690593094848413,0.9939024390243902
0.06634444889512575,0.19692127825409197,0.9939024390243902
0.06641058686242256,0.19692895280408435,0.9939024390243902
0.06649853890927715,0.19697501266908354,0.9939024390243902
0.06655082615076728,0.19698269140807734,0.9939024390243902
0.0666229047181192,0.19700573121759132,0.9939024390243902
0.06671909917667854,0.1970134123518403,0.9939024390243902
0.06671984477882922,0.19702109408507817,0.9939024390243902
0.0667290235082214,0.19706719706719708,0.9939024390243902
0.06678429089173563,0.1970748829953198,0.9939024390243902
0.06681828085358381,0.19708256952299233,0.9939024390243902
0.06682340291391323,0.1972287275565964,0.9939024390243902
0.0668263778204394,0.19723642609001132,0.9939024390243902
0.06683822567405642,0.19737510253505722,0.9939024390243902
0.06686909808884292,0.1973905230673073,0.9939024390243902
0.06691292352471899,0.19742908494178324,0.9939024390243902
0.06694383125224579,0.19743679912476067,0.9939024390243902
0.06697546788895584,0.1975371383893667,0.9939024390243902
0.06701752514748897,0.1975448610188045,0.9939024390243902
0.06701838007327225,0.19756030808929897,0.9939024390243902
0.06705718887398117,0.19756803253049735,0.9939024390243902
0.06716538793638281,0.19757575757575757,0.9939024390243902
0.06723070954397205,0.19759120947874712,0.9939024390243902
0.06725550682071965,0.19768397167559953,0.9939024390243902
0.06725586825682366,0.19769170579029735,0.9939024390243902
0.06726114367718361,0.19769944051019211,0.9939024390243902
0.06726667038659291,0.19770717583535488,0.9939024390243902
0.06729851876598718,0.19773038544316182,0.9939024390243902
0.0673466380438669,0.19773812319010722,0.9939024390243902
0.06736579939315376,0.197745861542676,0.9939024390243902
0.06738202224145666,0.19775360050093926,0.9939024390243902
0.06738480383125868,0.1977613400649681,0.9939024390243902
0.06738598213576806,0.19778456239235948,0.9939024390243902
0.06739111679021811,0.19779230438016204,0.9939024390243902
0.06741579101715708,0.19780779017420239,0.9939024390243902
0.06744974045630873,0.19782327839329758,0.9939024390243902
0.06755092966384742,0.19783102341241876,0.9939024390243902
0.06756515016163676,0.19784651527016445,0.9939024390243902
0.06756871346225402,0.19786200955438954,0.9939024390243902
0.06759235377270323,0.19790075588454156,0.9939024390243902
0.06760411563605787,0.1979317638763759,0.9939024390243902
0.0676078266870137,0.19795502624774738,0.9939024390243902
0.06761727599401475,0.19802484618097738,0.9939024390243902
0.06764738354081971,0.19803260699169148,0.9939024390243902
0.06767700739172008,0.1980481304381908,0.9939024390243902
0.0677086417168362,0.19805589307411908,0.9939024390243902
0.06774374690364542,0.19808694970402602,0.9939024390243902
0.06774448853160622,0.19811024856896417,0.9939024390243902
0.06775408412759136,0.1981335529153433,0.9939024390243902
0.06780117010704031,0.19814132224923536,0.9939024390243902
0.06780590999226861,0.19814909219246304,0.9939024390243902
0.0678356528601466,0.19815686274509803,0.9939024390243902
0.06815663407394781,0.19826571450992703,0.9939024390243902
0.06818666235139494,0.19828127452519229,0.9939024390243902
0.06818689228037286,0.19828905544873052,0.9939024390243902
0.06821523286364908,0.19829683698296838,0.9939024390243902
0.06824111923356324,0.19832018525059852,0.9939024390243902
0.06824376253382926,0.19833575381716842,0.9939024390243902
0.06826008799401331,0.19834353901711416,0.9939024390243902
0.0683163260424754,0.198351324828263,0.9939024390243902
0.06832511593499468,0.19836689828445805,0.9939024390243902
0.0684763566097702,0.19837468592964824,0.9939024390243902
0.06848200766738323,0.19838247418632954,0.9939024390243902
0.06848342735984292,0.198390263054574,0.9939024390243902
0.06848995071316588,0.19841363332940667,0.9939024390243902
0.06851943877390836,0.1984214246446242,0.9939024390243902
0.06858196604744575,0.19843700911090167,0.9939024390243902
0.06858536484784514,0.1984448022621058,0.9939024390243902
0.06860357156059733,0.19845259602544968,0.9939024390243902
0.06862436682522964,0.19860079393153324,0.9939024390243902
0.06869908078157248,0.1986085999528339,0.9939024390243902
0.06871289848830156,0.19861640658779137,0.9939024390243902
0.06871582815060412,0.198624213836478,0.9939024390243902
0.06872306150465846,0.19863202169896615,0.9939024390243902
0.06876499937715076,0.2009704490315396,0.9939024390243902
0.06888623403894616,0.20098643649815043,0.9939024390243902
0.06892484465298447,0.20099443118536198,0.9939024390243902
0.06908133012540794,0.20170046303688327,0.9939024390243902
0.06921834066980945,0.20171656686626746,0.9939024390243902
0.06924166247477512,0.2017246197452992,0.9939024390243902
0.06924291856095996,0.20174072743242705,0.9939024390243902
0.06926486580261944,0.20174878224067716,0.9939024390243902
0.06926533656253811,0.20175683769215413,0.9939024390243902
0.06928829483245191,0.201764893786935,0.9939024390243902
0.06929421344339183,0.20179712460063898,0.9939024390243902
0.0693738175291075,0.20182130446938532,0.9939024390243902
0.06939748292832892,0.20182936571337273,0.9939024390243902
0.06940320669358459,0.20184549013341854,0.9939024390243902
0.06941300867731015,0.2019745783036214,0.9939024390243902
0.06955334699541076,0.20198265179677818,0.9939024390243902
0.06957464763165719,0.20199072593540135,0.9939024390243902
0.06960881058833097,0.20199880071956827,0.9939024390243902
0.0696203701204995,0.20200687614935636,0.9939024390243902
0.06962040902239845,0.20202302894610588,0.9939024390243902
0.06963137188684351,0.2020311063132222,0.9939024390243902
0.06969607283163527,0.2020391843262695,0.9939024390243902
0.06971981000563532,0.20204726298532527,0.9939024390243902
0.06972902852126789,0.20205534229046704,0.9939024390243902
0.06975878109810182,0.20209574851017878,0.9939024390243902
0.06978472855296146,0.20212,0.9939024390243902
0.06987319634772364,0.20212808512340494,0.9939024390243902
0.06993335201190592,0.2021361708936715,0.9939024390243902
0.06994580597355488,0.20215234437510002,0.9939024390243902
0.06999296878909403,0.2021604320864173,0.9939024390243902
0.07000300726316354,0.20216852044490677,0.9939024390243902
0.07000761449243507,0.2021766094506462,0.9939024390243902
0.07001947769587397,0.2021846991037132,0.9939024390243902
0.07002142506692527,0.2021927894041855,0.9939024390243902
0.07009788176672938,0.20220088035214084,0.9939024390243902
0.07016412211143305,0.20220897194765697,0.9939024390243902
0.0702012032334328,0.2022170641908116,0.9939024390243902
0.07024902554477139,0.2022494396413705,0.9939024390243902
0.07027666500381369,0.2022818254603683,0.9939024390243902
0.07028006373194651,0.20228992353577005,0.9939024390243902
0.07028199342088289,0.20229802225958843,0.9939024390243902
0.07030561180421123,0.20230612163190134,0.9939024390243902
0.07032214805063987,0.20231422165278667,0.9939024390243902
0.07033686711651933,0.20232232232232233,0.9939024390243902
0.07033737742983953,0.2023547314885267,0.9939024390243902
0.07033924951903092,0.20239525755026835,0.9939024390243902
0.07042903690776073,0.20240336471059484,0.9939024390243902
0.07043547423469583,0.20246013302347945,0.9939024390243902
0.07044250983311817,0.2026956556620803,0.9939024390243902
0.07049912239792663,0.20270378690629012,0.9939024390243902
0.07051717352500161,0.2027363184079602,0.9939024390243902
0.07052948547876213,0.20274445291497814,0.9939024390243902
0.07057901165324662,0.20275258807479335,0.9939024390243902
0.07059822885127805,0.20276072388748445,0.9939024390243902
0.07069843482189435,0.20277699747180866,0.9939024390243902
0.07073759623415207,0.2027932736685797,0.9939024390243902
0.07073973965304768,0.20280141274682933,0.9939024390243902
0.07078563219648448,0.20280955247842666,0.9939024390243902
0.07081454666412082,0.2028258339019789,0.9939024390243902
0.0708229292822747,0.2028339755940912,0.9939024390243902
0.07084731452746666,0.20308669265704754,0.9939024390243902
0.07094234897907528,0.20309485530546623,0.9939024390243902
0.07096792882895532,0.20310301861007274,0.9939024390243902
0.07098557382420681,0.2031928582917806,0.9939024390243902
0.071011788495507,0.20320102947681667,0.9939024390243902
0.07107007429915839,0.20323372078992882,0.9939024390243902
0.07113855381479504,0.20324189526184538,0.9939024390243902
0.07119696704542958,0.20325007039137605,0.9939024390243902
0.07119847636969338,0.20325824617860017,0.9939024390243902
0.07120600936317403,0.2032664226235971,0.9939024390243902
0.0713114870463936,0.20329095590601867,0.9939024390243902
0.07132867155562261,0.20336459129874834,0.9939024390243902
0.07136405116335252,0.2033809619641779,0.9939024390243902
0.07136531747260536,0.2034219001610306,0.9939024390243902
0.07145079732279706,0.20351202223206735,0.9939024390243902
0.07146765777548753,0.20352021910745932,0.9939024390243902
0.07148559631500415,0.20352841664317073,0.9939024390243902
0.07150260913709519,0.20379108691268402,0.9939024390243902
0.071571873673177,0.2038157470151662,0.9939024390243902
0.07163072222135451,0.2038239683756202,0.9939024390243902
0.07167072807069078,0.20384041308644962,0.9939024390243902
0.07168183231555851,0.20390621847383075,0.9939024390243902
0.07180046739865402,0.20391444713478613,0.9939024390243902
0.07181270823012821,0.20407915993537964,0.9939024390243902
0.07187485572714057,0.20410388980894292,0.9939024390243902
0.07189334638215517,0.20411213443205686,0.9939024390243902
0.07195228270229116,0.20412037972126842,0.9939024390243902
0.07197572846170294,0.20416161616161616,0.9939024390243902
0.07198189358540076,0.20523130660818,0.9939024390243902
0.07199405972979465,0.20524797920305454,0.9939024390243902
0.07212282180463749,0.20525631651637014,0.9939024390243902
0.07221845935042687,0.20526465450704798,0.9939024390243902
0.07223831722623045,0.20527299317517061,0.9939024390243902
0.07230489544047483,0.20528133252082065,0.9939024390243902
0.07232007729754376,0.20533972691807542,0.9939024390243902
0.07233438691942735,0.20535641713403235,0.9939024390243902
0.07235746027974299,0.2053647632595001,0.9939024390243902
0.07243403412065692,0.20537311006340433,0.9939024390243902
0.07253163479562776,0.20538145754582773,0.9939024390243902
0.07254738252326831,0.2053898057068531,0.9939024390243902
0.07255138373061569,0.20539815454656316,0.9939024390243902
0.0725870039560816,0.20540650406504066,0.9939024390243902
0.07261620191647328,0.20542320513862916,0.9939024390243902
0.07264522633381611,0.205439908928281,0.9939024390243902
0.07273001728190273,0.20731957493948222,0.9939024390243902
0.07282640562488459,0.20732808140489087,0.9939024390243902
0.07293347673312388,0.20733658856838044,0.9939024390243902
0.07295790492905833,0.20735360498994623,0.9939024390243902
0.07296723996970328,0.2074387290118642,0.9939024390243902
0.07308720490450897,0.2077372142739681,0.9939024390243902
0.07315226946951338,0.20775429652166763,0.9939024390243902
0.07319456592697303,0.20776283869906664,0.9939024390243902
0.07324629390539973,0.20777992516139643,0.9939024390243902
0.07324717416064105,0.20794238683127572,0.9939024390243902
0.07325323798103783,0.20795094448331208,0.9939024390243902
0.07327594808590344,0.20796806190064618,0.9939024390243902
0.07329538312168778,0.20797662166611788,0.9939024390243902
0.0733124699860978,0.2080194310650035,0.9939024390243902
0.07333387920876165,0.20802799505969535,0.9939024390243902
0.07334505130981891,0.20803655975956195,0.9939024390243902
0.07335560076401737,0.20804512516469037,0.9939024390243902
0.07339547566949105,0.2080536912751678,0.9939024390243902
0.07340803712596189,0.20806225809108128,0.9939024390243902
0.07341797091183741,0.20807082561251802,0.9939024390243902
0.07342433082591618,0.20808796277230984,0.9939024390243902
0.07348871357165368,0.2080965324108393,0.9939024390243902
0.0734978348312755,0.20810510275524072,0.9939024390243902
0.07350837889984617,0.2081222455620083,0.9939024390243902
0.07354086364439286,0.20813939119331054,0.9939024390243902
0.07356041675752394,0.2081479650683803,0.9939024390243902
0.07356115953014523,0.2081565396498455,0.9939024390243902
0.07357293551934457,0.2081736909323116,0.9939024390243902
0.07362136436673776,0.2082509066930432,0.9939024390243902
0.07364903300364747,0.20825948975806785,0.9939024390243902
0.07367627390264088,0.20830241569791408,0.9939024390243902
0.0736994673714683,0.20831100300944058,0.9939024390243902
0.0737595247206657,0.20831959102902375,0.9939024390243902
0.07380602045036966,0.2083281797567512,0.9939024390243902
0.07386708811658109,0.2083367691927105,0.9939024390243902
0.07390997920172178,0.2083539501896751,0.9939024390243902
0.07395270224927857,0.20836254175085564,0.9939024390243902
0.07397564168390278,0.2083797269990515,0.9939024390243902
0.07399734939798627,0.20838832068624216,0.9939024390243902
0.07399816152968557,0.20839691508227823,0.9939024390243902
0.07403274849770931,0.20840551018724737,0.9939024390243902
0.07404319676999209,0.20841410600123736,0.9939024390243902
0.07405674618379963,0.20843129975663077,0.9939024390243902
0.07427198676868693,0.20843989769820973,0.9939024390243902
0.07427710373996373,0.20846569577952886,0.9939024390243902
0.07432853982583897,0.2084915002475656,0.9939024390243902
0.07435201590613685,0.2085001031565917,0.9939024390243902
0.07444501900502319,0.20851731110469196,0.9939024390243902
0.074454631218159,0.2085259161439419,0.9939024390243902
0.07449798676984457,0.20855173552354617,0.9939024390243902
0.07451483123549361,0.20856034340432558,0.9939024390243902
0.07453522003140985,0.20856895199570727,0.9939024390243902
0.07453700313939281,0.20857756129777924,0.9939024390243902
0.07464057754363274,0.20859478203434612,0.9939024390243902
0.07479348491397259,0.20860339346901705,0.9939024390243902
0.07488391387951046,0.2086895469375955,0.9939024390243902
0.07492229751000698,0.20873265036351618,0.9939024390243902
0.07499779691750472,0.20874127318544222,0.9939024390243902
0.07503139391617812,0.20881891065377303,0.9939024390243902
0.07513157197240188,0.20882754060420713,0.9939024390243902
0.07513845631166273,0.20883617126797818,0.9939024390243902
0.07517890909190982,0.20885343473588494,0.9939024390243902
0.07519795732724495,0.20886206754019757,0.9939024390243902
0.07522961434875673,0.20887070105820105,0.9939024390243902
0.07523254410656324,0.2089138793566792,0.9939024390243902
0.07524986565792215,0.20892251715868684,0.9939024390243902
0.07531938022838311,0.20894843485092834,0.9939024390243902
0.07534515394672758,0.20896571688515778,0.9939024390243902
0.07536686740877871,0.2089916452973778,0.9939024390243902
0.07537321902006171,0.2090089344804765,0.9939024390243902
0.07537417576279354,0.20901758014477767,0.9939024390243902
0.07541032626348394,0.20903487361932735,0.9939024390243902
0.0754764989327007,0.20914735099337747,0.9939024390243902
0.07549535649657953,0.2092252908782245,0.9939024390243902
0.07551951641020807,0.20923395445134577,0.9939024390243902
0.07553203559065354,0.20925128375020705,0.9939024390243902
0.07556779388881688,0.2092599494761254,0.9939024390243902
0.07566927832062004,0.2092686159198211,0.9939024390243902
0.07568617357769274,0.20930328887416122,0.9939024390243902
0.07568778446052074,0.20931195890808169,0.9939024390243902
0.07583579568649365,0.20932062966031484,0.9939024390243902
0.0759184676987342,0.20940737670949025,0.9939024390243902
0.07592065845647701,0.2094334148464376,0.9939024390243902
0.07595979791660627,0.20944209566442842,0.9939024390243902
0.07599254447817186,0.20945077720207253,0.9939024390243902
0.07599266070192308,0.20945945945945946,0.9939024390243902
0.07599294044823572,0.2094681424366787,0.9939024390243902
0.07599400279596075,0.20947682613381974,0.9939024390243902
0.07603703569326241,0.20961586327055504,0.9939024390243902
0.07609085753838658,0.20962455922007883,0.9939024390243902
0.07610318245722673,0.2096332558911384,0.9939024390243902
0.0761215745970706,0.2096419532838236,0.9939024390243902
0.07613735583483837,0.20965065139822422,0.9939024390243902
0.07613849802882063,0.2096593502344301,0.9939024390243902
0.07617628225367314,0.20966804979253112,0.9939024390243902
0.07622918733688071,0.20967675007261713,0.9939024390243902
0.07630035241084564,0.20970285524568394,0.9939024390243902
0.07632135609180826,0.2097202623059683,0.9939024390243902
0.07633809799843226,0.20972896691985224,0.9939024390243902
0.07636250324003387,0.2098596228922668,0.9939024390243902
0.07636417642562025,0.20986833907878888,0.9939024390243902
0.07639302058873526,0.2098857736240914,0.9939024390243902
0.07640997813560015,0.20989449198305227,0.9939024390243902
0.07642915789575343,0.20990321106633988,0.9939024390243902
0.07645505280876386,0.2101039501039501,0.9939024390243902
0.07645747665161777,0.21013016176654054,0.9939024390243902
0.07648889875519534,0.21020009151795,0.9939024390243902
0.07651189892052566,0.21020883600965137,0.9939024390243902
0.07656380490722245,0.2103225806451613,0.9939024390243902
0.07656852047411815,0.21033133533133533,0.9939024390243902
0.0766437695626074,0.2104276850039562,0.9939024390243902
0.076751175618948,0.21043644844244544,0.9939024390243902
0.07675962511513294,0.21044521261088667,0.9939024390243902
0.07677920163552782,0.21071726438698915,0.9939024390243902
0.07686346130612799,0.21079637895790748,0.9939024390243902
0.07686989814736958,0.21080517313308303,0.9939024390243902
0.07692832227533994,0.21081396804205432,0.9939024390243902
0.07696176706483812,0.2108227636849132,0.9939024390243902
0.07698990835968303,0.21084035717266128,0.9939024390243902
0.07701910449146561,0.21084915501773419,0.9939024390243902
0.07702483347701584,0.21085795359706225,0.9939024390243902
0.07709889272786957,0.2108667529107374,0.9939024390243902
0.07733537025031206,0.21087555295885152,0.9939024390243902
0.0773374022869612,0.21090195751074753,0.9939024390243902
0.07733762546380755,0.21091076049753735,0.9939024390243902
0.07738510216851671,0.21095478645681126,0.9939024390243902
0.07739132353866218,0.21101645368746347,0.9939024390243902
0.0773936441239784,0.21102526623512216,0.9939024390243902
0.07740907908834113,0.21104289353882136,0.9939024390243902
0.07747437279443647,0.21105170829504635,0.9939024390243902
0.07750792386921701,0.21106934001670843,0.9939024390243902
0.07760623678742049,0.2110781569823301,0.9939024390243902
0.07768566019090077,0.21114871923446576,0.9939024390243902
0.07773369563734449,0.21116636716954323,0.9939024390243902
0.07780010207602954,0.211396059072083,0.9939024390243902
0.07781129795538402,0.21140490335536774,0.9939024390243902
0.07782486769948072,0.211449135874796,0.9939024390243902
0.0778377831584477,0.21146683406570413,0.9939024390243902
0.07785109941621707,0.21147568427220223,0.9939024390243902
0.07786541295755171,0.21164397905759164,0.9939024390243902
0.07787771314855116,0.21167944367642746,0.9939024390243902
0.07789077254117822,0.21168831168831168,0.9939024390243902
0.07793162324151169,0.211714920182679,0.9939024390243902
0.07793511236291135,0.2117326628954536,0.9939024390243902
0.07795006058777634,0.21169963124371438,0.993705743509048
0.07795788553605637,0.2117085027029292,0.993705743509048
0.07802645642416153,0.21172624785214367,0.993705743509048
0.07803330263493177,0.21173512154233026,0.993705743509048
0.07812959432114151,0.21174399597636112,0.993705743509048
0.07814847521128848,0.21225107133854298,0.993705743509048
0.07821780495607235,0.21225998907608923,0.993705743509048
0.07833536702959495,0.21227782679944535,0.993705743509048
0.07836203609463953,0.21228674678544415,0.993705743509048
0.07839769015310186,0.21231351124185754,0.993705743509048
0.07842594925238007,0.21232243422711608,0.993705743509048
0.07853237159007602,0.21233135796242592,0.993705743509048
0.07854311606483301,0.21234028244788164,0.993705743509048
0.07858030823550934,0.21239384511897755,0.993705743509048
0.07873409929406752,0.2124117053481332,0.993705743509048
0.07885147007103736,0.21242063658916033,0.993705743509048
0.07891716199363916,0.2130656657247691,0.993705743509048
0.07898684332354974,0.21308363912438313,0.993705743509048
0.07899523807185005,0.21309262696136325,0.993705743509048
0.07911812311411334,0.21312858589267633,0.993705743509048
0.07919752491206816,0.21313757752183268,0.993705743509048
0.0792486128993659,0.21320054017555706,0.993705743509048
0.07936781325502129,0.21320953787718927,0.993705743509048
0.07938374389967268,0.2132725430597771,0.993705743509048
0.07940297756048782,0.21329055138056235,0.993705743509048
0.07951633837826268,0.21329955668144396,0.993705743509048
0.0795744837927083,0.21330856274277993,0.993705743509048
0.0795866813189109,0.2133265771472004,0.993705743509048
0.07963857006349495,0.2133626150857336,0.993705743509048
0.0796871546557506,0.21337162647294844,0.993705743509048
0.0797012589370588,0.21338063862138876,0.993705743509048
0.07977669678092558,0.213389651531151,0.993705743509048
0.079842263210192,0.21339866520233167,0.993705743509048
0.0798597522104848,0.21340767963502724,0.993705743509048
0.07986359646872551,0.21341669482933423,0.993705743509048
0.07987828029160565,0.21343472750316858,0.993705743509048
0.07995328748512613,0.213443744982889,0.993705743509048
0.080013915403477,0.21346178222841933,0.993705743509048
0.08008860207175549,0.21348884381338742,0.993705743509048
0.08011128030416365,0.2134978658665427,0.993705743509048
0.08031730450084502,0.21350688868227538,0.993705743509048
0.08035444539752365,0.21352493660185967,0.993705743509048
0.08040502436684131,0.213542987572914,0.993705743509048
0.08046857357034572,0.2135520142029843,0.993705743509048
0.0804850003606857,0.21356104159621236,0.993705743509048
0.0806547061525824,0.213570069752695,0.993705743509048
0.08065947735924131,0.2135881283558111,0.993705743509048
0.08072276919019966,0.21370558375634519,0.993705743509048
0.0808539028706049,0.21691713181623015,0.993705743509048
0.08087811303429401,0.21693576090690483,0.993705743509048
0.08094364907536582,0.21694507665220938,0.993705743509048
0.0809852469290243,0.21698234763561397,0.993705743509048
0.08108152037031377,0.21703827812862483,0.993705743509048
0.08113819725495408,0.217047602680873,0.993705743509048
0.08123463314227339,0.21705692803437165,0.993705743509048
0.08123782196361626,0.2171595598349381,0.993705743509048
0.0813543962035513,0.21717823059066288,0.993705743509048
0.08144589656814404,0.21718756717252052,0.993705743509048
0.08151164585327032,0.21721558173531688,0.993705743509048
0.08152410251932761,0.21722492152900202,0.993705743509048
0.08158348789415336,0.217234262125903,0.993705743509048
0.08159512176202692,0.2172809771622726,0.993705743509048
0.08163501635454082,0.21729032258064515,0.993705743509048
0.08169600061691858,0.21729966880295926,0.993705743509048
0.08170799442283605,0.21730901582931866,0.993705743509048
0.081722426886884,0.21736511487823768,0.993705743509048
0.08179632212102182,0.2173931752657171,0.993705743509048
0.08180171721200451,0.2174025303382391,0.993705743509048
0.08186187134330371,0.2174118862159487,0.993705743509048
0.08191061805508201,0.2174212428989499,0.993705743509048
0.08191212961875562,0.217439958681243,0.993705743509048
0.08196828520310195,0.21744931778074292,0.993705743509048
0.08197061997612591,0.21745867768595042,0.993705743509048
0.08206551379896683,0.21764604514906083,0.993705743509048
0.0820741122065717,0.21769293747576163,0.993705743509048
0.08211819052588851,0.21771170006464124,0.993705743509048
0.08213832122793074,0.21773985001292992,0.993705743509048
0.08223018512744201,0.21774923494676954,0.993705743509048
0.08225197939263304,0.21775862068965518,0.993705743509048
0.08230949458888798,0.21776800724169146,0.993705743509048
0.08234074497105678,0.217777394602983,0.993705743509048
0.0824829613914583,0.21779617175375066,0.993705743509048
0.08255118627964683,0.21781495214279556,0.993705743509048
0.08255329117496044,0.21782434355193378,0.993705743509048
0.08262448429426315,0.2178431287999655,0.993705743509048
0.0826942952065074,0.21785252263906857,0.993705743509048
0.082843482326392,0.21786191728836948,0.993705743509048
0.08286924678435174,0.21789010609850773,0.993705743509048
0.08289288984609193,0.21789950398964847,0.993705743509048
0.08293877225320323,0.2179371036624822,0.993705743509048
0.08301905711973562,0.21798412150500518,0.993705743509048
0.08303371323051323,0.21799352750809062,0.993705743509048
0.08303644255570224,0.21800293432294812,0.993705743509048
0.08319135695224228,0.21804056970220112,0.993705743509048
0.08337492678440168,0.2181252968351971,0.993705743509048
0.08338267513874169,0.21813471502590673,0.993705743509048
0.08339715039635336,0.21814413402996674,0.993705743509048
0.08343283266228119,0.21817239592330281,0.993705743509048
0.08345116963147309,0.21820066514058653,0.993705743509048
0.08346582709505124,0.23784190951461795,0.993705743509048
0.0836427633237905,0.23786430622910684,0.993705743509048
0.08374466788298908,0.23804363190877822,0.993705743509048
0.08375627210338872,0.23805484874187163,0.993705743509048
0.08378474244034397,0.23807728557964183,0.993705743509048
0.08378691655604058,0.23811094876749775,0.993705743509048
0.08381746574786722,0.23817830371033896,0.993705743509048
0.08382573155817448,0.2381895332390382,0.993705743509048
0.08386484062639364,0.23820076382667735,0.993705743509048
0.08387949132713418,0.23822322817937475,0.993705743509048
0.08388997770773879,0.23823446194473263,0.993705743509048
0.08393873928786064,0.23830188679245284,0.993705743509048
0.08394595698790086,0.2383131279777348,0.993705743509048
0.0839902111023172,0.238324370223606,0.993705743509048
0.08402789102952596,0.2384030956538153,0.993705743509048
0.0840744704669429,0.23842559818773892,0.993705743509048
0.08424565104947378,0.23843685104776288,0.993705743509048
0.0842459568060602,0.2384481049700288,0.993705743509048
0.08426688931656287,0.23845935995468706,0.993705743509048
0.08430678329581515,0.23848187311178248,0.993705743509048
0.08433885851035698,0.23852691218130312,0.993705743509048
0.08436804898420239,0.23856070264910043,0.993705743509048
0.08439957712529911,0.2388426626323752,0.993705743509048
0.08472937160517578,0.23885395489574962,0.993705743509048
0.08474871427656164,0.23886524822695035,0.993705743509048
0.08478427628875648,0.23888783809343672,0.993705743509048
0.08484822712575081,0.23894433145721988,0.993705743509048
0.08485654260730323,0.23890833412165358,0.9935090479937058
0.08486145502613528,0.23891963483278936,0.9935090479937058
0.08494807152601735,0.2389309366130558,0.9935090479937058
0.08498305557964732,0.23895354338158767,0.9935090479937058
0.08512191946849128,0.2389648483701566,0.9935090479937058
0.08528389602877662,0.2389761544284633,0.9935090479937058
0.08531695127562675,0.23898746155665956,0.9935090479937058
0.0853494336195772,0.23907795711648602,0.9935090479937058
0.08541901939122323,0.23908927388052637,0.9935090479937058
0.08544020937303685,0.23910059171597633,0.9935090479937058
0.08546139159454111,0.23915719696969698,0.9935090479937058
0.08546919951722166,0.239168521236801,0.9935090479937058
0.08547799780044676,0.23917984657638033,0.9935090479937058
0.08548804636797691,0.23921382903149419,0.9935090479937058
0.08557885249571062,0.23922515866249883,0.9935090479937058
0.08559927644141138,0.2393611979907118,0.9935090479937058
0.08561907856235458,0.23937254158570684,0.9935090479937058
0.08562230953500881,0.23938388625592416,0.9935090479937058
0.08581453689574416,0.23940657882263722,0.9935090479937058
0.08595539629106234,0.23945197686545938,0.9935090479937058
0.0860437414092793,0.23946332906651496,0.9935090479937058
0.08608552498143328,0.2394746823440167,0.9935090479937058
0.08614362646016506,0.2394973921289711,0.9935090479937058
0.08617950149204841,0.23950874863673005,0.9935090479937058
0.08622698820174068,0.23971335010203598,0.9935090479937058
0.08622706209906915,0.2397247271001424,0.9935090479937058
0.08631933522588978,0.2397474843364344,0.9935090479937058
0.08656618713565846,0.23975886457492762,0.9935090479937058
0.08670255523471161,0.2397702458938574,0.9935090479937058
0.0867268544299395,0.23978162829337765,0.9935090479937058
0.08681598841616978,0.23979301177364223,0.9935090479937058
0.0868277721765467,0.23981578197702022,0.9935090479937058
0.08684487801758291,0.23982716870044157,0.9935090479937058
0.08685359388276023,0.23983855650522318,0.9935090479937058
0.08685425309275846,0.23984994539151908,0.9935090479937058
0.08686194042208352,0.23990690605110668,0.9935090479937058
0.0869076381068597,0.24004372207965022,0.9935090479937058
0.08695594641877075,0.2400551304595789,0.9935090479937058
0.08695783845873563,0.24006653992395438,0.9935090479937058
0.08696649611408154,0.24008936210666412,0.9935090479937058
0.08699761460364501,0.24010077482530778,0.9935090479937058
0.08702589387227852,0.2401464365520848,0.9935090479937058
0.08705319608990303,0.240169273928962,0.9935090479937058
0.08709133652049061,0.2403635671457124,0.9935090479937058
0.0871054120289159,0.24037500594869843,0.9935090479937058
0.08711366818492111,0.2403978868211889,0.9935090479937058
0.08720258802598324,0.24042077205007378,0.9935090479937058
0.08725778391711131,0.24043221629855294,0.9935090479937058
0.0872829072878408,0.24044366163659733,0.9935090479937058
0.08734215957724432,0.24069573504884442,0.9935090479937058
0.08736463190543507,0.24071867702425773,0.9935090479937058
0.08750103946593953,0.24073014965208273,0.9935090479937058
0.08756639165433447,0.24078752919864613,0.9935090479937058
0.0878838894681396,0.24079900839054158,0.9935090479937058
0.08793255796573768,0.24082197005816725,0.9935090479937058
0.08793571025372757,0.24083345253421065,0.9935090479937058
0.08795392206506021,0.24084493610528324,0.9935090479937058
0.08795664931456836,0.24086790653314258,0.9935090479937058
0.08807375646109139,0.24087939339024275,0.9935090479937058
0.08811052575567105,0.24102882229433098,0.9935090479937058
0.08818748405092654,0.24104032450489143,0.9935090479937058
0.08824382197253118,0.24105182781330534,0.9935090479937058
0.08843264444617216,0.24107483772432226,0.9935090479937058
0.08844969251471649,0.24113238172530674,0.9935090479937058
0.08854145151755481,0.24115540701838148,0.9935090479937058
0.08856305316898508,0.24116692131398013,0.9935090479937058
0.08859403586425281,0.24117843670916297,0.9935090479937058
0.08862729910033135,0.24121298949379177,0.9935090479937058
0.08869727531901704,0.24122450928888678,0.9935090479937058
0.08871113637103258,0.24129365117278936,0.9935090479937058
0.08871779273364926,0.24131670727628876,0.9935090479937058
0.0887552338980317,0.241512862197571,0.9935090479937058
0.08881103956402615,0.24154751087944143,0.9935090479937058
0.08887576948269746,0.24155906264945,0.9935090479937058
0.08890492939485847,0.24157061552441533,0.9935090479937058
0.08907615345676954,0.2415937245898503,0.9935090479937058
0.08910394477848747,0.24160528078063714,0.9935090479937058
0.08912237011679311,0.24161683807701506,0.9935090479937058
0.08915225030759553,0.24162839647914275,0.9935090479937058
0.08939514577901927,0.24163995598717888,0.9935090479937058
0.08950027142090067,0.24165151660128217,0.9935090479937058
0.08950339819071182,0.2416152337208746,0.9933123524783635
0.08954514850742024,0.24162679425837322,0.9933123524783635
0.08957332602409344,0.24166148250945113,0.9933123524783635
0.08959309347068763,0.24168461354391002,0.9933123524783635
0.08964799511571207,0.24171931839938732,0.9933123524783635
0.08965644763310106,0.24173088889952613,0.9933123524783635
0.0898658332287785,0.24174246050741982,0.9933123524783635
0.0899364861895318,0.24217139020764397,0.9933123524783635
0.08995072025563412,0.24239224344820967,0.9933123524783635
0.09005142882620064,0.24250864387245485,0.9933123524783635
0.090106971353522,0.24252029006387169,0.9933123524783635
0.0902104668179241,0.24253193737393142,0.9933123524783635
0.09026860968087658,0.24254358580279525,0.9933123524783635
0.09033041194536391,0.2425785378038236,0.9933123524783635
0.09038893909363337,0.24260184473481938,0.9933123524783635
0.0904396466197015,0.2426368135300053,0.9933123524783635
0.09051120500584989,0.24264847203536422,0.9933123524783635
0.09053175168051977,0.24266013166114075,0.9933123524783635
0.09055513459809492,0.24271844660194175,0.9933123524783635
0.09058358361588295,0.2427301129536169,0.9933123524783635
0.090687270731907,0.2427534490217757,0.9933123524783635
0.09071914217390362,0.24276511873858284,0.9933123524783635
0.09078686373228205,0.24277678957742416,0.9933123524783635
0.09080599313774323,0.24280013462185682,0.9933123524783635
0.09089260311918318,0.2428234841563687,0.9933123524783635
0.09091846939902615,0.2428351606078092,0.9933123524783635
0.09093559630629053,0.24284683818225536,0.9933123524783635
0.09096485747855679,0.2428585168798692,0.9933123524783635
0.09101125447396231,0.24288187764524818,0.9933123524783635
0.09106795096049192,0.2429052429052429,0.9933123524783635
0.09110518437518837,0.24291692722112657,0.9933123524783635
0.09119006859427967,0.24292861266115065,0.9933123524783635
0.09121986037197687,0.2429987489173323,0.9933123524783635
0.09137705038104714,0.24301044223088397,0.9933123524783635
0.0914771311321394,0.24302213666987488,0.9933123524783635
0.09171560762978606,0.24303383223446748,0.9933123524783635
0.09173204296661976,0.24304552892482434,0.9933123524783635
0.0917533601621491,0.24305722674110797,0.9933123524783635
0.09178483534050465,0.2430806257521059,0.9933123524783635
0.09184000967848316,0.24309232694714547,0.9933123524783635
0.09185378865370594,0.24310402926876234,0.9933123524783635
0.09186932624612897,0.2431157327171192,0.9933123524783635
0.091878806059612,0.2431274372923788,0.9933123524783635
0.09200941186190914,0.2431391429947039,0.9933123524783635
0.09205959055730356,0.2431859770779158,0.9933123524783635
0.09207437932313765,0.24352606452235134,0.9933123524783635
0.09214651047888,0.24358479644993247,0.9933123524783635
0.09216917908098789,0.24359654623510685,0.9933123524783635
0.0921944237513947,0.24362004920642577,0.9933123524783635
0.09222548070902657,0.2436318023928985,0.9933123524783635
0.09223566343562263,0.24364355671346552,0.9933123524783635
0.09225487481526935,0.24367882648137426,0.9933123524783635
0.09226361639712981,0.24369058533996044,0.9933123524783635
0.09233459597025717,0.24372586872586874,0.9933123524783635
0.09235719317632332,0.24373763212510255,0.9933123524783635
0.09237261161120265,0.24374939665990925,0.9933123524783635
0.09238372330986394,0.24376116233045325,0.9933123524783635
0.09241665039225803,0.24377292913689902,0.9933123524783635
0.09243903520064378,0.24378469707941106,0.9933123524783635
0.09244537278913931,0.2437964661581539,0.9933123524783635
0.0924724357556138,0.24380823637329213,0.9933123524783635
0.0925761055307477,0.24382000772499035,0.9933123524783635
0.09266894175250771,0.24384355383872525,0.9933123524783635
0.09267302804401246,0.24387888153764428,0.9933123524783635
0.09270332910271932,0.24389065971216073,0.9933123524783635
0.09273278947957804,0.24390243902439024,0.9933123524783635
0.09275567204760714,0.24393778378900588,0.9933123524783635
0.09284562626192897,0.24394956765373654,0.9933123524783635
0.09288248347948834,0.24396135265700483,0.9933123524783635
0.09288467412850694,0.2439731387989758,0.9933123524783635
0.09292558232409238,0.24411466138154397,0.9933123524783635
0.09297500448279793,0.24412646234168037,0.9933123524783635
0.09297694911336041,0.24425634824667472,0.9933123524783635
0.09308128898397916,0.24427997871619989,0.9933123524783635
0.0932357074193524,0.24442185760611781,0.9933123524783635
0.093282075685595,0.24458759141763936,0.9933123524783635
0.09356176392490802,0.2446112860256721,0.9933123524783635
0.093630994087574,0.244658689017005,0.9933123524783635
0.09368401835915982,0.2446705426356589,0.9933123524783635
0.09383533848282948,0.24468239740297495,0.9933123524783635
0.09392205003360911,0.24469425331912006,0.9933123524783635
0.09406999945132993,0.24471796859856562,0.9933123524783635
0.0940932622943326,0.24480100828930146,0.9933123524783635
0.09412196869848809,0.24483661398235237,0.9933123524783635
0.09412511987646906,0.24484848484848484,0.9933123524783635
0.09416712003864854,0.24486035686578744,0.9933123524783635
0.09425458167021661,0.2449078564500485,0.9933123524783635
0.0943559291625158,0.24494349323373915,0.9933123524783635
0.09438735195370855,0.24496725685180692,0.9933123524783635
0.09445355136792218,0.2449791403900262,0.9933123524783635
0.09446779570029983,0.24501479792343894,0.9933123524783635
0.09457536865241419,0.2456942687554734,0.9933123524783635
0.0946967596152069,0.2457301347866284,0.9933123524783635
0.09474358964453486,0.24574209245742093,0.9933123524783635
0.09483703074424782,0.24576601129063655,0.9933123524783635
0.09486710082959325,0.24578993478049255,0.9933123524783635
0.09486720287244368,0.24580189827208568,0.9933123524783635
0.09502613189072737,0.24581386292834892,0.9933123524783635
0.09506814426101028,0.24582582874945236,0.9933123524783635
0.09510999096833575,0.24601744044429288,0.9933123524783635
0.09511241072458392,0.2460534008965114,0.9933123524783635
0.09522433367275956,0.2460773803722834,0.9933123524783635
0.09524753377031019,0.24608937186296964,0.9933123524783635
0.09535831660607423,0.24619734789391576,0.9933123524783635
0.09547145520487244,0.24623336096347945,0.9933123524783635
0.09549227782842717,0.24625737553030672,0.9933123524783635
0.09565786787448881,0.24626938457036965,0.9933123524783635
0.09592752551270081,0.24628139478176056,0.9933123524783635
0.09603705460116484,0.2462934061646508,0.9933123524783635
0.09604109293596977,0.24631743244561508,0.9933123524783635
0.09607244935157108,0.24649777907941622,0.9933123524783635
0.09611149351244282,0.2465940719761707,0.9933123524783635
0.09618708001700621,0.24660611387830844,0.9933123524783635
0.09619926845823222,0.24664224664224665,0.9933123524783635
0.09621667012752338,0.2466542932499756,0.9933123524783635
0.09627653156703077,0.24666634103453328,0.9933123524783635
0.09642559047966565,0.24679894438471311,0.9933123524783635
0.09648225085221122,0.2468110063046772,0.9933123524783635
0.09661517330763375,0.24690754412555616,0.9933123524783635
0.09665661620531744,0.246919616663407,0.9933123524783635
0.09685140178579084,0.24693169038188842,0.9933123524783635
0.09689804950532233,0.24697999706558418,0.9933123524783635
0.09697716997162774,0.24699207668981707,0.9933123524783635
0.09704726205808523,0.24702832265323094,0.9933123524783635
0.09717534200390092,0.24705249253950393,0.9933123524783635
0.09718810637616576,0.24706457925636008,0.9933123524783635
0.09729028982333363,0.24707666715592738,0.9933123524783635
0.09740780850868815,0.24708875623837948,0.9933123524783635
0.09742540874562207,0.24710084650389,0.9933123524783635
0.09744637125526417,0.24712503058478102,0.9933123524783635
0.09772383563273578,0.24713712440050895,0.9933123524783635
0.09780855585646718,0.2471492193999902,0.9933123524783635
0.09794457323995936,0.24717341295090794,0.9933123524783635
0.09814230301523114,0.2471855115026921,0.9933123524783635
0.09818103414503165,0.24719761123892506,0.9933123524783635
0.09821036013378283,0.2472097121597807,0.9933123524783635
0.09824746829763915,0.247221814265433,0.9933123524783635
0.09828953551064501,0.24728234257173637,0.9933123524783635
0.09830858307678034,0.2472944517898242,0.9933123524783635
0.09842137273896233,0.2475732914991666,0.9933123524783635
0.09852441683473842,0.24759756815061776,0.9933123524783635
0.09856799715428086,0.24763399205609768,0.9933123524783635
0.09867682996615776,0.2476461357395057,0.9933123524783635
0.0986860139243154,0.2478405967805261,0.9933123524783635
0.09885221176216334,0.24785276073619633,0.9933123524783635
0.09886832518235082,0.24786492588593306,0.9933123524783635
0.0988752817836093,0.24836472729061132,0.9933123524783635
0.09909023370589551,0.24838915941173578,0.9933123524783635
0.09918714321792396,0.24840137727496311,0.9933123524783635
0.09928178921553858,0.24841359634020366,0.9933123524783635
0.09928465128278852,0.24862150452934226,0.9933123524783635
0.09932867602832082,0.24874396611171312,0.9933123524783635
0.09939052399966172,0.24875621890547264,0.9933123524783635
0.09980268807935452,0.24876847290640394,0.9933123524783635
0.09981875978323543,0.24878072811468546,0.9933123524783635
0.0998696833835934,0.24881750098541586,0.9933123524783635
0.09989321777458134,0.24882976102488297,0.9933123524783635
0.09994521310710756,0.2488542847287242,0.9933123524783635
0.09995464954324074,0.24886654839345554,0.9933123524783635
0.10001185462593035,0.24887881326696565,0.9933123524783635
0.10004721017528255,0.24890334664103703,0.9933123524783635
0.10005517092876315,0.24891561514195584,0.9933123524783635
0.10010706539174273,0.24892788485236853,0.9933123524783635
0.1001188931633556,0.2489769757925356,0.9933123524783635
0.10015613118372514,0.24898925155310128,0.9933123524783635
0.10018454892643883,0.2490997878952301,0.9933123524783635
0.10019996607613112,0.24911207576953434,0.9933123524783635
0.100365155209059,0.24912436485619852,0.9933123524783635
0.10046953043082855,0.2492350212219919,0.9933123524783635
0.10054431524119523,0.24924732244213021,0.9933123524783635
0.10056173875837957,0.24925962487660414,0.9933123524783635
0.10059378432518282,0.24927192852559357,0.9933123524783635
0.100595188360945,0.2492842333892783,0.9933123524783635
0.10073389631475035,0.24929653946783828,0.9933123524783635
0.10075183716120506,0.2493088467614534,0.9933123524783635
0.10081332509282309,0.249333464994569,0.9933123524783635
0.10086843231165818,0.24935808809006518,0.9933123524783635
0.10102153739295705,0.2493704014616562,0.9933123524783635
0.1010243643952734,0.24939503185342485,0.9933123524783635
0.10116117259253767,0.24940734887396285,0.9933123524783635
0.10122533486353995,0.24943198656524745,0.9933123524783635
0.1013739322911814,0.24944430723635466,0.9933123524783635
0.1013875881575215,0.24946895223040064,0.9933123524783635
0.10140005600275273,0.24948127655370023,0.9933123524783635
0.10154729429775086,0.2495182568308711,0.9933123524783635
0.10158415298616147,0.2495305860262872,0.9933123524783635
0.10164674365288603,0.2501857815209314,0.9933123524783635
0.10167085042124807,0.2501981767736821,0.9933123524783635
0.10172754377684748,0.2502105732547193,0.9933123524783635
0.10173562730848551,0.2502229709642255,0.9933123524783635
0.10175706771195069,0.2503221968870824,0.9933123524783635
0.10176761929732094,0.25033460566103205,0.9933123524783635
0.10214498695917808,0.2503470156652786,0.9933123524783635
0.10218212841429412,0.25035942690000496,0.9933123524783635
0.10222144938836412,0.25037183936539414,0.9933123524783635
0.10228271801945259,0.25038425306162926,0.9933123524783635
0.1023643603214274,0.2503966679888933,0.9933123524783635
0.10244656109910068,0.2504711834143438,0.9933123524783635
0.10245754350918389,0.2504836069639403,0.9933123524783635
0.10249238682715443,0.25049603174603174,0.9933123524783635
0.10281964601609489,0.2505084577608016,0.9933123524783635
0.10299625189988146,0.2505208850084334,0.9933123524783635
0.10309765111598851,0.2505457432030165,0.9933123524783635
0.10312908485279512,0.2510314659243426,0.9933123524783635
0.10333101507516207,0.2510439451183138,0.9933123524783635
0.10333990248961447,0.25105642555306984,0.9933123524783635
0.10337688306054366,0.2510689072287959,0.9933123524783635
0.10358558082235027,0.25108139014567693,0.9933123524783635
0.1036492536569299,0.2512812857640444,0.9933123524783635
0.10389187326837071,0.2513062950982832,0.9933123524783635
0.10390537809632003,0.25131880163232806,0.9933123524783635
0.10393901025964625,0.25133130941123777,0.9933123524783635
0.10405607689791406,0.251356328704395,0.9933123524783635
0.10406779593605692,0.25139386698526484,0.9933123524783635
0.10407829620528707,0.2514063822372679,0.9933123524783635
0.10419687487426968,0.25143141647996015,0.9933123524783635
0.10429574534039668,0.25144393547102173,0.9933123524783635
0.10434326498763893,0.25146897719350664,0.9933123524783635
0.10436732045168798,0.2514814999253025,0.9933123524783635
0.10448975449270267,0.2515065491309328,0.9933123524783635
0.10449318562856778,0.2517824201027073,0.9933123524783635
0.10449584664865012,0.2517949740725967,0.9933123524783635
0.10452266290939936,0.25182008576842524,0.9933123524783635
0.10485971073671692,0.251857762705102,0.9933123524783635
0.10489802795803128,0.2518703241895262,0.9933123524783635
0.1049742994636968,0.25193315041157394,0.9933123524783635
0.1050134564020368,0.251958289677194,0.9933123524783635
0.10505933661116978,0.25197086119149786,0.9933123524783635
0.10512529170310193,0.2519834339603812,0.9933123524783635
0.10516082081082599,0.25199600798403193,0.9933123524783635
0.10528244588196752,0.25200858326263786,0.9933123524783635
0.10552646919283622,0.25205889693037187,0.9933123524783635
0.10571798596661536,0.2523233736384531,0.9933123524783635
0.10584096218244723,0.25233598161195225,0.9933123524783635
0.10584514665808245,0.2523990403838465,0.9933123524783635
0.10584548417666344,0.25241165592042786,0.9933123524783635
0.1058640951223482,0.2527148075864485,0.9933123524783635
0.1060054737167761,0.2527274547092383,0.9933123524783635
0.10631681773496571,0.25274010309794304,0.9933123524783635
0.10638890267672439,0.2527527527527528,0.9933123524783635
0.1064070272944436,0.2527654036738575,0.9933123524783635
0.10641806637899107,0.2529426496368645,0.9933123524783635
0.10646285748351667,0.25298066326019436,0.9933123524783635
0.10650640817809312,0.252993337007164,0.9933123524783635
0.10658590876670299,0.2530060120240481,0.9933123524783635
0.1067743794150531,0.25301868831103763,0.9933123524783635
0.10683679443814743,0.2530313658683235,0.9933123524783635
0.10683814123506717,0.2530440446960966,0.9933123524783635
0.1068719460986283,0.2533487182059901,0.9933123524783635
0.10693441132659545,0.25406248427831163,0.9933123524783635
0.10694662785117165,0.2543568046741211,0.9933123524783635
0.10702827285161616,0.25436961668261726,0.9933123524783635
0.10712740033235964,0.25438242998186583,0.9933123524783635
0.10718090260470602,0.25439524457206186,0.9933123524783635
0.10719200822707263,0.25440806045340053,0.9933123524783635
0.10719586284518044,0.2544208776260769,0.9933123524783635
0.1072866622506594,0.25445933689408445,0.9933123524783635
0.10736639694840194,0.254472159234064,0.9933123524783635
0.10757909162731939,0.25448498286635757,0.9933123524783635
0.1076192137326705,0.25451063400866847,0.9933123524783635
0.10771698124784326,0.2545234615190767,0.9933123524783635
0.10772758846403484,0.2545362903225806,0.9933123524783635
0.10775243539996172,0.2546389673255345,0.9933123524783635
0.1077798387366667,0.25465180777570473,0.9933123524783635
0.10787393869533764,0.25511492801212426,0.9933123524783635
0.10796520117137212,0.25512781651005356,0.9933123524783635
0.10803241571389488,0.25517938352703384,0.9933123524783635
0.10804444251836744,0.2552051748534465,0.9933123524783635
0.10805705652451511,0.25521807247182493,0.9933123524783635
0.1081557482650234,0.2552309713939149,0.9933123524783635
0.10817276799663797,0.2552825801233444,0.9933123524783635
0.10824235836949465,0.2552954855669582,0.9933123524783635
0.10839412456542087,0.2553600323624595,0.9933123524783635
0.10848047332252539,0.2553729456384324,0.9933123524783635
0.10850538965550238,0.25545045272902017,0.9933123524783635
0.10865810473319742,0.25550215026562106,0.9933123524783635
0.10872739065196435,0.2555280068815463,0.9933123524783635
0.10875121480699997,0.2555409371521101,0.9933123524783635
0.10877273057485547,0.2555797358165899,0.9933123524783635
0.10878088383677435,0.255618546264426,0.9933123524783635
0.10878913118201518,0.2556314856998228,0.9933123524783635
0.10885994241060609,0.2556444264452769,0.9933123524783635
0.10886716909228647,0.2556573685009872,0.9933123524783635
0.10902687547075891,0.25569620253164554,0.9933123524783635
0.10904419358605745,0.2557091498303712,0.9933123524783635
0.1091501180960324,0.2557220984403484,0.9933123524783635
0.10924636572284967,0.2557609521397822,0.9933123524783635
0.10930773450539578,0.25577390599675853,0.9933123524783635
0.10933236544749958,0.25578686116598287,0.9933123524783635
0.10945273050578253,0.25583869496935,0.9933123524783635
0.10945671529587074,0.2558516567028068,0.9933123524783635
0.10956302226372228,0.25586461974970864,0.9933123524783635
0.10964989757953307,0.2559424256246516,0.9933123524783635
0.10966194750937616,0.25595539787126204,0.9933123524783635
0.10975163402203983,0.25602027883396705,0.9933123524783635
0.10979341623553768,0.256033258973839,0.9933123524783635
0.10983519513025365,0.2561241568189887,0.9933123524783635
0.10996497343351655,0.2561371474944208,0.9933123524783635
0.11002795081310358,0.2561501394876997,0.9933123524783635
0.11010456495727507,0.2561631327990261,0.9933123524783635
0.11015872919248239,0.2562021206432956,0.9933123524783635
0.11019395605281869,0.25621511922881784,0.9933123524783635
0.11051331399674391,0.2562541229004922,0.9933123524783635
0.11051562430151762,0.2562671267634223,0.9933123524783635
0.11053470183191726,0.2562801319462065,0.9933123524783635
0.11055665320874768,0.2562931384490459,0.9933123524783635
0.11059898273544375,0.25695822520734746,0.9933123524783635
0.11067973038090484,0.2570105348872716,0.9933123524783635
0.11088561434788234,0.25702361563517917,0.9933123524783635
0.11091535707147065,0.2570366977146638,0.9933123524783635
0.11093287055900308,0.25715449638456056,0.9933123524783635
0.110978098124502,0.2571675917910068,0.9933123524783635
0.11101726702965613,0.2572330888345558,0.9933123524783635
0.11106185728430053,0.2572592969943963,0.9933123524783635
0.11113431991141029,0.25731172933863244,0.9933123524783635
0.11118691996791684,0.2573248407643312,0.9933123524783635
0.11128517577414934,0.2574297802926033,0.9933123524783635
0.11134214860140845,0.25744290375203915,0.9933123524783635
0.11138584223690766,0.2574560285495794,0.9933123524783635
0.11151945878207077,0.2574691546854288,0.9933123524783635
0.11156024927706337,0.25748228215979196,0.9933123524783635
0.11167966644011107,0.25749541097287376,0.9933123524783635
0.1118227051154408,0.2575085411248789,0.9933123524783635
0.11185980726020447,0.2575216726160122,0.9933123524783635
0.11201008613295377,0.2575479396164831,0.9933123524783635
0.11203897131357848,0.25756107512623044,0.9933123524783635
0.1120905699355527,0.2575742119759257,0.9933123524783635
0.11220079372041132,0.25758735016577405,0.9933123524783635
0.11226563756309943,0.25760048969598043,0.9933123524783635
0.11227083189021979,0.25762677277828794,0.9933123524783635
0.11230961613259069,0.25763991633079947,0.9933123524783635
0.11244013782336279,0.2576530612244898,0.9933123524783635
0.11254913432443982,0.2578109046354911,0.9933123524783635
0.11259600133471141,0.25782406698320315,0.9933123524783635
0.11262132755141083,0.257995299887606,0.9933123524783635
0.1126356691948898,0.25802166360106277,0.9933123524783635
0.11264343424953295,0.25806121927538456,0.9933123524783635
0.11266998853588578,0.2581007870796279,0.9933123524783635
0.11270591740652677,0.2581139790442116,0.9933123524783635
0.11280400383027789,0.25812717235739113,0.9933123524783635
0.1128489927322776,0.2581403670193733,0.9933123524783635
0.1132943185030607,0.258153563030365,0.9933123524783635
0.1133394475189554,0.25827238786886925,0.9933123524783635
0.11364593609401277,0.25828559738134205,0.9933123524783635
0.11366774990135732,0.25831202046035806,0.9933123524783635
0.11374808041129482,0.25836488284047887,0.9933123524783635
0.11388022119844696,0.2583781018163213,0.9933123524783635
0.11392232512949968,0.258404543826434,0.9933123524783635
0.11395226644409796,0.25860303154444897,0.9933123524783635
0.11405359686080435,0.25866926189622497,0.9933123524783635
0.11413791680079884,0.2587222706081254,0.9933123524783635
0.11418345145822846,0.2587355261809612,0.9933123524783635
0.11420756316764731,0.25874878311215865,0.9933123524783635
0.11430062095654504,0.2587620414019266,0.9933123524783635
0.1143196681639746,0.25877530105047397,0.9933123524783635
0.11437833436564637,0.25878856205800965,0.9933123524783635
0.1145079994980713,0.2588018244247425,0.9933123524783635
0.11491341818460218,0.2588150881508815,0.9933123524783635
0.1149228129537318,0.2588283532366357,0.9933123524783635
0.11494360927466331,0.25884161968221425,0.9933123524783635
0.11506222129096964,0.25885488748782615,0.9933123524783635
0.11509335180643325,0.2592668651812301,0.9933123524783635
0.11540299179832358,0.2592801766185758,0.9933123524783635
0.11541380067838253,0.2593068035943517,0.9933123524783635
0.11556588399941066,0.25933343603964465,0.9933123524783635
0.11557729882893553,0.2593467543138866,0.9933123524783635
0.11558614086998527,0.2593600739561399,0.9933123524783635
0.11559651172540676,0.2593733949666153,0.9933123524783635
0.11570040344217751,0.25938671734552365,0.9933123524783635
0.11571325532570514,0.2594000410930758,0.9933123524783635
0.11585377191213324,0.2594133662094827,0.9933123524783635
0.11591450000922507,0.25942669269495533,0.9933123524783635
0.11631937349474732,0.2594400205497046,0.9933123524783635
0.11655083107168408,0.25945334977394163,0.9933123524783635
0.11672205602712887,0.25948001233172335,0.9933123524783635
0.11687054971742873,0.2594933456656904,0.9933123524783635
0.11705949923837872,0.2595333538904307,0.9933123524783635
0.11715788211629002,0.25954669270699493,0.9933123524783635
0.11720268501350353,0.2595086348684211,0.9931156569630213
0.11725235087096855,0.2595219737856592,0.9931156569630213
0.11746603577666911,0.2595105901706765,0.992918961447679
0.11746789266703273,0.2629166666666667,0.992918961447679
0.11755654180054133,0.2629303609562998,0.992918961447679
0.11767235481252951,0.2629851523834332,0.992918961447679
0.11769238110521808,0.26302626094205916,0.992918961447679
0.11777275101647916,0.26303996665103435,0.992918961447679
0.1178281018478288,0.26308109234938504,0.992918961447679
0.11783329769064083,0.263108516626707,0.992918961447679
0.11783850460416241,0.2633143810964478,0.992918961447679
0.11784493491718198,0.26335559265442404,0.992918961447679
0.1178492902966236,0.26336933270725726,0.992918961447679
0.11794067337037872,0.263383074193885,0.992918961447679
0.11800397464271865,0.2634380544828306,0.992918961447679
0.11802115349270487,0.2633886626996555,0.9925255704169945
0.11808247733995698,0.26340241165109357,0.9925255704169945
0.11809526213697451,0.2634299138606108,0.9925255704169945
0.11844299465506807,0.2634436671191396,0.9925255704169945
0.11847111539093023,0.2634574218138151,0.9925255704169945
0.11850463875538288,0.26353998015354885,0.9925255704169945
0.11867146428139136,0.2665610142630745,0.9925255704169945
0.11867945258754097,0.2665750964129114,0.9925255704169945
0.11888062632845948,0.2665891800507185,0.9925255704169945
0.11891293739638964,0.26660326517673166,0.9925255704169945
0.11894963846098565,0.26661735179118673,0.9925255704169945
0.11896798202551476,0.2666314398943197,0.9925255704169945
0.11902272878468496,0.2666455294863665,0.9925255704169945
0.11911100578170028,0.2666737131381461,0.9925255704169945
0.11930327090835958,0.2669558776849011,0.9925255704169945
0.1193913674750509,0.2669700015872176,0.9925255704169945
0.11941424461018532,0.26699825387586645,0.9925255704169945
0.11977459735945464,0.2671820396060574,0.9925255704169945
0.11988194063351214,0.26721033679305234,0.9925255704169945
0.12000241010706433,0.2672244876343801,0.9925255704169945
0.12001365110972594,0.267238639974579,0.9925255704169945
0.12004112362407883,0.267252793813887,0.9925255704169945
0.12017433475644754,0.2672669491525424,0.9925255704169945
0.12019377833954473,0.2673235855054037,0.9925255704169945
0.12019655622948992,0.26733774834437085,0.9925255704169945
0.12023651001330143,0.26735191268411573,0.9925255704169945
0.12036961588322824,0.26738024586689274,0.9925255704169945
0.12071643997362383,0.26740858505564385,0.9925255704169945
0.12075410656784506,0.2701140195920989,0.9925255704169945
0.1208695300379372,0.27017186914386676,0.9925255704169945
0.12096311702414543,0.2701863354037267,0.9925255704169945
0.12107712276088013,0.27105715513536743,0.9925255704169945
0.12121857929528126,0.271071716357776,0.9925255704169945
0.12124567334665005,0.27108627914472977,0.9925255704169945
0.12125561082334783,0.27110084349648095,0.9925255704169945
0.12127779419539861,0.2710762452313148,0.9923288749016522
0.12131421512795744,0.2711053791176313,0.9923288749016522
0.12142430231723837,0.2711199484092863,0.9923288749016522
0.12143099089485958,0.27113451926694254,0.9923288749016522
0.1214854809184953,0.27114909169085244,0.9923288749016522
0.12157473732059111,0.2711636656812685,0.9923288749016522
0.1215791485574565,0.27117824123844336,0.9923288749016522
0.12160705059163969,0.2712073970540802,0.9923288749016522
0.1220529835480115,0.2712219773130477,0.9923288749016522
0.12206398410322537,0.27123655913978495,0.9923288749016522
0.12211306632741908,0.2712657274975804,0.9923288749016522
0.12221559730824832,0.2712803140291445,0.9923288749016522
0.12240087394562835,0.2712949021294902,0.9923288749016522
0.1227258006113474,0.27130949179887065,0.9923288749016522
0.12290006770182814,0.27132408303753897,0.9923288749016522
0.12291313102188803,0.2713678661718036,0.9923288749016522
0.12299662519640703,0.27142626566955397,0.9923288749016522
0.12313177402607223,0.2714408694716453,0.9923288749016522
0.12313243780262213,0.27145547484530536,0.9923288749016522
0.12322218134810856,0.2714700817907878,0.9923288749016522
0.12397704222995284,0.2714846903083463,0.9923288749016522
0.12408814437182998,0.27149930039823483,0.9923288749016522
0.12411326667641938,0.2715139120607072,0.9923288749016522
0.12417237240278511,0.27152852529601723,0.9923288749016522
0.12422708309941134,0.2716601152334285,0.9923288749016522
0.12424746130412084,0.27167474421109317,0.9923288749016522
0.12428714863481471,0.27174791273902504,0.9923288749016522
0.1246305114086222,0.2718211206896552,0.9923288749016522
0.12463200439836372,0.2718357670133089,0.9923288749016522
0.12469788791750297,0.27186506439618474,0.9923288749016522
0.12472550118704272,0.2718797154559172,0.9923288749016522
0.12482792907843442,0.2719090223132478,0.9923288749016522
0.12496978203103978,0.2719383354894351,0.9923288749016522
0.12497189795091267,0.2719529944477387,0.9923288749016522
0.12507429417111504,0.2719676549865229,0.9923288749016522
0.12513725295150926,0.2719823171060434,0.9923288749016522
0.12523223705066816,0.271996980806556,0.9923288749016522
0.12524414728331906,0.2720116460883162,0.9923288749016522
0.125287895682442,0.27202631295157986,0.9923288749016522
0.12539417219318436,0.2720409813966029,0.9923288749016522
0.12548551654092557,0.2721143473570658,0.9923288749016522
0.12552428653203526,0.2723493845821637,0.9923288749016522
0.12553738285925828,0.2723934992710977,0.9923288749016522
0.12558967724592698,0.27240820734341253,0.9923288749016522
0.12566334543810972,0.2724229170041579,0.9923288749016522
0.1262774293984412,0.27245234109196953,0.9923288749016522
0.12630966661631787,0.27246705551955064,0.9923288749016522
0.12655434956601486,0.27249648914335095,0.9923288749016522
0.1265685154731175,0.27251120834008535,0.9923288749016522
0.1267182674702119,0.2725259291270527,0.9923288749016522
0.12688362074762113,0.27254065150451084,0.9923288749016522
0.12688442664413332,0.27255537547271746,0.9923288749016522
0.12688635279035657,0.2725701010319304,0.9923288749016522
0.12689796824880295,0.2725848281824076,0.9923288749016522
0.12693146841738287,0.27254552331550225,0.99213217938631
0.12717885548051486,0.27256025072949314,0.99213217938631
0.1273188592555862,0.2725749797352067,0.99213217938631
0.12741996586386642,0.27258971033290097,0.99213217938631
0.12752884624482505,0.2726044425228341,0.99213217938631
0.12763428093539478,0.2726191763052643,0.99213217938631
0.127674602502233,0.27264864864864863,0.99213217938631
0.12768117964363324,0.27267812736512054,0.99213217938631
0.1277948896104636,0.2727076124567474,0.99213217938631
0.12783333750147952,0.2727223573938902,0.99213217938631
0.12788844710005173,0.27273710392559747,0.99213217938631
0.12818192261853054,0.2727518520521278,0.99213217938631
0.12818861056158581,0.27276660177374,0.99213217938631
0.12836885897584474,0.2727813530906928,0.99213217938631
0.12851813293702527,0.2728108605116556,0.99213217938631
0.12853451866530188,0.2728403743170877,0.99213217938631
0.12856612445220544,0.27285513361462727,0.99213217938631
0.12861479677237783,0.2728698945090614,0.99213217938631
0.12873221488701422,0.27288465700064923,0.99213217938631
0.12876404765787416,0.27289942108964993,0.99213217938631
0.12881698396957617,0.2729141867763229,0.99213217938631
0.1289061117443238,0.2729732655049248,0.99213217938631
0.12894092643232685,0.27301759133964815,0.99213217938631
0.12902656068769106,0.27303236981704015,0.99213217938631
0.12902745788474532,0.2730619315721091,0.99213217938631
0.1291372674077114,0.2730767148503059,0.99213217938631
0.12914595619729005,0.27671713846829055,0.99213217938631
0.1291553326807012,0.27676268861454045,0.99213217938631
0.1292013111502462,0.27677787532923614,0.99213217938631
0.12937341708104136,0.2767930637106953,0.99213217938631
0.12940010195593354,0.27680825375919216,0.99213217938631
0.1294025266005987,0.27685383390965473,0.99213217938631
0.12948373895723242,0.2768690306290482,0.99213217938631
0.1295830581726724,0.2768842290168524,0.99213217938631
0.12959410208434663,0.27689942907334214,0.99213217938631
0.12965398615550738,0.2769146307987922,0.99213217938631
0.12968253430956375,0.27692983419347755,0.99213217938631
0.12973590993264458,0.27706673990661906,0.99213217938631
0.12989360868021005,0.27709718178322257,0.99213217938631
0.13002087730525375,0.27690447400241835,0.9909520062942565
0.1300467130666818,0.2769349164467898,0.9909520062942565
0.13014349387717208,0.2769501401792095,0.9909520062942565
0.13015461380649151,0.27678178618565774,0.9899685287175453
0.1301628825206174,0.27679700819446734,0.9899685287175453
0.130362259856052,0.2768122318776812,0.9899685287175453
0.13044142371134124,0.2768274572355756,0.9899685287175453
0.13052728824587112,0.2769340816551117,0.9899685287175453
0.1305758899768443,0.2769493204204039,0.9899685287175453
0.13110297759898765,0.27702553940995156,0.9899685287175453
0.13119811760615513,0.27704078824241757,0.9899685287175453
0.13125989814135777,0.2770560387537157,0.9899685287175453
0.13159168465367693,0.2771018003633761,0.9899685287175453
0.1317447418636774,0.2772086362634942,0.9899685287175453
0.13175613755156046,0.27733083535375797,0.9899685287175453
0.13188489095796374,0.2773461178156169,0.9899685287175453
0.13192488671598326,0.2773766877927804,0.9899685287175453
0.1320657646188407,0.27740726450972825,0.9899685287175453
0.13208392210339198,0.27742255539631794,0.9899685287175453
0.13212787808536203,0.27745314222712236,0.9899685287175453
0.13236628792547117,0.2774684381718948,0.9899685287175453
0.1324283512800935,0.2774837358032859,0.9899685287175453
0.13251113480386112,0.27762149042969825,0.9899685287175453
0.13268344584490166,0.2776368049426302,0.9899685287175453
0.13309526365550625,0.2776674390378462,0.9899685287175453
0.1331094534274631,0.27768275862068964,0.9899685287175453
0.13313199819725882,0.2791768360328378,0.9899685287175453
0.13321102785893296,0.27934728312149637,0.9899685287175453
0.1332287673788477,0.2795489891135303,0.9899685287175453
0.13325693771256528,0.2795645170249403,0.9899685287175453
0.1335430345896998,0.27958004666148206,0.9899685287175453
0.13378929377345838,0.27967326072460547,0.9899685287175453
0.1337943028421309,0.27970434589307547,0.9899685287175453
0.13383202363277652,0.27971989106874895,0.9899685287175453
0.13388598880380645,0.27975098660441333,0.9899685287175453
0.13391072775755533,0.27976653696498055,0.9899685287175453
0.1340615486234831,0.27978208905442215,0.9899685287175453
0.13415122916006686,0.2799221357063404,0.9899685287175453
0.13432113256816408,0.28,0.9899685287175453
0.13435748208679052,0.28001557805719374,0.9899685287175453
0.13438502452329482,0.28003115784788296,0.9899685287175453
0.1345999057156382,0.2800200411957913,0.9893784421715185
0.13465856967653758,0.28047284487565516,0.9893784421715185
0.13474495252918312,0.28056671128960287,0.9893784421715185
0.13512442220648513,0.2805823618006359,0.9893784421715185
0.135216868782856,0.2805422291643423,0.9891817466561762
0.13521966056062065,0.280557880055788,0.9891817466561762
0.13525822140218308,0.2806361607142857,0.9891817466561762
0.135293794842908,0.28061167541020204,0.988985051140834
0.13546575734761918,0.28062733716582017,0.988985051140834
0.13557515965724695,0.28064300066979236,0.988985051140834
0.13632075192981843,0.28072134442521357,0.988985051140834
0.13637313903886497,0.2807683716774626,0.988985051140834
0.13653824698436995,0.28081541468863447,0.988985051140834
0.1368768322314473,0.2813181894477704,0.988985051140834
0.13696895689147076,0.2813496726540205,0.988985051140834
0.1370425375713382,0.28144416456759025,0.988985051140834
0.137460698574293,0.2814756759782791,0.988985051140834
0.13747530017761397,0.2814914343298623,0.988985051140834
0.13748117460733228,0.2815229563269877,0.988985051140834
0.13760967452808937,0.2815387199731228,0.988985051140834
0.1376230267043169,0.2815544853847015,0.988985051140834
0.13764512790889116,0.2815702525620205,0.988985051140834
0.13782253625205837,0.2816333389346328,0.988985051140834
0.13783439370373993,0.2816964535828338,0.988985051140834
0.13812879600450312,0.2817122366651726,0.988985051140834
0.1382823191969412,0.2817280215162212,0.988985051140834
0.13833799837759592,0.28174380813627703,0.988985051140834
0.1383447910962567,0.2817595965256374,0.988985051140834
0.13847465742093396,0.28177538668459984,0.988985051140834
0.13879072550525634,0.2818543640338584,0.988985051140834
0.13888951836787677,0.2818859673711947,0.988985051140834
0.13889545980669651,0.28190177169769004,0.988985051140834
0.13891759089650194,0.2819491953120619,0.988985051140834
0.1389949037021813,0.2819650067294751,0.988985051140834
0.13906354757008293,0.2819808199203634,0.988985051140834
0.13911735841912573,0.2820282701368634,0.988985051140834
0.13924613885549336,0.2821073893283959,0.988985051140834
0.13934167018458038,0.2821390494360586,0.988985051140834
0.13945065919076347,0.28217071665076604,0.988985051140834
0.13958959453632924,0.2822023909749116,0.988985051140834
0.13962604120409586,0.2822182308037719,0.988985051140834
0.13976765375431305,0.28231330713082536,0.988985051140834
0.13979804228737439,0.282248553939462,0.9885916601101495
0.1399296607925273,0.2822644052566551,0.9885916601101495
0.1399754239079391,0.28228025835439485,0.9885916601101495
0.13998857350079094,0.28229611323298137,0.9885916601101495
0.14008025569717494,0.2823278283338951,0.9885916601101495
0.14016470311758766,0.28235955056179773,0.9885916601101495
0.1402325407816723,0.2824388873279011,0.9885916601101495
0.1402864752700804,0.2828680774425934,0.9885916601101495
0.14038462657253734,0.28309113439224964,0.9885916601101495
0.14044793132251573,0.28310708049343775,0.9885916601101495
0.14047253568250992,0.28318683795357225,0.9885916601101495
0.14051937083945523,0.28321875352192044,0.9885916601101495
0.1408009743546227,0.2832347140039448,0.9885916601101495
0.1408873721218146,0.28326664036521443,0.9885916601101495
0.14106353716398579,0.2832826062450682,0.9885916601101495
0.14107351436430896,0.28366632802799413,0.9885916601101495
0.14111733362281462,0.2836823389964441,0.9885916601101495
0.14114108896063057,0.2837624209575429,0.9885916601101495
0.1413234054479659,0.28377844277567615,0.9885916601101495
0.14136643904058926,0.2837944664031621,0.9885916601101495
0.14145400627305432,0.2838104918403072,0.9885916601101495
0.1415356946462928,0.2838265190874181,0.9885916601101495
0.14167792654645797,0.2838425481448015,0.9885916601101495
0.141797395002359,0.283858579012764,0.9885916601101495
0.14201884176890375,0.28387461169161254,0.9885916601101495
0.1422782267665075,0.2838906461816539,0.9885916601101495
0.1423244043561166,0.28390668248319495,0.9885916601101495
0.14239764284185016,0.2839387605220044,0.9885916601101495
0.14240354420241813,0.283954802259887,0.9885916601101495
0.14243136588558888,0.283986891174144,0.9885916601101495
0.14257829125010354,0.28409925951048554,0.9885916601101495
0.14295859347668086,0.2843403484951346,0.9885916601101495
0.1429907275591616,0.2843886154020257,0.9885916601101495
0.1430018207401447,0.28430762265859316,0.988198269079465
0.14300749091525933,0.28437199298126453,0.988198269079465
0.14315718414839645,0.2844363924588122,0.988198269079465
0.14318826281127187,0.2846942823142744,0.988198269079465
0.14354643139700124,0.2847265514310003,0.988198269079465
0.14387783338327415,0.284758827863742,0.988198269079465
0.14405750639691325,0.28471828590862713,0.9880015735641228
0.14408135176647338,0.28467773935717927,0.9878048780487805
0.14415713691412668,0.28469387755102044,0.9878048780487805
0.14419817761374928,0.28579558388345094,0.9878048780487805
0.14433771775559792,0.2858118490694895,0.9878048780487805
0.14442953169533757,0.2858281161070006,0.9878048780487805
0.14466814898668576,0.2858443849963003,0.9878048780487805
0.14477157321707462,0.2858606557377049,0.9878048780487805
0.14477690050318814,0.2858769283315307,0.9878048780487805
0.14502447364540413,0.28582816147582985,0.987411487018096
0.14526354495682875,0.2859095568971409,0.987411487018096
0.14542119562245825,0.28592584154468303,0.987411487018096
0.14545538893498802,0.28595841640558245,0.987411487018096
0.14547945263247908,0.28597470661957386,0.987411487018096
0.14548897722490584,0.2859909986896827,0.987411487018096
0.1457032834899914,0.2860235883995214,0.987411487018096
0.1461028127733229,0.28603988603988606,0.987411487018096
0.14615144989528378,0.28605618553763745,0.987411487018096
0.14643125738611884,0.2860724868930932,0.987411487018096
0.1464548478891801,0.2860887901065709,0.987411487018096
0.1466544385878048,0.28643158735592833,0.987411487018096
0.14668053413701998,0.28644793152639086,0.987411487018096
0.14700007671953835,0.2875236403232277,0.9868214004720692
0.14703633460907103,0.28763903222107556,0.9868214004720692
0.14706508765837412,0.2876555243392007,0.9868214004720692
0.14719611417085263,0.28770501204266546,0.9868214004720692
0.14731188509097906,0.28772151172793486,0.9868214004720692
0.147605321361147,0.28773801330580406,0.9868214004720692
0.1476095340424433,0.2877545167765988,0.9868214004720692
0.14762133310216513,0.2877710221406447,0.9868214004720692
0.14762298811764926,0.2878370625358577,0.9868214004720692
0.14767548970775835,0.2878535773710483,0.9868214004720692
0.1478005623324395,0.28787009410144593,0.9868214004720692
0.1478146516844596,0.2879196556671449,0.9868214004720692
0.14818630627854834,0.2879361799816345,0.9868214004720692
0.14829694933588772,0.2879527061929633,0.9868214004720692
0.1484249323244187,0.28831676340440204,0.9868214004720692
0.14846543720108185,0.2883499051669636,0.9868214004720692
0.14849799044138606,0.288383054549635,0.9868214004720692
0.14860362422477058,0.28839963209933317,0.9868214004720692
0.1486125723088902,0.28841621155504454,0.9868214004720692
0.14876656151547482,0.28843279291709784,0.9868214004720692
0.14882401186451225,0.28846596136154556,0.9868214004720692
0.14901698226965193,0.28848254844459775,0.9868214004720692
0.14910231687753955,0.28851572833400424,0.9868214004720692
0.14912100713273854,0.2885323211410168,0.9868214004720692
0.14958716419701382,0.288582111015243,0.9868214004720692
0.14978945970881605,0.2885987114588127,0.9868214004720692
0.15010315297633958,0.2886817423327004,0.9868214004720692
0.1501298591213677,0.2886983542409944,0.9868214004720692
0.150260277243322,0.28878144246819776,0.9868214004720692
0.15030433131827983,0.2887980658530969,0.9868214004720692
0.15037489094444065,0.2888146911519199,0.9868214004720692
0.1505332511974753,0.28883131836499715,0.9868214004720692
0.15067007826031384,0.28884794749265935,0.9868214004720692
0.15067088505103707,0.2888645785352372,0.9868214004720692
0.1506919939930952,0.2888978463664632,0.9868214004720692
0.15087366451763007,0.2889144831557731,0.9868214004720692
0.15088297576527732,0.28893112186132225,0.9868214004720692
0.15091283311551412,0.2889477624834418,0.9868214004720692
0.15102325060702462,0.28896440502246284,0.9868214004720692
0.1512017415956105,0.2890143441442479,0.9868214004720692
0.15134504041057517,0.2890309943541883,0.9868214004720692
0.15142045658947295,0.28906430053007603,0.9868214004720692
0.1515221337092941,0.2890976143828512,0.9868214004720692
0.15203159607072553,0.2891475995619849,0.9868214004720692
0.1525581117232413,0.289164265129683,0.9868214004720692
0.152620650753949,0.28918093261859473,0.9868214004720692
0.15289757299825166,0.2891976020290523,0.9868214004720692
0.15305580170562177,0.28921427336138816,0.9868214004720692
0.15340361597629823,0.2892309466159345,0.9868214004720692
0.15345663141389393,0.28924762179302393,0.9868214004720692
0.15351440911178035,0.28928097791616214,0.9868214004720692
0.15356112033635505,0.300221411046616,0.9868214004720692
0.15361531868639214,0.3002393776181927,0.9868214004720692
0.1536321572633104,0.30029329023762497,0.9868214004720692
0.15447643885092843,0.30031126541362385,0.9868214004720692
0.15510811474330433,0.3003472222222222,0.9868214004720692
0.15513363282475756,0.30047313888722527,0.9868214004720692
0.1551496119791676,0.3005091344713986,0.9868214004720692
0.15523324979979825,0.3005451386808842,0.9868214004720692
0.1555720352297257,0.30056314402108797,0.9868214004720692
0.15566045945205684,0.3005991611743559,0.9868214004720692
0.15576178819738684,0.3006712213831955,0.9868214004720692
0.1560005476923847,0.30070726444497725,0.9868214004720692
0.15600746336056198,0.3008695652173913,0.9868214004720692
0.15617010495892805,0.30097786309916613,0.9868214004720692
0.1561907546494754,0.30106817090734517,0.9868214004720692
0.15633944397930935,0.30108623897257397,0.9868214004720692
0.15635766045504154,0.301140456182473,0.9868214004720692
0.15637827823589998,0.30115853292514555,0.9868214004720692
0.1566197588535892,0.3011165806219234,0.9866247049567269
0.15670618715970747,0.3014966640620304,0.9866247049567269
0.15680628143650052,0.3015147872084636,0.9866247049567269
0.15693998877902027,0.30153291253381426,0.9866247049567269
0.15696651845589182,0.30251492672335806,0.9866247049567269
0.15745981353120733,0.3025331724969843,0.9866247049567269
0.15756435587447384,0.30256967064784657,0.9866247049567269
0.1576918959157457,0.3025879230258792,0.9866247049567269
0.1577791759659205,0.3026061776061776,0.9866247049567269
0.1578016464330181,0.3026244343891403,0.9866247049567269
0.15786643317662238,0.30266095456465336,0.9866247049567269
0.15804639814832772,0.3026974835556092,0.9866247049567269
0.15805388657130975,0.3027157513578757,0.9866247049567269
0.15809586751378388,0.30273402136520006,0.9866247049567269
0.15819403532520063,0.3037054976992008,0.9866247049567269
0.15819928242370596,0.3037422792781882,0.9866247049567269
0.1582590459931968,0.3037606734088294,0.9866247049567269
0.15839717222769492,0.30377906976744184,0.9866247049567269
0.1583998617031481,0.30390790669494094,0.9866247049567269
0.15845330154592946,0.30392632089190497,0.9866247049567269
0.15848788218946921,0.3044797863299745,0.9866247049567269
0.15855158264881497,0.3045167557066537,0.9866247049567269
0.15864844305362866,0.3045352437617631,0.9866247049567269
0.1588318355658153,0.30473876063183475,0.9866247049567269
0.1589602975064415,0.30618972042485654,0.9866247049567269
0.15897591663961044,0.3065077910174152,0.9866247049567269
0.15899502476680985,0.30654525453767645,0.9866247049567269
0.15915087953386198,0.3066764490095378,0.9866247049567269
0.15924371265588558,0.30669520024457353,0.9866247049567269
0.15957776411182437,0.3067139537727773,0.9866247049567269
0.15958334789979212,0.30673270959456983,0.9866247049567269
0.15984273809609334,0.3067702281206042,0.9866247049567269
0.1600868363206228,0.3069016152716593,0.9866247049567269
0.16080935624993703,0.30692039405249955,0.9866247049567269
0.16091122938162217,0.3069391751315628,0.9866247049567269
0.161001240408141,0.30695795850927116,0.9866247049567269
0.16102393047281452,0.30697674418604654,0.9866247049567269
0.16160874062001052,0.30672217460511814,0.9854445318646735
0.1616518588553483,0.30681609406577254,0.9854445318646735
0.1617707148930671,0.3067736403723665,0.9852478363493312
0.1618941103263079,0.3068815491145291,0.985051140833989
0.16208964906669782,0.30693797499387104,0.985051140833989
0.1623983839126064,0.30695678823168865,0.985051140833989
0.1624966086044084,0.306975603775898,0.985051140833989
0.16253795832959617,0.3069944216269233,0.985051140833989
0.16276825925851846,0.3070132417851888,0.985051140833989
0.1627969418289206,0.3074467432009331,0.985051140833989
0.16330322332973224,0.3074656188605108,0.985051140833989
0.1634049594864739,0.3076167076167076,0.985051140833989
0.16358196888698898,0.3076356041525892,0.985051140833989
0.16360386659499618,0.3077679449360865,0.985051140833989
0.16372045039866764,0.3078057775046097,0.985051140833989
0.16381305147898564,0.307843619375461,0.985051140833989
0.1641341328980612,0.30786254380033196,0.985051140833989
0.16427405092102246,0.30790039963110977,0.985051140833989
0.16428720591056975,0.30791933103787505,0.985051140833989
0.16436575078250126,0.3079382647727971,0.985051140833989
0.1644766393847494,0.3079572008363055,0.985051140833989
0.1645637820988753,0.3079761392288297,0.985051140833989
0.16471713812343727,0.3079950799507995,0.985051140833989
0.16487928989976627,0.30790995202361915,0.9846577498033044
0.16497063199928358,0.30804258199495416,0.9846577498033044
0.16516541574636037,0.30806153846153844,0.9846577498033044
0.16552785058458383,0.3085552268244576,0.9846577498033044
0.16554274209309516,0.3086503483568654,0.9846577498033044
0.165623323354604,0.30872648781991985,0.9846577498033044
0.16576197538052675,0.30876457164004195,0.9846577498033044
0.16577885589791996,0.3088598223099704,0.9846577498033044
0.1658615620769969,0.3088788794965138,0.9846577498033044
0.16607334385980246,0.308974200715961,0.9846577498033044
0.16653346987533657,0.3092032118591723,0.9846577498033044
0.16663348771603062,0.3092223114460436,0.9846577498033044
0.16693966787277556,0.3092414133926365,0.9846577498033044
0.16699824365277077,0.30927962436673667,0.9846577498033044
0.16703028744754075,0.3093178447849728,0.9846577498033044
0.16706548565493712,0.3093369585367361,0.9846577498033044
0.16719067505895832,0.30939431396786155,0.9846577498033044
0.16721865620039686,0.30941343717164227,0.9846577498033044
0.16742537717121136,0.30945169067194167,0.9846577498033044
0.16747330320319584,0.30952822605577196,0.9846577498033044
0.1676053508197395,0.3095856524427953,0.9846577498033044
0.16764995783577802,0.3096622541135717,0.9846577498033044
0.16781216697154325,0.3097197302480975,0.9846577498033044
0.16806924687166794,0.3098539242386729,0.9846577498033044
0.16813034444837663,0.30987310430207365,0.9846577498033044
0.16826228076649388,0.3098922867401263,0.9846577498033044
0.1683773351412343,0.3099114715532718,0.9846577498033044
0.1688791344920516,0.3099498483066064,0.9846577498033044
0.16890467383519833,0.309969040247678,0.9846577498033044
0.16891147468399562,0.30998823456560776,0.9846577498033044
0.16893452795646505,0.31000743126083724,0.9846577498033044
0.1693878252405544,0.3100458317849622,0.9846577498033044
0.16961373534930707,0.3101226613802503,0.9846577498033044
0.16977051728471815,0.3102956672658526,0.9846577498033044
0.1697721090123948,0.3103149020580213,0.9846577498033044
0.17000850184870495,0.31141524105754276,0.9846577498033044
0.17012662886416888,0.31143461490605945,0.9846577498033044
0.17027733781657478,0.31215314585022136,0.9846577498033044
0.17028158406975763,0.31217261162384635,0.9846577498033044
0.17047508577717665,0.3122310235140024,0.9846577498033044
0.1705779029847254,0.3124453875920609,0.9846577498033044
0.1705928331504204,0.31246488983209536,0.9846577498033044
0.170622812853196,0.31248439450686644,0.9846577498033044
0.1709252154171092,0.31262099544120403,0.9846577498033044
0.171114668763733,0.31264051961029227,0.9846577498033044
0.17125522083144276,0.31266004621822496,0.9846577498033044
0.17128395964259244,0.3127381770475417,0.9846577498033044
0.1713208118280954,0.3127577158565538,0.9846577498033044
0.17142323033034865,0.31277725710715404,0.9846577498033044
0.17153720438659234,0.31279680079980005,0.9846577498033044
0.17206869565254082,0.3128554465345916,0.9846577498033044
0.17209495941061542,0.312875,0.9846577498033044
0.17214997375747815,0.3129336750640745,0.9846577498033044
0.17215274518788964,0.3129532383095774,0.9846577498033044
0.1723834394221565,0.3130902495465633,0.9846577498033044
0.17240700654064126,0.3131098323742807,0.9846577498033044
0.1726542692707355,0.3131294176518421,0.9846577498033044
0.17295756738079587,0.31314900537970725,0.9846577498033044
0.17316450701289307,0.3131685955583359,0.9846577498033044
0.17341638473208246,0.31322738080340384,0.9846577498033044
0.17362013048396827,0.31324698078968777,0.9846577498033044
0.1741025390910563,0.3132665832290363,0.9846577498033044
0.17434144590149978,0.3136984584534403,0.9846577498033044
0.17434635409684693,0.31381644934804415,0.9846577498033044
0.1744119703411309,0.3139345290354948,0.9846577498033044
0.1745184956643117,0.31395421762307935,0.9846577498033044
0.1747367111865343,0.31405269761606025,0.9846577498033044
0.1747919742797031,0.31407240102892275,0.9846577498033044
0.1748144605325138,0.3140921069142929,0.9846577498033044
0.17491716507421806,0.314111815272636,0.9846577498033044
0.1749288674478566,0.3141709551901594,0.9846577498033044
0.17498945293570792,0.31419067344505114,0.9846577498033044
0.17503174149818648,0.31421039417524477,0.9846577498033044
0.1751975111243576,0.3143682491836222,0.9846577498033044
0.17530971274021975,0.3143879922125228,0.9846577498033044
0.17544683263944744,0.31442748571069656,0.9846577498033044
0.17550451756960356,0.31444723618090453,0.9846577498033044
0.17581010718156206,0.3144669891324832,0.9846577498033044
0.17595883092530207,0.31448674456590026,0.9846577498033044
0.17618402554121973,0.31460532931121166,0.9846577498033044
0.17662801322033148,0.31462510213060146,0.9846577498033044
0.176648684938023,0.3146448774355751,0.9846577498033044
0.1768149594862358,0.3146844355041489,0.9846577498033044
0.17687455134855593,0.3147042182686867,0.9846577498033044
0.17696916255614603,0.314724003520684,0.9846577498033044
0.17719474826244214,0.3147635814889336,0.9846577498033044
0.17724376127145822,0.3149021828017865,0.9846577498033044
0.17737591085045037,0.3149219929542023,0.9846577498033044
0.1774368772697456,0.31494180559924506,0.9846577498033044
0.17747585555931264,0.31496162073738515,0.9846577498033044
0.17770811640544004,0.3149814383690933,0.9846577498033044
0.17786754347619854,0.3150012584948402,0.9846577498033044
0.17789719985732874,0.31508056394763345,0.9846577498033044
0.17793558659257516,0.3151003965506389,0.9846577498033044
0.17803625274493087,0.31523929471032747,0.9846577498033044
0.17834345878442515,0.31525914730146737,0.9846577498033044
0.17834801639462627,0.31533858267716536,0.9846577498033044
0.178397702774766,0.3154776909503403,0.9846577498033044
0.1785963975529781,0.315497573580387,0.9846577498033044
0.17860453382964053,0.3155174587167528,0.9846577498033044
0.17925204826923846,0.31553734635991176,0.9846577498033044
0.1792828730751361,0.31557712916850533,0.9846577498033044
0.17931820972275947,0.3155970243348884,0.9846577498033044
0.17937984799994253,0.31561692200996155,0.9846577498033044
0.17948002718877526,0.31545741324921134,0.983477576711251
0.17962075634658844,0.31547731718089467,0.983477576711251
0.17965026375384718,0.3158559696778269,0.983477576711251
0.1796755779935564,0.31589588071771546,0.983477576711251
0.17987383537860893,0.31599570245844655,0.983477576711251
0.17991401663458706,0.3160156743774491,0.983477576711251
0.18001713313432383,0.316035648821187,0.983477576711251
0.18013102620369525,0.3160756052847841,0.983477576711251
0.180499143288134,0.3161555485298767,0.983477576711251
0.18055503613286525,0.3161755406601745,0.983477576711251
0.18067835715691197,0.3161955353190413,0.983477576711251
0.18125618833290136,0.3162155325069567,0.983477576711251
0.18126319635335256,0.3162355322244007,0.983477576711251
0.18143839800519734,0.3162755392497944,0.983477576711251
0.18148706143597712,0.3163155563990637,0.983477576711251
0.1816391312987969,0.31633556877135266,0.983477576711251
0.1818580105214298,0.3163555836760519,0.983477576711251
0.1819677527232656,0.3163756011136421,0.983477576711251
0.18220567198401974,0.3163956210846042,0.983477576711251
0.1823726258434522,0.3164757263117919,0.983477576711251
0.18253565450847664,0.31651579413812747,0.983477576711251
0.1829753799352139,0.31675641431738993,0.983477576711251
0.18323610282543729,0.31750063500127,0.983477576711251
0.1834534684555301,0.31762164909160207,0.983477576711251
0.1835597604166576,0.3176620076238882,0.983477576711251
0.1836921761015475,0.31761865429824004,0.9832808811959087
0.18388021168743574,0.3176590201436106,0.9832808811959087
0.1840379138914115,0.3177397826225132,0.9832808811959087
0.18424025462181537,0.31775997965929315,0.9832808811959087
0.1842403322336776,0.31778017926387386,0.9832808811959087
0.1842413521275671,0.31780038143674505,0.9832808811959087
0.18461129193001852,0.3178205861783966,0.9832808811959087
0.1847253073376235,0.31784079348931843,0.9832808811959087
0.1848941524991849,0.3178610033700006,0.9832808811959087
0.1851600731892479,0.31796209133698,0.9832808811959087
0.1851733685999195,0.31798231664652377,0.9832808811959087
0.1851934623256002,0.3180025445292621,0.9832808811959087
0.18526555970897762,0.3180632436215563,0.9832808811959087
0.18552473312776135,0.3181037225580655,0.9832808811959087
0.18566388142574272,0.3181239658902889,0.9832808811959087
0.1857339203692045,0.31818471134873655,0.9832808811959087
0.18586224079065955,0.3180979056591763,0.9828874901652243
0.18587604977838518,0.3188895979578813,0.9828874901652243
0.1862699069788357,0.31890994958197716,0.9828874901652243
0.18632070581595633,0.31893030380393156,0.9828874901652243
0.18663636055238794,0.3189710200434061,0.9828874901652243
0.18748199716181374,0.3187535917246664,0.981904012588513
0.18781377213692163,0.31877394636015327,0.981904012588513
0.18788916361175131,0.31879430359537647,0.981904012588513
0.188130001509284,0.3188146634308341,0.981904012588513
0.18859577254980028,0.31883502586702434,0.981904012588513
0.1888189198882142,0.3189980190427503,0.981904012588513
0.1893460408714444,0.31901840490797545,0.981904012588513
0.1894486555058639,0.319242821513078,0.981904012588513
0.18961660106518136,0.3192632386799693,0.981904012588513
0.1899887137069263,0.31928365845858653,0.981904012588513
0.19068239706280082,0.31930408084943074,0.981904012588513
0.19068932247925194,0.3222308288148722,0.981904012588513
0.19079157929920532,0.3222724338282763,0.981904012588513
0.19084123043703025,0.32231404958677684,0.981904012588513
0.19084137629144965,0.3223348614967392,0.981904012588513
0.19086858991649983,0.322355676094537,0.981904012588513
0.19111674629783845,0.3224389613744994,0.981904012588513
0.19174001675316116,0.32245978941928816,0.981904012588513
0.19206100860018824,0.3225014535822728,0.981904012588513
0.19206869859819095,0.32254312851327777,0.981904012588513
0.19228661741829642,0.3226265106960512,0.981904012588513
0.19289297535135289,0.32264736297828334,0.981904012588513
0.19292602529294028,0.3227099360010343,0.981904012588513
0.19304950634649481,0.32298136645962733,0.981904012588513
0.19305141773274254,0.32300226463927534,0.981904012588513
0.19320854737641754,0.3230858844087761,0.981904012588513
0.19359801922794337,0.32310679611650484,0.981904012588513
0.1936063971442263,0.3231695474849485,0.981904012588513
0.19373733865644058,0.32377740303541314,0.981904012588513
0.19386576263224192,0.32381940840685003,0.981904012588513
0.19388430590675895,0.32384041518001944,0.981904012588513
0.19402946639411925,0.32386142467886336,0.981904012588513
0.1942834111167795,0.3238824369039123,0.981904012588513
0.19432032883017875,0.3239244695347479,0.981904012588513
0.1945406244935935,0.3239454899415964,0.981904012588513
0.19459660973171072,0.3239665130767733,0.981904012588513
0.1950592401273108,0.32398753894080995,0.981904012588513
0.19527935715078007,0.3240085675342377,0.981904012588513
0.19531478113055062,0.3245773732119636,0.981904012588513
0.19535923200998245,0.3245984784446323,0.981904012588513
0.19542179574676263,0.3246406971450868,0.981904012588513
0.19547698076716724,0.32466181061394384,0.981904012588513
0.19548402822333913,0.3247040457915962,0.981904012588513
0.19555913325592073,0.32474629195940674,0.981904012588513
0.195570742383912,0.32476741916596186,0.981904012588513
0.1958066824483678,0.3247885491216656,0.981904012588513
0.19634201208077207,0.32480968182705444,0.981904012588513
0.19636109363908547,0.325,0.981904012588513
0.19672713626658805,0.3250211602317859,0.981904012588513
0.19683166064694807,0.32504232321916915,0.981904012588513
0.1969091626541328,0.32506348896268805,0.981904012588513
0.19706918831744105,0.32508465746288095,0.981904012588513
0.19716871686750012,0.32510582872028654,0.981904012588513
0.19734490105918365,0.32514817950889074,0.981904012588513
0.19748560504308582,0.3251693590411673,0.981904012588513
0.19755132420633534,0.3251905413328122,0.981904012588513
0.1976937813422927,0.3252329141963646,0.981904012588513
0.1978326674639155,0.32527529810386396,0.981904012588513
0.19794294630738316,0.32523133063990617,0.9817073170731707
0.19812666010391428,0.32525252525252524,0.9817073170731707
0.19817137739568497,0.32527372262773724,0.9817073170731707
0.19837042849548742,0.32529492276608224,0.9817073170731707
0.19841344284815396,0.32550707624078784,0.9817073170731707
0.19851187180469174,0.32561325678496866,0.9817073170731707
0.1991615805205362,0.3256557484014094,0.9817073170731707
0.19920487183419847,0.3256982511093709,0.9817073170731707
0.1993054316364987,0.3257407649131967,0.9817073170731707
0.19932862593619127,0.3257620259774166,0.9817073170731707
0.19954520720647714,0.325953500522466,0.9817073170731707
0.1996848065463825,0.32597478936712165,0.9817073170731707
0.19985443678317008,0.3260386725894957,0.9817073170731707
0.2001784673521052,0.32605997256157315,0.9817073170731707
0.2003696903092612,0.32601594146086504,0.9815106215578285
0.2006688414714153,0.3260372427311336,0.9815106215578285
0.20109605489117982,0.3260798536234725,0.9815106215578285
0.201223528398386,0.32612247565518593,0.9815106215578285
0.2012319989156022,0.3261437908496732,0.9815106215578285
0.20132171711709732,0.32620775315421324,0.9815106215578285
0.20142684206641287,0.32652794136893076,0.9815106215578285
0.20144048777269646,0.32654930960015704,0.9815106215578285
0.2014896614193953,0.3265920544538255,0.9815106215578285
0.20206772761189112,0.3266134310773661,0.9815106215578285
0.20208468871596502,0.3266348104994436,0.9815106215578285
0.20210915899065082,0.3266561927206075,0.9815106215578285
0.2021705377800756,0.32667757774140754,0.9815106215578285
0.2029059503058151,0.3266989655623936,0.9815106215578285
0.2031195724745946,0.32672035618411577,0.9815106215578285
0.2031912880149183,0.32674174960712415,0.9815106215578285
0.2034478959132375,0.3269772623026014,0.9815106215578285
0.20345458936701227,0.3269986893840105,0.9815106215578285
0.20354883457158565,0.3270415519727356,0.9815106215578285
0.20364774624195853,0.3272774972125664,0.9815106215578285
0.20377699713026354,0.32738485763023223,0.9815106215578285
0.20444218654358792,0.32740633816678694,0.9815106215578285
0.20457986948404486,0.3274278215223097,0.9815106215578285
0.20464634513921626,0.3274493076973555,0.9815106215578285
0.20506188887313523,0.3274707966924793,0.9815106215578285
0.20542968115489008,0.32749228850823653,0.9815106215578285
0.20548124446821092,0.3275137831451825,0.9815106215578285
0.20570687168145915,0.32753528060387266,0.9815106215578285
0.20584482129356949,0.3275567808848628,0.9815106215578285
0.2058653345004091,0.32757828398870875,0.9815106215578285
0.20646396706973172,0.3306606586707309,0.9815106215578285
0.20648459115510082,0.3310335677325196,0.9815106215578285
0.20678303063080505,0.33107749469214437,0.9815106215578285
0.2073288301836714,0.3310994625439586,0.9815106215578285
0.20743490226045416,0.331143406994492,0.9815106215578285
0.20744600652111517,0.3311653835943722,0.9815106215578285
0.20758315342406367,0.3311873631114356,0.9815106215578285
0.20763214665492555,0.3321794701105046,0.9815106215578285
0.20773526417787017,0.33220158444843884,0.9815106215578285
0.207784448397822,0.3322237017310253,0.9815106215578285
0.20795849494400234,0.3336676696756937,0.9815106215578285
0.20796919166418698,0.3336899826133476,0.9815106215578285
0.2081578279382323,0.3337346174424826,0.9815106215578285
0.20845429983528638,0.33375693933516154,0.9815106215578285
0.2085892106885234,0.3337792642140468,0.9815106215578285
0.20867427092295648,0.3338685936036398,0.9815106215578285
0.20885779898168796,0.33389093342254933,0.9815106215578285
0.20903322556058923,0.33393562203038213,0.9815106215578285
0.20917955538427643,0.33395797082050593,0.9815106215578285
0.20921450213186596,0.334047395903066,0.9815106215578285
0.20929643389426592,0.3341368688897817,0.9815106215578285
0.20937786871381184,0.3342711682743837,0.9815106215578285
0.20975299715898799,0.3342935620017418,0.9815106215578285
0.20992405906355818,0.33431595872973335,0.9815106215578285
0.21010895302692537,0.33438316692354086,0.9815106215578285
0.2104917177333357,0.3344055756600992,0.9815106215578285
0.21051715320173509,0.3345625209520617,0.9815106215578285
0.21066576262638936,0.3345849537347459,0.9815106215578285
0.21101841705865187,0.33471961363026564,0.9815106215578285
0.2115274307955098,0.33476452435260967,0.9815106215578285
0.2115688926601758,0.3347869842334787,0.9815106215578285
0.21215176129814595,0.3348094471282877,0.9815106215578285
0.2122441436152441,0.334944287823869,0.9815106215578285
0.21232998403985395,0.334966771833255,0.9815106215578285
0.2123747243783393,0.3349892588614393,0.9815106215578285
0.21237889974385346,0.33501174890902985,0.9815106215578285
0.21242411917688495,0.33525933888739584,0.9815106215578285
0.21252413233726772,0.33528186521534636,0.9815106215578285
0.21289488290385675,0.3353043945706222,0.9815106215578285
0.21344987931689385,0.33532692695383376,0.9815106215578285
0.21381143069370234,0.3353494623655914,0.9815106215578285
0.21387485389975258,0.3353720008065058,0.9815106215578285
0.21405844441834396,0.3359138337260182,0.9815106215578285
0.2142522195726367,0.33598168596821976,0.9815106215578285
0.214354644994288,0.336026936026936,0.9815106215578285
0.21467408800670001,0.3361627593640528,0.9815106215578285
0.21484653472508305,0.33618540726268276,0.9815106215578285
0.21492877713423644,0.3362533692722372,0.9815106215578285
0.21493371588600477,0.3364347357065804,0.9815106215578285
0.21539690095187264,0.33645742026835684,0.9815106215578285
0.2155703210133137,0.33648010788941335,0.9815106215578285
0.21563982851864835,0.33650279857036886,0.9815106215578285
0.21565628039913906,0.336570888978821,0.9815106215578285
0.21635652721907248,0.3367071524966262,0.9815106215578285
0.21645885398990514,0.3370710618751689,0.9815106215578285
0.21663577570162337,0.3370938323312842,0.9815106215578285
0.21687925913502543,0.33711660586407244,0.9815106215578285
0.2173205177524505,0.337207730774429,0.9815106215578285
0.2174637280679198,0.3372533117058665,0.9815106215578285
0.2176317103570477,0.33727610679283543,0.9815106215578285
0.21790158440436036,0.33729890496147086,0.9815106215578285
0.21806348560570246,0.33732170621239776,0.9815106215578285
0.21869645530190374,0.33752705627705626,0.9815106215578285
0.21920103261428697,0.33807588075880757,0.9815106215578285
0.21921870496097562,0.3384657125415451,0.9815106215578285
0.2194297302310503,0.33848867182200515,0.9815106215578285
0.21958831740886145,0.33851163421748864,0.9815106215578285
0.21965618151361654,0.33858054010042066,0.9815106215578285
0.2197643900474172,0.33862649294245384,0.9815106215578285
0.22014905280836405,0.33864947404139806,0.9815106215578285
0.22023112075141218,0.33860458802769106,0.9813139260424862
0.2203275824818915,0.33862757075951944,0.9813139260424862
0.2204060980065309,0.33865055661145804,0.9813139260424862
0.22041081095586262,0.3386735455841423,0.9813139260424862
0.2206185693219082,0.33869653767820773,0.9813139260424862
0.22066916080983773,0.3387195328942902,0.9813139260424862
0.22090593694135996,0.33874253123302556,0.9813139260424862
0.22135590558771667,0.3389726865063188,0.9813139260424862
0.22145339036065936,0.3389957192362574,0.9813139260424862
0.22149415287696983,0.3390187550964936,0.9813139260424862
0.22149948222286472,0.33904179408766566,0.9813139260424862
0.22167052926487002,0.33906483621041184,0.9813139260424862
0.22196975614454306,0.3390878814653708,0.9813139260424862
0.2222612754022702,0.3391339813744817,0.9813139260424862
0.22271406315548883,0.33915703602991165,0.9813139260424862
0.22294567282529937,0.3392723563413805,0.9813139260424862
0.22341562545797547,0.3393646690701313,0.9813139260424862
0.2234664469685812,0.3394570320473566,0.9813139260424862
0.22353946183284967,0.3394801306477953,0.9813139260424862
0.22403749433333722,0.33950323239197006,0.9813139260424862
0.22409132027405795,0.33952633728052267,0.9813139260424862
0.22433938151079874,0.33954944531409514,0.9813139260424862
0.2247863557778723,0.3395725564933297,0.9813139260424862
0.2250981920171545,0.3396650326797386,0.9813139260424862
0.22511116639515155,0.33968815959692245,0.9813139260424862
0.22543590436883615,0.3400122674299734,0.9813139260424862
0.22599576278434244,0.34003544165757904,0.9813139260424862
0.22634345701969777,0.3403137789904502,0.9813139260424862
0.22659724150357918,0.3403602128530495,0.9813139260424862
0.22669649126059432,0.34038343453639897,0.9813139260424862
0.22726562190172836,0.3404066593886463,0.9813139260424862
0.22761610935696328,0.3404298874104401,0.9813139260424862
0.22785365428143198,0.3404531186024294,0.9813139260424862
0.22810672267021032,0.34054607508532425,0.9813139260424862
0.22819849536313944,0.3405693221380299,0.9813139260424862
0.22824536456163647,0.34073214041797567,0.9813139260424862
0.2286094510404822,0.34087182290243234,0.9813139260424862
0.22938817224866923,0.34091840918409183,0.9813139260424862
0.22954508693192396,0.34096500820120285,0.9813139260424862
0.2299408191412018,0.34098831248718475,0.9813139260424862
0.23095984063603847,0.3410116199589884,0.9813139260424862
0.23124870522645677,0.34096657324492446,0.981117230527144
0.23129309085759892,0.3409898824172819,0.981117230527144
0.23130279449812918,0.34101319477678266,0.981117230527144
0.23140834011104253,0.3411064760992956,0.981117230527144
0.2314182197745537,0.3412464938085791,0.981117230527144
0.23177947024269582,0.3412698412698413,0.981117230527144
0.23182431658672703,0.34143336299541377,0.981117230527144
0.2319909403354609,0.3414567360350493,0.981117230527144
0.23251267010810697,0.3414116519476963,0.9809205350118018
0.23291460683830423,0.34145840465593974,0.9809205350118018
0.23347873858130094,0.34157534246575344,0.9809205350118018
0.23351236282704887,0.34162214001918073,0.9809205350118018
0.2337190237357396,0.34169236039739637,0.9809205350118018
0.23378248061656787,0.34187975594707615,0.9809205350118018
0.23422659266722504,0.3419969825812646,0.9809205350118018
0.23424293027806134,0.34223167718912983,0.9809205350118018
0.23464388317968482,0.3422786547700755,0.9809205350118018
0.23500817002173544,0.3423491453284822,0.9809205350118018
0.23560584706606746,0.34246669413542097,0.9809205350118018
0.23574984083799683,0.3427962606543855,0.9809205350118018
0.23634204182094398,0.3428433933727485,0.9809205350118018
0.23642704356019942,0.34286696459264354,0.9809205350118018
0.23648203229617593,0.3428905390539054,0.9809205350118018
0.2367008480618612,0.34305565109720026,0.9809205350118018
0.23682262559103592,0.3431028551771586,0.9809205350118018
0.23698034184893157,0.3431736856592348,0.9809205350118018
0.2370074946453645,0.34319730231917966,0.9809205350118018
0.23734243605572897,0.3432681718061674,0.9809205350118018
0.23739144526382092,0.34333907056798624,0.9809205350118018
0.237572576748513,0.3433863526819528,0.9809205350118018
0.23818393679104027,0.3434573002754821,0.9809205350118018
0.23836040480491139,0.3438598910570227,0.9809205350118018
0.2384050474391915,0.34390731673677677,0.9809205350118018
0.23956932861730723,0.34395475550037935,0.9809205350118018
0.23966520336100033,0.3440734096867669,0.9809205350118018
0.23973160537823585,0.34409715034844407,0.9809205350118018
0.24002269335744006,0.3441208942865029,0.9809205350118018
0.24053554705881425,0.3443109638221486,0.9809205350118018
0.24061098431364825,0.3443347372781882,0.9809205350118018
0.2412749849106244,0.3443585140174009,0.9809205350118018
0.2413286745587821,0.34438229404046683,0.9809205350118018
0.24144303626062566,0.34445365381958837,0.9809205350118018
0.24171115112842032,0.34454884620699183,0.9809205350118018
0.24181020462123692,0.3445964621337756,0.9809205350118018
0.2426498782523545,0.3446202750328243,0.9809205350118018
0.24280584282714354,0.3446440912232205,0.9809205350118018
0.2432382125747748,0.34466791070564656,0.9809205350118018
0.24364339573567817,0.3446917334807852,0.9809205350118018
0.24399288053649482,0.3447393889119314,0.9809205350118018
0.24412867909945463,0.3447870575221239,0.9809205350118018
0.24519992808973598,0.34493014248167103,0.9809205350118018
0.2452642414788423,0.34495400152175415,0.9809205350118018
0.2455901640567068,0.344977863862756,0.9809205350118018
0.24566659031166566,0.345025598450256,0.9809205350118018
0.24599856369328146,0.34504947069812497,0.9809205350118018
0.24712003897352308,0.34509722510552904,0.9809205350118018
0.24761035518485547,0.34512110726643597,0.9809205350118018
0.24776369858808317,0.34521666897411046,0.9809205350118018
0.24802839318863001,0.3454318764286209,0.9809205350118018
0.2484250768931804,0.34593507214206437,0.9809205350118018
0.24847863760415415,0.34595907041276447,0.9809205350118018
0.24883874771449802,0.3459136950187318,0.9807238394964595
0.2488735476983066,0.34593769513633527,0.9807238394964595
0.24900249413938777,0.3467315716272601,0.9807238394964595
0.2490663868287671,0.34694871616449796,0.9807238394964595
0.24913300527402468,0.34719030708167953,0.9807238394964595
0.25016954630637234,0.34721448467966576,0.9807238394964595
0.25017019008199937,0.3472386656452399,0.9807238394964595
0.25021001116232416,0.3472628499791057,0.9807238394964595
0.25060658951836423,0.3473596210115647,0.9807238394964595
0.2510722642236525,0.34738382219745,0.9807238394964595
0.2514510306038032,0.34743223468747825,0.9807238394964595
0.2520824560142745,0.34752910016031224,0.9807238394964595
0.2520894182873998,0.3474836191272829,0.9805271439811172
0.2528081718021782,0.347532069157836,0.9805271439811172
0.25300638705642015,0.3475562992400474,0.9805271439811172
0.2530278422682913,0.34758053270115746,0.9805271439811172
0.2535247549666952,0.34760476954187297,0.9805271439811172
0.2538395358013427,0.34762900976290095,0.9805271439811172
0.2543858641082628,0.34765325336494873,0.9805271439811172
0.25473691727962483,0.3476775003487237,0.9805271439811172
0.25519446518860633,0.34796872818651403,0.9805271439811172
0.2554489930235775,0.3480659125820416,0.9805271439811172
0.25554600030559926,0.3481145251396648,0.9805271439811172
0.2565805822711259,0.3481874694419222,0.9805271439811172
0.25661182411702654,0.3482117910030735,0.9805271439811172
0.25667541160039153,0.34816625916870414,0.980330448465775
0.25673157596539214,0.3481905826463602,0.980330448465775
0.2568406430758908,0.3482149095228114,0.980330448465775
0.2572363044223133,0.34833659491193736,0.980330448465775
0.257364563035347,0.3522012578616352,0.980330448465775
0.2584162767203425,0.35222614840989397,0.980330448465775
0.2588037110719738,0.35225104247650013,0.980330448465775
0.25909847988827206,0.35230084116773874,0.980330448465775
0.26034733220605644,0.352325745793864,0.980330448465775
0.2614682528289192,0.35237556561085975,0.980330448465775
0.2619483274433507,0.3524004808032242,0.980330448465775
0.2625453138580357,0.3524253995191628,0.980330448465775
0.26291182698489873,0.352450321759423,0.980330448465775
0.26301452261168085,0.35526409580155394,0.980330448465775
0.26303493707499,0.35528942115768464,0.980330448465775
0.2632081158833948,0.35534008270355055,0.980330448465775
0.2634646802378709,0.3553194523673702,0.9801337529504327
0.263944475427297,0.35542082738944364,0.9801337529504327
0.2641130971239883,0.3555729984301413,0.9801337529504327
0.2643015070565044,0.3555983729394134,0.9801337529504327
0.26436864238445973,0.355552383671139,0.9799370574350905
0.26516008435488325,0.3555777603311684,0.9799370574350905
0.26546852137961197,0.3570558302873934,0.9799370574350905
0.2654825574626282,0.35710701741810624,0.9799370574350905
0.26605757629501825,0.35723504947655244,0.9799370574350905
0.26626710449425645,0.35726066690570096,0.9799370574350905
0.266626987447068,0.35728628800917955,0.9799370574350905
0.2670466793176205,0.35822721059068996,0.9793469708890638
0.267202204260833,0.358252986041157,0.9793469708890638
0.26726383732581227,0.35827876520112256,0.9793469708890638
0.2679636564383625,0.35830454807138745,0.9793469708890638
0.26812651861479475,0.35833033465275277,0.9793469708890638
0.2684003453538752,0.35835612494601987,0.9793469708890638
0.26873313905600366,0.35838191895199023,0.9793469708890638
0.2691445637146095,0.358433518105248,0.9793469708890638
0.269864584301682,0.35845932325413965,0.9793469708890638
0.2707679871096388,0.35848513211894306,0.9793469708890638
0.27118157805560156,0.35851094470046085,0.9793469708890638
0.27160327873950807,0.35853676099949594,0.9793469708890638
0.2717289583065425,0.3585625810168515,0.9793469708890638
0.27211831972309974,0.3586142322097378,0.9793469708890638
0.2726212000601859,0.35902797807903086,0.9793469708890638
0.2726635715191895,0.359390789663635,0.9793469708890638
0.27447159576127933,0.3594167328376525,0.9793469708890638
0.27456101620723705,0.36048363741673906,0.9793469708890638
0.2753953687955918,0.36050973861414815,0.9793469708890638
0.2759123796235583,0.3605619523499167,0.9793469708890638
0.2760441872889172,0.3606141812124285,0.9793469708890638
0.27612336724970993,0.3606403013182674,0.9793469708890638
0.27636944853351914,0.36066642520825787,0.9793469708890638
0.27673324161379753,0.36074481959136356,0.9793469708890638
0.2767806714437947,0.36069850010868776,0.9791502753737215
0.2768377242572746,0.3615630447414294,0.9791502753737215
0.2771689196305011,0.36158930776494513,0.9791502753737215
0.2775241773963662,0.36164184525971665,0.9791502753737215
0.2783126443125896,0.3616943980236867,0.9791502753737215
0.278649587179313,0.3617732558139535,0.9791502753737215
0.2796126644627791,0.36216806111313204,0.9791502753737215
0.27996639266246304,0.3621944121071013,0.9791502753737215
0.28015235690450613,0.3633576642335766,0.9791502753737215
0.28023256105734984,0.36343724903263486,0.9791502753737215
0.2802424335147878,0.36351686870162114,0.9791502753737215
0.2806171991400413,0.3635699678644464,0.9791502753737215
0.28215323858660346,0.3635300993571011,0.978756884343037
0.282554919152333,0.3668044890726521,0.977183320220299
0.28282548794841755,0.36683157350660855,0.977183320220299
0.28287899114567083,0.3668857543756,0.977183320220299
0.2829649267533412,0.36726546906187624,0.977183320220299
0.28319607930233465,0.3672926216176253,0.977183320220299
0.28393813059802775,0.36737410337942766,0.977183320220299
0.2840568596295554,0.36745562130177517,0.977183320220299
0.2841501588835831,0.36748280198239514,0.977183320220299
0.2858036883909138,0.36750998668442075,0.977183320220299
0.28610851346834676,0.36759156492785794,0.977183320220299
0.28617800506228563,0.36767317939609234,0.977183320220299
0.2871415127965654,0.36783651710350956,0.977183320220299
0.2883194316298641,0.367863754165124,0.977183320220299
0.28842473217375925,0.3679727427597956,0.977183320220299
0.2894042163323779,0.3680545265965328,0.977183320220299
0.28942760491204206,0.3684366656778404,0.977183320220299
0.28978542843753724,0.3684913217623498,0.977183320220299
0.29031995907859837,0.36860068259385664,0.977183320220299
0.29040115859841054,0.3687374749498998,0.977183320220299
0.2904996825294709,0.3687648456057007,0.977183320220299
0.29056560963015793,0.3687922203251429,0.977183320220299
0.2905809117341757,0.3688195991091314,0.977183320220299
0.2914417148986796,0.3712727000971527,0.977183320220299
0.29158037457245595,0.3717171717171717,0.977183320220299
0.29210965564447444,0.3718006286484059,0.977183320220299
0.29240738604879674,0.3722184760620364,0.977183320220299
0.2932907001979039,0.3722463659523453,0.977183320220299
0.29330647890442657,0.37222721822541965,0.9769866247049567
0.2937436005153143,0.37225511504159486,0.9769866247049567
0.2942263047496359,0.3721610074207331,0.9765932336742722
0.2954048089755832,0.3721889055472264,0.9765932336742722
0.2954829683246545,0.3722168078566609,0.9765932336742722
0.2961955240940532,0.3722447143499775,0.9765932336742722
0.29671154059186416,0.37227262502811725,0.9765932336742722
0.2975266975821233,0.3723005398920216,0.9765932336742722
0.2976706665177764,0.3723843096077402,0.9765932336742722
0.2978237410814757,0.3724122412241224,0.9765932336742722
0.2987488881799318,0.3724401770309804,0.9765932336742722
0.29894681922673766,0.3723930982745686,0.97639653815893
0.2996160934463836,0.37242103683697203,0.97639653815893
0.2998150017141087,0.37244897959183676,0.97639653815893
0.3006089635062372,0.3725048776827255,0.97639653815893
0.3007242455280831,0.37261672421558323,0.97639653815893
0.3013861324542562,0.37270065320219237,0.97639653815893
0.3017637293373904,0.3730367475764635,0.97639653815893
0.30225480601379184,0.3730737427647899,0.9761998426435877
0.30278785056605473,0.37327015643802647,0.9761998426435877
0.30503627691808644,0.3733263126222356,0.9761998426435877
0.3050433629835,0.37341057858701376,0.9761998426435877
0.30530476670333556,0.373438675696012,0.9761998426435877
0.30557003343547057,0.3739451476793249,0.9761998426435877
0.3061748334018131,0.37397332529575766,0.9761998426435877
0.3065397914395869,0.37400150715900526,0.9761998426435877
0.3074169932715287,0.3740296932700279,0.9761998426435877
0.30776250083616197,0.37456603773584907,0.9761998426435877
0.30800166998683914,0.3745943090044532,0.9761998426435877
0.3083786676028422,0.3751606319449694,0.9761998426435877
0.3092937581836961,0.37521735843350723,0.9761998426435877
0.3094168364224011,0.3752457281112959,0.9761998426435877
0.30961681560174287,0.3753308628904182,0.9761998426435877
0.30990615016910494,0.37567178866096435,0.9761998426435877
0.3105713049757394,0.3759848484848485,0.9761998426435877
0.3116877810265816,0.37601333434351086,0.9761998426435877
0.3152213714401832,0.3762699014404852,0.9761998426435877
0.3160090533003299,0.37661253604492334,0.9761998426435877
0.31726483757505347,0.3767554847035603,0.9761998426435877
0.3184661811956647,0.3767081688430003,0.9760031471282454
0.31859943745172503,0.3767367701769038,0.9760031471282454
0.3191764317409512,0.3767653758542141,0.9760031471282454
0.31938756976970395,0.3767939858759207,0.9760031471282454
0.31943936856833227,0.37687984201731733,0.9760031471282454
0.31969087672059676,0.3769084694265097,0.9760031471282454
0.32001478256767507,0.3770516717325228,0.9760031471282454
0.32002421444997453,0.37725233786968754,0.9760031471282454
0.3202593385068182,0.377309710288191,0.9760031471282454
0.3204573987619986,0.3773384030418251,0.9760031471282454
0.32104820873029144,0.377367100159708,0.9760031471282454
0.3212105425304308,0.3774819322936478,0.9760031471282454
0.321653008333708,0.3775106512477176,0.9760031471282454
0.321745704244018,0.37753937457201553,0.9760031471282454
0.3222451271727827,0.3775681022675392,0.9760031471282454
0.3226827805808409,0.3775968343352865,0.9760031471282454
0.32371586065110997,0.3776255707762557,0.9760031471282454
0.3244390103924778,0.3776543115914453,0.9760031471282454
0.32643919112920805,0.37768305678185415,0.9760031471282454
0.3265697966610733,0.3777118063484814,0.9760031471282454
0.3267481413569199,0.37774056029232644,0.9760031471282454
0.32708313938812805,0.38091216216216217,0.9758064516129032
0.3282857277703226,0.3809414113491515,0.9758064516129032
0.3299388454792785,0.38084632516703787,0.9754130605822188
0.33005099230492563,0.38090483140026116,0.9754130605822188
0.3309306396080179,0.3809926244622004,0.9754130605822188
0.33169651672968187,0.381021897810219,0.9754130605822188
0.332241249031832,0.38105117565698476,0.9754130605822188
0.33225445779200735,0.3811097448509069,0.9754130605822188
0.3328051480753397,0.38113903620013834,0.9754130605822188
0.33298273765649394,0.3812269372693727,0.9754130605822188
0.33305696875000385,0.38125624663642654,0.9754130605822188
0.33472300813269334,0.38120867292019067,0.9752163650668765
0.3358546239653302,0.38129662385603325,0.9752163650668765
0.3359818650060065,0.38159008696990687,0.9752163650668765
0.3360542492890786,0.3816782140107775,0.9752163650668765
0.3364671106727853,0.3817075987373932,0.9752163650668765
0.33674477896688076,0.3819722650231125,0.9752163650668765
0.33719223398263026,0.38192464750751215,0.9750196695515342
0.3373899510035868,0.3819540761288334,0.9750196695515342
0.3375854592509967,0.3819835092856592,0.9750196695515342
0.33819163737400304,0.3820129469790382,0.9750196695515342
0.33902202877190774,0.38204238921001926,0.9750196695515342
0.3395168649578122,0.3820718359796516,0.9750196695515342
0.3403589353596655,0.3821012872889848,0.9750196695515342
0.3420352303001971,0.382035466461064,0.9746262785208497
0.3427031519125404,0.38230074839904327,0.9746262785208497
0.3447433126459582,0.3823597499807084,0.9746262785208497
0.34520799126866797,0.38238925760148174,0.9746262785208497
0.3458697984075508,0.38241876977695455,0.9746262785208497
0.34687978071215464,0.3824482865081815,0.9746262785208497
0.3469954025425348,0.3835139318885449,0.9746262785208497
0.34791403233212176,0.38366240805265195,0.9746262785208497
0.34795572693596943,0.3839002091888123,0.9746262785208497
0.34804472686855686,0.38390572912628884,0.9740361919748229
0.34819108507550023,0.3839652632395131,0.9740361919748229
0.34952211188629173,0.38399503722084366,0.9740361919748229
0.35048887063340006,0.3840248158200853,0.9740361919748229
0.35167858605979,0.38629259143482336,0.9722659323367427
0.3519554867507317,0.38632278233685036,0.9722659323367427
0.3540355785433171,0.386352977958418,0.9722659323367427
0.3546953736905798,0.3868064793802332,0.9722659323367427
0.3549968294560554,0.3871397243107769,0.9722659323367427
0.35625861855367114,0.38717004777943137,0.9722659323367427
0.3567591127674096,0.3872003759987467,0.9722659323367427
0.3572282925900729,0.3872307089698394,0.9722659323367427
0.3572362253842088,0.3872913891718248,0.9722659323367427
0.35819137747524304,0.38735208839432644,0.9722659323367427
0.3584864146327914,0.3874431729111146,0.9722659323367427
0.3600729594228052,0.3874735439366622,0.9722659323367427
0.36071809108718855,0.38777751627834,0.9722659323367427
0.3618195281893569,0.38780793974580263,0.9722659323367427
0.36242141281954665,0.38783836798744603,0.9722659323367427
0.36476060583627024,0.38786880100439425,0.9722659323367427
0.3649702038722461,0.38789923879777133,0.9722659323367427
0.36511743086450354,0.38792968136870193,0.9722659323367427
0.36517236073902265,0.387960128718311,0.9722659323367427
0.36531962236680326,0.3904731811359507,0.9722659323367427
0.365664834493095,0.3905040290725233,0.9722659323367427
0.3657454341011493,0.3905348818835427,0.9722659323367427
0.36625724375381635,0.390627469574838,0.9722659323367427
0.3671839576600376,0.3906583418952027,0.9722659323367427
0.3675163460593935,0.39078187999051306,0.9722659323367427
0.36801643824459873,0.39081277672359266,0.9722659323367427
0.368454293152622,0.39084367834268996,0.9722659323367427
0.36982672708664316,0.3914007443186317,0.9722659323367427
0.3700427169792115,0.39149374306985585,0.9722659323367427
0.3706983140434555,0.39155576679340937,0.9722659323367427
0.3710458326202964,0.39164883923619365,0.9722659323367427
0.37219439354465966,0.39167987321711567,0.9722659323367427
0.37238505913745723,0.39153523024490766,0.971675845790716
0.37286862060563297,0.3915008324744311,0.9712824547600315
0.3730699145622893,0.39156292125921816,0.9712824547600315
0.37321848863592566,0.391593973037272,0.9712824547600315
0.37327392071016086,0.39162502974066143,0.9712824547600315
0.37342252763625444,0.3920914721295855,0.9712824547600315
0.37412493169044025,0.39215374841169,0.9712824547600315
0.3749196273914344,0.39210547216265584,0.9710857592446892
0.3753990882840085,0.39216776550957183,0.9710857592446892
0.37604514495298835,0.39223007865257803,0.9710857592446892
0.37658547221406163,0.3923235855054037,0.9710857592446892
0.37670194156074566,0.39263559726419595,0.9710857592446892
0.37701994462609095,0.39272929758969055,0.9710857592446892
0.37708570066301744,0.39291683247115,0.9710857592446892
0.37736633700348793,0.39294810569882205,0.9710857592446892
0.3777644798013631,0.3930106670912275,0.9710857592446892
0.3777784745034555,0.3930419552583393,0.9710857592446892
0.3787082561572887,0.3930732484076433,0.9710857592446892
0.3792898542904582,0.39310454654032967,0.9710857592446892
0.3793334379869301,0.3931358496575888,0.9710857592446892
0.38011384149517075,0.3932297889287137,0.9710857592446892
0.3803951742158227,0.39338645418326695,0.9710857592446892
0.38060432475542605,0.3961007702182285,0.9710857592446892
0.38079177592704916,0.39619613193162667,0.9710857592446892
0.3817438916058634,0.3962597319206999,0.9710857592446892
0.3817998185947946,0.39629153957296515,0.9710857592446892
0.38252414801241025,0.3963551701991008,0.9710857592446892
0.38302980213982357,0.3965143361978958,0.9710857592446892
0.3832858398601689,0.3965461847389558,0.9710857592446892
0.3836423614357572,0.3969926021228691,0.9710857592446892
0.3836968603099314,0.39702452754322476,0.9710857592446892
0.3837312208429893,0.39687902187902185,0.9704956726986624
0.3838486215432154,0.397166545922885,0.9704956726986624
0.38439219821365533,0.39729446815363556,0.9704956726986624
0.3845873373261234,0.3979032258064516,0.9704956726986624
0.38514052671919796,0.39796741409904823,0.9704956726986624
0.3862697062336057,0.3979995160119384,0.9704956726986624
0.3863537841285191,0.3980316231042272,0.9704956726986624
0.3865043870018972,0.3980958528320155,0.9704956726986624
0.386560575357818,0.3981601032924467,0.9704956726986624
0.3867112080413102,0.3982243744955609,0.9704956726986624
0.38726532607493575,0.3982565178787634,0.9704956726986624
0.3876091012525828,0.39832082021474124,0.9704956726986624
0.38775192389894314,0.3982722428548361,0.9702989771833203
0.38788803984181497,0.398304400484457,0.9702989771833203
0.3879027272637676,0.39825581395348836,0.970102281667978
0.3879589903523364,0.398287975450214,0.970102281667978
0.388095015637866,0.4013998535037031,0.970102281667978
0.3881227055348784,0.4021526418786693,0.970102281667978
0.38814743712136185,0.40221823519817324,0.970102281667978
0.38915656706258894,0.4024151436031332,0.970102281667978
0.38939574340140887,0.40236638106895145,0.9699055861526357
0.3895384522413448,0.40243205745531707,0.9699055861526357
0.38986503763773883,0.4024977552852828,0.9699055861526357
0.3904001677867689,0.40253061224489795,0.9699055861526357
0.39108696535671394,0.4025634745693526,0.9699055861526357
0.3913194769864323,0.4024659100187801,0.9695121951219512
0.39134275980321637,0.40362384192834305,0.9683320220298978
0.3916271170000616,0.4036569367005576,0.9683320220298978
0.3917630316852843,0.40398818316100443,0.9683320220298978
0.39190259972088876,0.4040213377102995,0.9683320220298978
0.3920890491940145,0.4042535720151092,0.9683320220298978
0.39260869840286017,0.4045525515654532,0.9683320220298978
0.3933311582880872,0.40465230971560084,0.9683320220298978
0.3938553495021692,0.40452302631578946,0.9675452399685287
0.39478124965403333,0.40478933508887427,0.9675452399685287
0.395141950293979,0.4048226483417003,0.9675452399685287
0.395228886151419,0.4048559670781893,0.9675452399685287
0.39586271710639903,0.40512271454455606,0.9675452399685287
0.39625770435377455,0.4054566435872074,0.9675452399685287
0.3962769113755859,0.40549006677108235,0.9675452399685287
0.3964400339334598,0.405392035617116,0.9671518489378442
0.39660907039509724,0.4054254617414248,0.9671518489378442
0.3970042449881155,0.40710382513661203,0.9671518489378442
0.3974275075971184,0.40744116672190916,0.9671518489378442
0.3982347069707802,0.40739206099279024,0.9669551534225019
0.39830976692032066,0.4075271491337147,0.9669551534225019
0.39839747983906365,0.4075609351682971,0.9669551534225019
0.39868704897399654,0.4076623268927772,0.9669551534225019
0.3997003388216885,0.4076961353458285,0.9669551534225019
0.3998680219705388,0.4085771276595745,0.9669551534225019
0.40021234385885285,0.4093596469314681,0.9669551534225019
0.4003553347280357,0.4093937375083278,0.9669551534225019
0.40091419357692953,0.4094960433152853,0.9669551534225019
0.4010139933575783,0.40953015661446185,0.9669551534225019
0.40122350083855857,0.40959840026662225,0.9669551534225019
0.4012240040395993,0.4100425389940779,0.9669551534225019
0.40137610874510304,0.4101109535329941,0.9669551534225019
0.40193512849984997,0.41021361815754337,0.9669551534225019
0.4024215838681121,0.41024785112242346,0.9669551534225019
0.4025879105520883,0.4102820898013687,0.9669551534225019
0.40274483759783936,0.41031633419581004,0.9669551534225019
0.4028247198268747,0.4186323767350762,0.9669551534225019
0.40289924978924707,0.41866802929654234,0.9669551534225019
0.404371245517512,0.41898917582885875,0.9669551534225019
0.4048335487715612,0.41909633418584824,0.9669551534225019
0.4049631666945616,0.41956132115729283,0.9669551534225019
0.4060020563808602,0.4198479801861816,0.9669551534225019
0.4067552669685993,0.41988384010932694,0.9669551534225019
0.4075743265421783,0.41995557833589614,0.9669551534225019
0.40773132065373935,0.4199914566424605,0.9669551534225019
0.4086615669440996,0.42002734107997264,0.9669551534225019
0.4086685943586877,0.42031463748290016,0.9669551534225019
0.40916480785500936,0.4203505771697307,0.9669551534225019
0.41039603675138503,0.4203865230032495,0.9669551534225019
0.4109862209814872,0.420458433116661,0.9669551534225019
0.41109292693047317,0.42053036783575704,0.9669551534225019
0.4118409008438287,0.4205663444263838,0.9669551534225019
0.4122912714835089,0.42063831607769314,0.9669551534225019
0.4126005046183764,0.42190181943014077,0.9669551534225019
0.41325290366199613,0.4226635714899837,0.9669551534225019
0.4137350491862045,0.42260061919504643,0.9665617623918175
0.4139906438619392,0.4226369656833233,0.9665617623918175
0.41591236745770344,0.42267331842422157,0.9665617623918175
0.41641449644287504,0.4228187919463087,0.9665617623918175
0.416705567537933,0.4230007747266936,0.9665617623918175
0.4171355404533457,0.423328738800827,0.9665617623918175
0.41717211027781703,0.4235111609066621,0.9665617623918175
0.41772062457785225,0.4235476641958283,0.9665617623918175
0.4177354098472648,0.42365721182860594,0.9665617623918175
0.4187659437983404,0.4236075185376789,0.9663650668764752
0.4194301604295292,0.4237536656891496,0.9663650668764752
0.4196238947557743,0.42426597582037995,0.9663650668764752
0.4197509112560347,0.42441257774706287,0.9663650668764752
0.42005934164523345,0.425,0.9663650668764752
0.4212941075434627,0.4282601115760112,0.9663650668764752
0.42145119958416033,0.4282974457327173,0.9663650668764752
0.4220282667241179,0.42859635348512604,0.9663650668764752
0.4220356082008734,0.4285090400908376,0.9649881982690794
0.42263792545139356,0.4285464709993012,0.9649881982690794
0.4228638691324004,0.4285839084476282,0.9649881982690794
0.42293833567867434,0.42862135243753274,0.9649881982690794
0.4233466295327632,0.42865880297072956,0.9649881982690794
0.4243709600935894,0.428921140059451,0.9649881982690794
0.4247203869861049,0.4289586430007869,0.9649881982690794
0.4254328254376857,0.4289961525008744,0.9649881982690794
0.4254756634069772,0.4290336685614342,0.9649881982690794
0.4256557134526726,0.4292589027911453,0.9649881982690794
0.4257070741899887,0.4292964648232412,0.9649881982690794
0.42789839590461903,0.4293340334295966,0.9649881982690794
0.4279029656074583,0.4293716086119377,0.9649881982690794
0.4283887705965882,0.42940919037199127,0.9649881982690794
0.4288368268695049,0.42944677871148457,0.9649881982690794
0.42886040375376494,0.4293468744528104,0.964594807238395
0.4289237546310236,0.42929690920234653,0.9643981117230527
0.42947633447993816,0.42940970397617795,0.9643981117230527
0.4297871705046273,0.4297107800175285,0.9643981117230527
0.4298615132277709,0.42974844421071084,0.9643981117230527
0.4304156904078501,0.42997456809611506,0.9643981117230527
0.430426992393344,0.4299245746360288,0.9642014162077105
0.43171111463177786,0.43,0.9642014162077105
0.4318389457053531,0.43030196629213485,0.9642014162077105
0.4319761908739567,0.4302519532964621,0.9640047206923682
0.43209458696675174,0.4304030912444015,0.9640047206923682
0.432413800552971,0.43044089232390653,0.9640047206923682
0.43272303785039334,0.4310466138962181,0.9640047206923682
0.4330169689339967,0.43103448275862066,0.963808025177026
0.4331197980159639,0.4311103290515573,0.963808025177026
0.43314885795701863,0.43114826220853497,0.963808025177026
0.43345923203560816,0.4311862020415347,0.963808025177026
0.4335474919742685,0.43113614362404296,0.9636113296616837
0.4336442728715041,0.4315919302264118,0.9636113296616837
0.4336592967425342,0.43162995594713655,0.9636113296616837
0.43376168789209246,0.4316679883690193,0.9636113296616837
0.4338584799817639,0.4317821258593337,0.9636113296616837
0.43577018754316654,0.43182018510356984,0.9636113296616837
0.43705976535498475,0.43185825105782794,0.9636113296616837
0.4371141299972055,0.432010582010582,0.9636113296616837
0.4376545770092105,0.43198659139026113,0.9632179386309992
0.43813911883700907,0.4320628198341274,0.9632179386309992
0.4381761457547792,0.4323298313763574,0.9632179386309992
0.4383518119697668,0.43248255762607085,0.9632179386309992
0.43868577802732006,0.43267361724686343,0.9632179386309992
0.43946676169449284,0.4326999558108705,0.963021243115657
0.4402072274974649,0.4327382004596076,0.963021243115657
0.4416245502712662,0.4327764518695306,0.963021243115657
0.4416371286326211,0.4327263083451202,0.9628245476003147
0.44178395614075244,0.4327645654672443,0.9628245476003147
0.44243000683530287,0.43287937743190663,0.9628245476003147
0.4426977539106133,0.43286750398018753,0.9626278520849725
0.4430173931148277,0.43302070430012385,0.9626278520849725
0.4430323857719323,0.4330590213255464,0.9626278520849725
0.4432010928275803,0.43317401309966364,0.9626278520849725
0.4433875825418922,0.4332123572629902,0.9626278520849725
0.4433932218144668,0.43344256487467897,0.9626278520849725
0.4437241865655803,0.4339037148683394,0.9626278520849725
0.4444208993437027,0.43398066861754014,0.9626278520849725
0.4446331530104801,0.43393047179851013,0.9624311565696302
0.44489722385032365,0.4339689578713969,0.9624311565696302
0.445487555763842,0.4342000177478037,0.9624311565696302
0.44572153543813925,0.43423855165069225,0.9624311565696302
0.44627709403240673,0.4343927556818182,0.9624311565696302
0.4464064587392322,0.43429231042443617,0.9620377655389457
0.44724005127097594,0.4343694493783304,0.9620377655389457
0.44751773296032404,0.43541351375411735,0.9620377655389457
0.4487869659439059,0.43536324786324787,0.9618410700236034
0.4488352302493923,0.4356347438752784,0.9618410700236034
0.4493989811138071,0.4356735566642908,0.9618410700236034
0.44955360563904934,0.4354220518762813,0.9608575924468922
0.4498224741126302,0.43546086646461046,0.9608575924468922
0.44999902134183734,0.4353601997146933,0.9604642014162077
0.45027250256732004,0.435309852875613,0.9602675059008655
0.4503228879474714,0.43525949705724987,0.9600708103855232
0.4509842252415561,0.4356091030789826,0.9600708103855232
0.4512827800093653,0.4358035714285714,0.9600708103855232
0.45190108112143956,0.4358814073941775,0.9600708103855232
0.45193372059587106,0.4361150822015726,0.9600708103855232
0.4522044670098525,0.43601429848078643,0.9596774193548387
0.45231954559595305,0.4360532666011261,0.9596774193548387
0.4523720553130119,0.43624821173104433,0.9596774193548387
0.4527718859117864,0.43628722167575784,0.9596774193548387
0.4528665137837391,0.4363262385977464,0.9596774193548387
0.45358800362062146,0.4364823760959027,0.9596774193548387
0.45399271747398506,0.4367167919799499,0.9596774193548387
0.45449542151838235,0.43679498657117277,0.9596774193548387
0.45450976071664123,0.4368340943683409,0.9596774193548387
0.4564457052602082,0.4368732091690544,0.9596774193548387
0.45958134495264996,0.4370297384450018,0.9596774193548387
0.460349006454511,0.43710804515319834,0.9596774193548387
0.4604670495861793,0.43714720903144877,0.9596774193548387
0.46063473276672456,0.43718637992831544,0.9596774193548387
0.4615366861719039,0.43734313373969164,0.9596774193548387
0.46161935633149953,0.4373823397579561,0.9596774193548387
0.4622788895673965,0.43753923414940366,0.9596774193548387
0.46279273135949633,0.4375784753363229,0.9596774193548387
0.4630925642452385,0.43777478689995514,0.9596774193548387
0.46396639308197885,0.4378140703517588,0.9596774193548387
0.4647208671308942,0.4379319630194776,0.9596774193548387
0.4647489793523581,0.43828602227811714,0.9596774193548387
0.46494295172090727,0.4379325842696629,0.9583005507474429
0.46692103759041986,0.4380113278791693,0.9583005507474429
0.467209960536976,0.43816890008094256,0.9583005507474429
0.4676808209580869,0.4382083108472747,0.9583005507474429
0.4677483040562687,0.438247728703787,0.9583005507474429
0.4685409438664118,0.43832658569500677,0.9583005507474429
0.46886406741521125,0.43872129671319227,0.9583005507474429
0.46914510309139246,0.4388003242366928,0.9583005507474429
0.46953009826074354,0.43891891891891893,0.9583005507474429
0.47084089036939714,0.4389584647265519,0.9583005507474429
0.47115479658728704,0.4390375777237091,0.9583005507474429
0.47128515405364124,0.4389364578639027,0.9579071597167584
0.47254203791319876,0.43897602307553635,0.9579071597167584
0.4725525759833569,0.4390551749008294,0.9579071597167584
0.47297731503851276,0.4390947615183482,0.9579071597167584
0.4730805651265354,0.43904418394950406,0.9577104642014163
0.4737340079521774,0.4390837767156642,0.9577104642014163
0.47384473865567894,0.43912337662337664,0.9577104642014163
0.47451660424805164,0.43920259787118887,0.9577104642014163
0.4764903487042528,0.4392422192151556,0.9577104642014163
0.47690807153441456,0.4392818477084085,0.9577104642014163
0.4771930017212004,0.43936112615051437,0.9577104642014163
0.4781063228027351,0.43951976891135586,0.9577104642014163
0.4799489691512611,0.43967852627776777,0.9577104642014163
0.4803390442565355,0.4397182335410458,0.9577104642014163
0.4804583505444641,0.43979766958720984,0.9577104642014163
0.4808852610965114,0.4399168774846404,0.9577104642014163
0.48167810066369604,0.4399566278124153,0.9577104642014163
0.48173012767425616,0.4400361500225938,0.9577104642014163
0.48235004927632885,0.44059361143787895,0.9577104642014163
0.48355426406352897,0.4404923522490723,0.9573170731707317
0.4836222164417577,0.44073168523046274,0.9573170731707317
0.4839917483303119,0.44093132813915564,0.9573170731707317
0.4847213435433372,0.4409712784271088,0.9573170731707317
0.48536441550713677,0.441051200724966,0.9573170731707317
0.48648137630887817,0.4405518242875295,0.9547600314712824
0.4868298625637165,0.44065025883207704,0.9543666404405979
0.4876682552894859,0.44071954210956665,0.9541699449252558
0.488805130594613,0.4407996365288505,0.9541699449252558
0.48939345589327893,0.44124067673276335,0.9541699449252558
0.4908807045944388,0.4415217984891235,0.9541699449252558
0.4916725442898424,0.4416826003824092,0.9541699449252558
0.49268312344136006,0.4417228191586232,0.9541699449252558
0.492853946515818,0.4418032786885246,0.9541699449252558
0.4941444358731941,0.4418435194462155,0.9541699449252558
0.49484606820562865,0.4419240229570921,0.9541699449252558
0.4948927283488178,0.4416697047028801,0.9531864673485445
0.49526555881795503,0.44151219066751896,0.9510228166797797
0.49584432983310506,0.4415525114155251,0.9510228166797797
0.4964391214120071,0.4417138680796638,0.9510228166797797
0.4970027627505102,0.441662859753312,0.9508261211644374
0.4975440159853356,0.441703216374269,0.9508261211644374
0.4981000855922759,0.44190511015632145,0.9508261211644374
0.4989794580544136,0.4420263350402341,0.9508261211644374
0.4992816283487274,0.4420667581161408,0.9508261211644374
0.5010595706788776,0.44210718858606185,0.9508261211644374
0.5035452301282558,0.4422285243802031,0.9508261211644374
0.5037849013969039,0.4422689844464776,0.9508261211644374
0.5040057017533052,0.4423094519169183,0.9508261211644374
0.5040950120756641,0.44234992679355783,0.9508261211644374
0.5049773430151299,0.4420946626384693,0.9498426435877262
0.5054449287067574,0.44204358176158215,0.9496459480723839
0.506065568945673,0.4423676012461059,0.9496459480723839
0.5061726896273291,0.442316503253001,0.9494492525570417
0.5067919872807631,0.44292530739585245,0.9494492525570417
0.5070185492931291,0.44296595393227495,0.9494492525570417
0.5074376579771316,0.442300624770305,0.9468922108575925
0.5078246232192097,0.44214686150170024,0.9463021243115657
0.5081136005550894,0.4423094603291349,0.9463021243115657
0.5082111614396103,0.4421236658078763,0.9451219512195121
0.5083769214011584,0.4421643507867857,0.9451219512195121
0.5088791617208952,0.44220504325418736,0.9451219512195121
0.5090683361163427,0.4422457432121491,0.9451219512195121
0.5093143261542737,0.4422864506627393,0.9451219512195121
0.510302642906043,0.442490100377567,0.9451219512195121
0.5115415697405576,0.4433883916212974,0.9451219512195121
0.5118964696966957,0.44347023534840796,0.9451219512195121
0.5124101471028927,0.44367497691597413,0.9451219512195121
0.5125460331925442,0.4435722201699298,0.9447285601888277
0.5131120113796261,0.4436131892490995,0.9447285601888277
0.5134213685186141,0.44377714127321444,0.9447285601888277
0.5180552585625903,0.4438181482165958,0.9447285601888277
0.5186143291584576,0.4437667498382774,0.9445318646734855
0.518713059099054,0.44380776340110906,0.9445318646734855
0.5190689075457926,0.4440540040687997,0.9445318646734855
0.519526584745193,0.4438482886216466,0.9437450826121164
0.520521264422783,0.4447946602391768,0.9437450826121164
0.5209567208396622,0.4448358983867977,0.9437450826121164
0.5212446025881418,0.44491839762611274,0.9437450826121164
0.5213891915487391,0.4449596587220625,0.9437450826121164
0.5232193952824318,0.44506310319227915,0.943351691581432
0.5232693165150686,0.44501160092807424,0.9431549960660897
0.5235094110695286,0.4450529051420085,0.9431549960660897
0.5239798978371482,0.4453422494659608,0.9431549960660897
0.5245163375753976,0.44538361508452534,0.9431549960660897
0.524571658355389,0.44546636937941286,0.9431549960660897
0.5262988584698154,0.44550775806002046,0.9431549960660897
0.5277214955460685,0.4455491544322617,0.9431549960660897
0.5294232496335992,0.44559055849828083,0.9431549960660897
0.5297351456101251,0.44575625174305106,0.9431549960660897
0.5298605804918092,0.44588060256648687,0.9431549960660897
0.5311714970322476,0.4460050227885778,0.9431549960660897
0.5311733635596788,0.4457988275797897,0.9423682140047207
0.5313346325559,0.445881805490926,0.9423682140047207
0.5317178709716115,0.44600633029231057,0.9423682140047207
0.5322520480540583,0.4462555886736215,0.9423682140047207
0.5327155059364294,0.4462040055891942,0.9421715184893784
0.5327455474719703,0.44624557480901805,0.9421715184893784
0.5333022736434753,0.44645353714232455,0.9421715184893784
0.5335671525185639,0.4464951528709918,0.9421715184893784
0.5335868928263631,0.44653677635872097,0.9421715184893784
0.5369595064551895,0.4468283582089552,0.9421715184893784
0.5373603893512198,0.44687004384737383,0.9421715184893784
0.5377578018208032,0.446911737264415,0.9421715184893784
0.5394635546792069,0.4469534384622562,0.9421715184893784
0.5395272077731492,0.4469951474430758,0.9421715184893784
0.5398437659305296,0.44703686420905275,0.9421715184893784
0.5408060836725502,0.4471203211051993,0.9421715184893784
0.5422985651091669,0.44728732841535157,0.9421715184893784
0.5424295760267414,0.4473708788642944,0.9421715184893784
0.5435030573425732,0.44741266579488137,0.9421715184893784
0.5446257514109635,0.44745446053246146,0.9421715184893784
0.5458406634264393,0.44766355140186914,0.9421715184893784
0.5459303555328118,0.44761192634825686,0.9419748229740362
0.5460801030314274,0.4476537670592634,0.9419748229740362
0.546453624906543,0.44807260479041916,0.9419748229740362
0.5470539930906104,0.44811453167399645,0.9419748229740362
0.5470799483746169,0.4482403594159491,0.9419748229740362
0.5474162437253867,0.44832428384197714,0.9419748229740362
0.5479631525553615,0.4484082397003745,0.9419748229740362
0.5486507189795347,0.44845022942223056,0.9419748229740362
0.5493481311571077,0.44849222700880315,0.9419748229740362
0.5494015620332188,0.44857624578493815,0.9419748229740362
0.5505440220316682,0.4486182669789227,0.9419748229740362
0.5512597657095492,0.44866029604646807,0.9419748229740362
0.5514898978831492,0.4486086386208189,0.9417781274586939
0.5525082472174079,0.4500846023688663,0.9417781274586939
0.5533951668891207,0.450126915483689,0.9417781274586939
0.5534411600602248,0.45025390257664094,0.9417781274586939
0.5534944400350478,0.45029624753127057,0.9417781274586939
0.5538260996861017,0.4503386004514673,0.9417781274586939
0.5548262853235897,0.45037162480007525,0.9415814319433516
0.5552233322468703,0.45041400075272864,0.9415814319433516
0.5562616610838885,0.4505835843373494,0.9415814319433516
0.556359388470156,0.45062600018827076,0.9415814319433516
0.5566839122101866,0.45066842402560725,0.9415814319433516
0.5576239112117425,0.45071085585161474,0.9415814319433516
0.5587478162247981,0.450607401826914,0.9411880409126672
0.5588203182817246,0.450555660199661,0.940991345397325
0.5588822390591752,0.45045214770158254,0.9405979543666404
0.559405818696348,0.4504945831370702,0.9405979543666404
0.5602338627156563,0.4505370265686829,0.9405979543666404
0.5614541610195958,0.4507493637477613,0.9405979543666404
0.561937820522228,0.4518994518994519,0.9405979543666404
0.5621963316021048,0.4519421604763255,0.9405979543666404
0.5634893919053797,0.45189035916824194,0.9404012588512982
0.5648775814134724,0.45197579882775574,0.9404012588512982
0.5650123683924528,0.4520612708018154,0.9404012588512982
0.5656738788193587,0.4522323117669315,0.9404012588512982
0.5665025703916128,0.4523088569265708,0.9402045633359559
0.5667262802067611,0.4523516608308886,0.9402045633359559
0.5668410742147173,0.45239447283740297,0.9402045633359559
0.5675043831140141,0.4523426407950781,0.9400078678206137
0.5677940408749131,0.4523854600530102,0.9400078678206137
0.5680337469556688,0.45242828741834706,0.9400078678206137
0.5680711980107425,0.45268542199488493,0.9400078678206137
0.5684966055128047,0.4527711984841307,0.9400078678206137
0.569137694734147,0.4528140989198408,0.9400078678206137
0.5694888661965145,0.4529857819905213,0.9400078678206137
0.5702962036192891,0.45307167235494883,0.9400078678206137
0.5706846677163809,0.45311462975253625,0.9400078678206137
0.5715335874379365,0.45275142314990513,0.9386309992132179
0.5734324001194863,0.45279438276876366,0.9386309992132179
0.5760602673757691,0.4531724924012158,0.9384343036978757
0.5768408073840935,0.4532155409898357,0.9384343036978757
0.5792675000658429,0.45325859775793276,0.9384343036978757
0.5796320050438833,0.45338781716240617,0.9384343036978757
0.5797862263271424,0.4534309066717354,0.9384343036978757
0.579855628187192,0.453474004372208,0.9384343036978757
0.5800143001044732,0.4535171102661597,0.9384343036978757
0.5800504936229176,0.45356022435592735,0.9384343036978757
0.5808680878284849,0.4531963470319635,0.9370574350904799
0.5826337947252422,0.45323946341927507,0.9370574350904799
0.58265029423076,0.4537575007143537,0.9370574350904799
0.584424303600654,0.4538439554158331,0.9370574350904799
0.5857788383116068,0.4538871951219512,0.9370574350904799
0.586095622452687,0.4538351595998094,0.9368607395751377
0.588015849381361,0.45387840670859536,0.9368607395751377
0.5883791168220234,0.4539216620604212,0.9368607395751377
0.5889588687843051,0.45376549094375596,0.9362706530291109
0.5898894299947326,0.4539385847797063,0.9362706530291109
0.5899761763526987,0.45408552882779685,0.9356805664830842
0.5900430845561071,0.4539291511505777,0.9350904799370574
0.5901004012894981,0.4529276693455798,0.9311565696302124
0.5902540317120685,0.7938956900888814,0.9311565696302124
0.5915727338676925,0.7946263643996642,0.930763178599528
0.5918734936119142,0.7940730762754673,0.9276160503540519
0.5926192422988543,0.7943405760485094,0.9276160503540519
0.5931606849414086,0.7944743935309974,0.9276160503540519
0.5947012274057368,0.7950101146325017,0.9276160503540519
0.5968160572196438,0.794975552183443,0.9274193548387096
0.597287449941636,0.7951096121416527,0.9274193548387096
0.5976591278313922,0.7952437173216395,0.9274193548387096
0.5980660606460139,0.7963181894950178,0.9274193548387096
0.5985752962230776,0.7967218654950997,0.9274193548387096
0.5988920584534722,0.7973955690850668,0.9274193548387096
0.5989775693298305,0.7975304465493911,0.9274193548387096
0.5995182793511409,0.7976653696498055,0.9274193548387096
0.6000933830165766,0.7978003384094755,0.9274193548387096
0.6008507263715324,0.7979353528515823,0.9274193548387096
0.6017688512539939,0.79820551887591,0.9274193548387096
0.6024039786742393,0.7986781901372648,0.9270259638080252
0.6031271346117012,0.7989489744024411,0.9270259638080252
0.6038221986842248,0.7997624300016969,0.9270259638080252
0.6055124249005901,0.7998981670061099,0.9270259638080252
0.6069737104496767,0.8004415760869565,0.9270259638080252
0.6071640025333179,0.8005775437404451,0.9270259638080252
0.6076118382802695,0.8009857239972807,0.9270259638080252
0.609394909296046,0.8011218765935747,0.9270259638080252
0.6107910545677998,0.801530612244898,0.9270259638080252
0.6115381174742095,0.801803334467506,0.9270259638080252
0.6145189174305864,0.8022127659574468,0.9270259638080252
0.6149727516258946,0.8023493360572013,0.9270259638080252
0.6153974777722131,0.8024859526647369,0.9270259638080252
0.6165401483808389,0.8026226158038147,0.9270259638080252
0.616589676059019,0.8034435731333106,0.9270259638080252
0.6174508462748395,0.8035805626598466,0.9270259638080252
0.6195357429432475,0.8032450896669513,0.9250590086546027
0.6211303928811469,0.8036568694463432,0.9250590086546027
0.6213259245240672,0.8040690716361771,0.9250590086546027
0.6214832573389892,0.8040355677154583,0.9248623131392604
0.621598736024327,0.8039014373716632,0.9240755310778914
0.6219026970954357,0.8043143297380585,0.9240755310778914
0.6229302749922628,0.8047276464542652,0.9240755310778914
0.6234567536538665,0.8048655131060476,0.9240755310778914
0.6236318497530753,0.8048320767649074,0.9238788355625491
0.6249501712536008,0.8052460140579462,0.9238788355625491
0.6254414717378276,0.8075997248968363,0.9238788355625491
0.6258965392480111,0.8080165147084122,0.9238788355625491
0.6262859381961411,0.8079504388229221,0.9234854445318647
0.6295529255043476,0.8083677685950413,0.9234854445318647
0.6297730712636285,0.8089248793935218,0.9234854445318647
0.6303484803699863,0.8096223486808071,0.9234854445318647
0.6304240074770959,0.8094580600621333,0.9225019669551534
0.6315093759718329,0.809597790436734,0.9225019669551534
0.6324199603648767,0.8100172711571675,0.9225019669551534
0.6324237279270319,0.8099516240497581,0.9221085759244689
0.6328627835217611,0.8098859315589354,0.9217151848937845
0.6338868455156813,0.8102732618471117,0.9215184893784422
0.6346690270119244,0.8106938916767606,0.9215184893784422
0.6347658267893223,0.810834198684666,0.9215184893784422
0.6351120355433172,0.811536462844275,0.9215184893784422
0.6354902970602718,0.8116770616770617,0.9215184893784422
0.6356500767047397,0.8119584055459272,0.9215184893784422
0.6376474812469569,0.811925810365748,0.9213217938630999
0.6378861240449577,0.8123482483524107,0.9213217938630999
0.6379447402780979,0.812489158716392,0.9213217938630999
0.6393588560585064,0.8126301179736294,0.9213217938630999
0.6397873468794472,0.8146086956521739,0.9213217938630999
0.6418773693038402,0.8154596100278552,0.9213217938630999
0.6426744343646669,0.8154274769284346,0.9211250983477577
0.6430523971740412,0.8153310104529616,0.9205350118017309
0.6448411144879783,0.8152988325492246,0.9203383162863886
0.6451584996367259,0.8149895178197065,0.9175845790715972
0.6457344625392574,0.8149571902848156,0.9173878835562549
0.6459728100094803,0.8152420905436113,0.9173878835562549
0.6460957018432254,0.8153846153846154,0.9173878835562549
0.648009511821967,0.8159552134359692,0.9173878835562549
0.6502734533762574,0.815923009623797,0.9171911880409127
0.6503424793826512,0.8160658032901645,0.9171911880409127
0.6506331873876708,0.8164944843284889,0.9171911880409127
0.6510633954813669,0.8167805219828341,0.9171911880409127
0.6518960747825517,0.8169236159775753,0.9171911880409127
0.6522687341775951,0.8171458625525947,0.9167977970102281
0.6523506781854271,0.8172891460634754,0.9167977970102281
0.6529135578421457,0.8191564147627417,0.9167977970102281
0.6532601623738997,0.8191246264721392,0.9166011014948859
0.6537090319343896,0.8195568061906436,0.9166011014948859
0.6543371154949387,0.8212270803949224,0.9162077104642015
0.6549814458954252,0.8211640211640212,0.9158143194335169
0.6574704388813829,0.8213088728170753,0.9158143194335169
0.6576096223087298,0.8215987294865008,0.9158143194335169
0.6577147606886776,0.8217437345570067,0.9158143194335169
0.6580004648377699,0.8218887908208297,0.9158143194335169
0.6588324668474977,0.8227602049832126,0.9158143194335169
0.6608193436092441,0.8230510871486654,0.9158143194335169
0.6618516574623643,0.8231966053748232,0.9158143194335169
0.6620321463352609,0.8237791932059448,0.9158143194335169
0.6624707770372986,0.8247386142122984,0.9154209284028324
0.6635823087074246,0.8248847926267281,0.9154209284028324
0.6638569810681549,0.8250310228682858,0.9154209284028324
0.6650240548348485,0.8249379212486697,0.9148308418568056
0.6653971798565755,0.8255236066737665,0.9148308418568056
0.6673257473288217,0.8256701579975146,0.9148308418568056
0.6674127418595454,0.8256392045454546,0.9146341463414634
0.6674845782252932,0.8256082400994494,0.9144374508261212
0.6677683149203072,0.8259015810978859,0.9144374508261212
0.6682743922842115,0.826048329779673,0.9144374508261212
0.6683519328148732,0.8261951306202239,0.9144374508261212
0.6701754557431043,0.8261642374688944,0.9142407553107789
0.6703317300388988,0.8268991282689913,0.9142407553107789
0.6707055463538096,0.8270462633451957,0.9142407553107789
0.6709427881143621,0.8270154831820609,0.9140440597954367
0.6710320655908656,0.8273099519316361,0.9140440597954367
0.673704920543355,0.8274572649572649,0.9140440597954367
0.6743226506080421,0.8276046304541407,0.9140440597954367
0.6757270921962156,0.8277520484503028,0.9140440597954367
0.6760446481599561,0.8278995189738108,0.9140440597954367
0.6769623831970781,0.8283422459893048,0.9140440597954367
0.6769672926930057,0.8283116420039223,0.9138473642800944
0.6781550078712416,0.828281027104137,0.9136506687647522
0.6794391399109528,0.8282504012841091,0.9134539732494099
0.6795214159434826,0.8313641245972073,0.9134539732494099
0.68213339244839,0.8313339301700985,0.9132572777340676
0.6823231136304659,0.8317807237549265,0.9132572777340676
0.6835956562149742,0.8319297616914532,0.9132572777340676
0.6836726472537791,0.8322279978490769,0.9132572777340676
0.6842803949278914,0.8323771961276443,0.9132572777340676
0.6843243137527404,0.8323471400394478,0.9130605822187254
0.6843474432882668,0.8324964131994261,0.9130605822187254
0.6845751466902953,0.8327951202009329,0.9130605822187254
0.68624045194352,0.8329445541001256,0.9130605822187254
0.6862721205550697,0.8329145728643216,0.9128638867033831
0.6862841544533413,0.833213644524237,0.9128638867033831
0.6871605023988029,0.8335729690869877,0.9122738001573564
0.6875927240152848,0.8337531486146096,0.9114870180959874
0.6883695042112075,0.8337232319596904,0.9112903225806451
0.6883783559637835,0.833873290136789,0.9112903225806451
0.6889670702946504,0.834023402340234,0.9112903225806451
0.6895307463078544,0.8339935181850918,0.911093627065303
0.6906122547986918,0.8338738738738739,0.9103068450039339
0.6911288530410947,0.8346257889990983,0.9103068450039339
0.691530126368087,0.8347763347763347,0.9103068450039339
0.6916038238069521,0.8350775893179357,0.9103068450039339
0.6916312243315028,0.83613369467028,0.9103068450039339
0.6928121125843342,0.8362847849656668,0.9103068450039339
0.6940443315880187,0.836587129428778,0.9103068450039339
0.6942342937320161,0.8365280289330922,0.9099134539732494
0.6950692549625335,0.8366793271839392,0.9099134539732494
0.6954071769113442,0.8365906623235614,0.9093233674272226
0.6954585385148057,0.8365610859728507,0.9091266719118805
0.6960508301924282,0.8362944162436549,0.9073564122738002
0.6977715677779877,0.8364460562103354,0.9073564122738002
0.697783053847077,0.8377296707294888,0.9057828481510621
0.6978581185008031,0.8384629393553087,0.90558615263572
0.6988877429664894,0.8391684901531729,0.9051927616050354
0.6994772316987482,0.8393215393033011,0.9051927616050354
0.6995657837494936,0.839474644290405,0.9051927616050354
0.7022567070238318,0.839445356686736,0.9049960660896932
0.7023311345263383,0.8393280993244477,0.9042092840283241
0.7032699079097031,0.8392987582176772,0.9040125885129819
0.7045316630460451,0.8397588160058469,0.9040125885129819
0.7048428798176855,0.8417279411764705,0.9006687647521636
0.7061419909611906,0.8416114790286976,0.8998819826907947
0.7062080799925171,0.8414364640883978,0.8987018095987411
0.7066348358641208,0.8414072573217903,0.898505114083399
0.7069217638031751,0.8421828908554573,0.898505114083399
0.7069904838515291,0.8421537894154527,0.8983084185680567
0.7082544246460494,0.8423091110291405,0.8983084185680567
0.7086196619911869,0.8432422451994092,0.8983084185680567
0.709572257776138,0.8430973941970061,0.8973249409913454
0.709954049383003,0.8432532347504621,0.8973249409913454
0.7104256792372308,0.8434091329266038,0.8973249409913454
0.7112379789189179,0.844345733851564,0.8973249409913454
0.7113360636332858,0.8442880947972597,0.8969315499606609
0.7114062867286784,0.8442592592592593,0.8967348544453186
0.7128855437572144,0.8442304130394518,0.8965381589299763
0.7128860342167417,0.8447700296735905,0.8959480723839497
0.7129698981399244,0.8464969336554544,0.8959480723839497
0.7133763484729085,0.8472842261904762,0.8959480723839497
0.7134531175061813,0.8488632128214685,0.8959480723839497
0.7140454159100342,0.8488350419384902,0.8957513768686074
0.7150124978062424,0.851214953271028,0.8957513768686074
0.7154632999724689,0.8539283705231577,0.8957513768686074
0.7155056818026163,0.8548901820912334,0.8957513768686074
0.7155781387776592,0.8547265551588047,0.8945712037765539
0.7159937919254556,0.8546172653752115,0.8937844217151849
0.7160661739172168,0.8549388523047977,0.8937844217151849
0.7161136272949203,0.855743879472693,0.8937844217151849
0.716396843916926,0.8562276238929716,0.8937844217151849
0.7179381760400758,0.8563889935921598,0.8937844217151849
0.7187002623984294,0.8568734678483877,0.8937844217151849
0.7188122126801963,0.8570350811014712,0.8937844217151849
0.7198162867052051,0.8575202868465748,0.8937844217151849
0.7206019579302014,0.857061719045816,0.8904405979543666
0.7213116522248237,0.8573863636363637,0.8904405979543666
0.7231887077294851,0.85885031303358,0.8904405979543666
0.723540434424548,0.8593394077448747,0.8904405979543666
0.7250584144784821,0.8593127017277388,0.8902439024390244
0.7251021407260432,0.8592057761732852,0.8894571203776553
0.7256044632167181,0.8593690611934626,0.8894571203776553
0.725754862300718,0.8610369805566146,0.8884736428009441
0.7261405038078769,0.8613653699466056,0.8884736428009441
0.7265500838962068,0.8615296585924089,0.8884736428009441
0.7266494794203147,0.8616940099198779,0.8884736428009441
0.7268479424491715,0.8616412213740458,0.8880802517702596
0.7275504666141777,0.8615619629558908,0.8874901652242329
0.7276962383379192,0.8617265087853323,0.8874901652242329
0.727766771832446,0.861673672143676,0.8870967741935484
0.7278084600690031,0.8616207951070336,0.8867033831628639
0.7288376295074651,0.8619502868068833,0.8867033831628639
0.7295821509417287,0.8620359739762725,0.8861132966168371
0.7302969246130139,0.8623660030627871,0.8861132966168371
0.7304140294572008,0.8623396515412598,0.8859166011014948
0.7306166788989258,0.8626699865926067,0.8859166011014948
0.7306995813816479,0.8639938615000959,0.8859166011014948
0.730882982300903,0.86415963161934,0.8859166011014948
0.7309350715419682,0.8641335636154289,0.8857199055861527
0.7313631949865218,0.8640552995391705,0.8851298190401259
0.7314300487184919,0.8642212406376032,0.8851298190401259
0.7314369824426211,0.8641951594314253,0.8849331235247836
0.7317314063180126,0.864116855660196,0.8843430369787569
0.7318005275935798,0.8662813102119461,0.8843430369787569
0.7332655340706129,0.8664482559259973,0.8843430369787569
0.7337646876876339,0.8687826591832785,0.8829661683713611
0.7345883802795685,0.8694557427852024,0.8829661683713611
0.7347890311919618,0.8696241766757071,0.8829661683713611
0.7357276798091317,0.8697926758380159,0.8829661683713611
0.7357686238497945,0.8708050436469447,0.8829661683713611
0.7358378254334019,0.8713563933151963,0.8819826907946499
0.7372598476000604,0.8722741433021807,0.8811959087332809
0.7372856674609063,0.872444011684518,0.8811959087332809
0.7381722412026549,0.8724191663420335,0.8809992132179386
0.7396101794384732,0.8736574887717242,0.8800157356412274
0.7403108110525684,0.8736328125,0.8798190401258851
0.741832418832606,0.8726879181424636,0.8723446105428796
0.7422524769118943,0.8726628616414092,0.8721479150275374
0.7424417421277768,0.8751234933807548,0.8711644374508262
0.7435816309743906,0.876162215628091,0.8711644374508262
0.743682890216087,0.8766825019794141,0.8711644374508262
0.7446459005995114,0.8768560681053257,0.8711644374508262
0.7452536977081985,0.8765873015873016,0.8690007867820614
0.7454036095677173,0.8771093905102243,0.8690007867820614
0.7460124062079875,0.8790595736202431,0.8678206136900078
0.7465173248580426,0.8797607178464606,0.8678206136900078
0.7465399642897114,0.8797367371360192,0.8676239181746657
0.7470105282014041,0.8802718368978613,0.8662470495672698
0.747044864251131,0.8801760352070415,0.8654602675059009
0.7473188083790625,0.8803521408563425,0.8654602675059009
0.747899089955992,0.880656788145775,0.8650668764752164
0.7484405750552257,0.8814918788851013,0.8646734854445318
0.7491934914920458,0.8816686722823907,0.8646734854445318
0.7501786833567807,0.8818455366098295,0.8646734854445318
0.7502803176599265,0.8830855765367618,0.8646734854445318
0.7505274921520902,0.8833232749949709,0.8636900078678206
0.7518064829765142,0.8832763131414771,0.8632966168371361
0.7520092960590924,0.8832293134688947,0.8629032258064516
0.7527438536205588,0.883205799436166,0.8627065302911093
0.7531753194007941,0.8833366915172275,0.8623131392604249
0.7539055320878789,0.8833131801692866,0.8621164437450826
0.7539999263491137,0.8834207341670028,0.8615263571990559
0.7541129650055313,0.8832794830371568,0.8603461841070024
0.7541500029049917,0.8832559078973945,0.8601494885916601
0.7542125442050811,0.8834343434343435,0.8601494885916601
0.7542458394794573,0.8833636547402466,0.8595594020456334
0.754789899862958,0.8833400727860897,0.8593627065302911
0.7551247634880475,0.8832692696742869,0.8587726199842644
0.7553639242457709,0.8832456495346014,0.8585759244689221
0.755490772157187,0.882913961038961,0.8558221872541306
0.755553857089392,0.884349593495935,0.8558221872541306
0.755619598033986,0.8850691619202604,0.8558221872541306
0.7559163562536119,0.8857899022801303,0.8558221872541306
0.7569620324113366,0.8859702708206068,0.8558221872541306
0.7570642895094902,0.8858307849133538,0.8546420141620771
0.7577049971583677,0.8867963152507676,0.8520849724626278
0.7578367317882247,0.8876588765887659,0.8516915814319433
0.7578541704947099,0.8882051282051282,0.8516915814319433
0.757872082758579,0.8891170431211499,0.8516915814319433
0.7579194910107145,0.8890714872637634,0.8512981904012589
0.7586208445194432,0.8898026315789473,0.8512981904012589
0.7586975307031992,0.8901686548745372,0.8512981904012589
0.7587787484098817,0.8901008437950195,0.8507081038552321
0.7592630385973382,0.8902840675174969,0.8507081038552321
0.7594288287156616,0.8913849958779885,0.8507081038552321
0.7594870153327377,0.8911381945878951,0.8485444531864673
0.7599483896750922,0.8909354304635762,0.8467741935483871
0.7601223830458156,0.8916735708367854,0.8467741935483871
0.7608598940657172,0.8924129353233831,0.8467741935483871
0.761819970445928,0.8923683119037744,0.8463808025177026
0.7619445257535726,0.8922789539227896,0.8455940204563336
0.7619588121179911,0.892234219269103,0.8452006294256491
0.7622295688312798,0.8922118380062305,0.8450039339103068
0.7624463240005755,0.8923971749065226,0.8450039339103068
0.7625762885481875,0.8923076923076924,0.8442171518489379
0.7645481307730607,0.89284228048273,0.8440204563335956
0.7645693831649459,0.8930280957336109,0.8440204563335956
0.7646122064063237,0.8933999583593587,0.8440204563335956
0.7648310873643689,0.8937721308060821,0.8440204563335956
0.7651284837227375,0.8938477580813348,0.8430369787568843
0.7653208503127681,0.8949676341616204,0.8430369787568843
0.7653762782988283,0.8955286251567071,0.8430369787568843
0.7655424986984295,0.8955067920585162,0.8428402832415421
0.765664039660625,0.8951562172363179,0.8396931549960661
0.76673356217389,0.8950682056663168,0.838906372934697
0.7674170287132156,0.8949800462087797,0.8381195908733281
0.7674274027818007,0.8990283058724123,0.8371361132966169
0.7674909331443788,0.899978853880313,0.8371361132966169
0.7675405748534548,0.9005501481168007,0.8371361132966169
0.767952297669167,0.9026511134676564,0.8371361132966169
0.7684406665523483,0.9025684568032265,0.8363493312352478
0.7689353514127019,0.9025270758122743,0.8359559402045633
0.7689455386479771,0.9027187765505522,0.8359559402045633
0.7693735273118609,0.9026153519030407,0.8349724626278521
0.7694104002873398,0.9029993618379069,0.8349724626278521
0.7696228947168416,0.9033836986592892,0.8349724626278521
0.7696331999306932,0.9106337271750805,0.8337922895357985
0.7702466188493995,0.9108293940696175,0.8337922895357985
0.7704196051052314,0.9114168995914858,0.8337922895357985
0.7711740114994263,0.9113597246127366,0.8332022029897719
0.7714628117921468,0.9117520447696944,0.8332022029897719
0.7717919262610425,0.9119483315392896,0.8332022029897719
0.7720010515351438,0.9122277334483502,0.8320220298977183
0.7722098321742781,0.9125458864176204,0.8312352478363493
0.7724382095819493,0.9125269978401728,0.8310385523210071
0.7725532939618283,0.9124702831208126,0.8304484657749803
0.7727304617640276,0.9123945489941596,0.8296616837136114
0.7727785904166239,0.9121665582303188,0.8273013375295043
0.7733493672521179,0.9123644251626898,0.8273013375295043
0.7741762351049261,0.9123454111520938,0.8271046420141621
0.7742089287525704,0.9125706829056112,0.8253343823760818
0.7742449019415673,0.9135641193119965,0.8253343823760818
0.774490066812034,0.9137630662020906,0.8253343823760818
0.774686650296293,0.9136878814298169,0.8245476003147129
0.7747029683551782,0.914684704342134,0.8245476003147129
0.7747487797253458,0.9146101768945184,0.8237608182533438
0.7751515976988751,0.9145541958041958,0.823170731707317
0.7751783330453913,0.9144420131291029,0.8219905586152636
0.7751999608837559,0.9144045534150613,0.8215971675845791
0.7757878778746619,0.9162096951085764,0.8215971675845791
0.7760380862692247,0.9161361141602634,0.8208103855232101
0.7760406214305601,0.9165385460136174,0.8208103855232101
0.7765067217300257,0.9164835164835164,0.8202202989771833
0.7767833939671321,0.9168682647899714,0.8200236034618411
0.776843618590028,0.9174190706892755,0.8194335169158143
0.7771913189655794,0.9190381645709244,0.8194335169158143
0.7773786636150734,0.9189487632508834,0.8184500393391031
0.7779370974124488,0.9205752212389381,0.8184500393391031
0.7780228804287874,0.9205576454967913,0.8182533438237608
0.7791324441415601,0.9207613988490483,0.8182533438237608
0.7793025738046817,0.9213209219858156,0.817663257277734
0.7793199040777681,0.9212511091393079,0.8168764752163651
0.7794307020267935,0.9211986681465039,0.8162863886703383
0.7795922185660997,0.9220173294823373,0.8162863886703383
0.7796533800518223,0.9234534935469515,0.8162863886703383
0.779719036205133,0.9238646482635797,0.8162863886703383
0.779996508065307,0.9240703629481185,0.8162863886703383
0.7803499281354189,0.9240534521158129,0.816089693154996
0.7816903392474973,0.9240365337491646,0.8158929976396538
0.7817154574412136,0.9244484065076889,0.8158929976396538
0.7821169408064226,0.9256862307520642,0.8158929976396538
0.7830615557995425,0.9255533199195171,0.8143194335169158
0.7833204422988093,0.9261744966442953,0.8143194335169158
0.7835061610226147,0.9260089686098655,0.8123524783634933
0.7842314926872237,0.9259259259259259,0.8113690007867821
0.7843365248589111,0.9263417920503032,0.8113690007867821
0.7843407471099334,0.9269662921348315,0.8113690007867821
0.7854352129820827,0.92693345323741,0.8109756097560976
0.7855448430467503,0.9269170227119407,0.8107789142407553
0.7855511945917591,0.9269005847953217,0.810582218725413
0.7855793976347909,0.9278466741826381,0.8094020456333596
0.7860113647668739,0.927830401443392,0.8092053501180173
0.7869165059843626,0.9280397022332506,0.8092053501180173
0.7876777424677855,0.9279258924536827,0.8078284815106216
0.788031522211226,0.9295104261106074,0.806648308418568
0.7884885875010632,0.929494445703922,0.8064516129032258
0.7887274258485963,0.9296094459582198,0.8052714398111723
0.7889381407833275,0.9295934590052237,0.80507474429583
0.7890799249122243,0.9294973845803958,0.8038945712037766
0.7892264697075994,0.9294331891645801,0.8031077891424075
0.7894278087974744,0.929384965831435,0.8025177025963808
0.7894509165760184,0.929239899566309,0.8007474429583006
0.7898756690104373,0.9292237442922374,0.8005507474429583
0.7900576916863783,0.9298285714285714,0.8001573564122738
0.7902890628723208,0.9297804208600183,0.799567269866247
0.7905491505917969,0.9312714776632303,0.799567269866247
0.7905855490426164,0.9311768754301445,0.7983870967741935
0.7906527003860395,0.9310978410656867,0.7974036191974823
0.7909954851823938,0.9310820124052378,0.7972069236821401
0.7920197476876651,0.930939226519337,0.7954366640440598
0.792326289518145,0.9320119843281862,0.7954366640440598
0.7923899498715741,0.9319963116643615,0.7952399685287176
0.7928280889439038,0.9322112059026977,0.7952399685287176
0.7929740697938105,0.9325479325479326,0.794059795436664
0.7931456317361735,0.9324699352451434,0.7930763178599528
0.7934222364218781,0.9324543141337035,0.7928796223446105
0.7935910164427299,0.9324386857936141,0.7926829268292683
0.7936805272500945,0.9324230502198565,0.792486231313926
0.7937980251435015,0.9323761000463178,0.7918961447678993
0.7940259327661234,0.932313398238294,0.7911093627065303
0.7940548950555447,0.9322820037105751,0.7907159716758458
0.7944186357163057,0.9334419362345823,0.7889457120377655
0.7956760538931431,0.9333954354913834,0.7883556254917388
0.7956815695453902,0.9333643988816402,0.7879622344610543
0.7964363424693633,0.9333022388059702,0.7871754523996853
0.7966020089998086,0.9331619537275064,0.785405192761605
0.7968950744571393,0.9329896907216495,0.7832415420928402
0.7973729896889008,0.9329425556858147,0.7826514555468135
0.7975115293629789,0.9331613508442776,0.7826514555468135
0.7980366482162791,0.9330985915492958,0.7818646734854445
0.7991232370126934,0.9332549941245594,0.7810778914240756
0.7997242959024361,0.933192190072924,0.7802911093627065
0.8000320685356959,0.9330977620730271,0.779110936270653
0.8001042030997719,0.9330030667610285,0.7779307631785995
0.8003100035992881,0.9331601322626358,0.7771439811172305
0.800350754389035,0.9331127393051288,0.7765538945712038
0.8005970308054852,0.9330018939393939,0.775177025963808
0.801800529233732,0.932970156324017,0.7747836349331235
0.8021493047568615,0.9329542762378583,0.7745869394177812
0.8022057949309503,0.9329383886255924,0.774390243902439
0.8026231738486771,0.9329065908013277,0.7739968528717546
0.8026467601367911,0.932858837485172,0.7734067663257278
0.8029222101166289,0.9327790973871734,0.7724232887490166
0.8033875200458366,0.934461391801716,0.771243115656963
0.8034686689849736,0.940524921743318,0.7682926829268293
0.8034897717048052,0.9407514450867052,0.7682926829268293
0.8039097541854441,0.9406943105110896,0.7675059008654602
0.8041098469606301,0.9410912602607436,0.7667191188040913
0.8042083529281323,0.9409915356711004,0.7653422501966956
0.8046852918165248,0.9409343984507383,0.7645554681353265
0.8048769564695267,0.9409200968523003,0.7643587726199843
0.8055385231350081,0.9445120467266975,0.7633752950432731
0.8055942801469116,0.9461238420282789,0.7633752950432731
0.8059078746552634,0.9470473401659346,0.7633752950432731
0.8062216350399448,0.947008547008547,0.7627852084972463
0.8062772432898115,0.9469567342947934,0.7619984264358772
0.8069202666885361,0.946917808219178,0.7614083398898505
0.8069757224530877,0.9468658178256611,0.7606215578284815
0.806982459820202,0.9468397844194023,0.760228166797797
0.8070267911515303,0.9477300613496933,0.7596380802517703
0.8072417911959632,0.9491150442477876,0.759441384736428
0.8074404823614815,0.9490774907749078,0.7588512981904013
0.8074735416059137,0.9490729295426452,0.7551140833988985
0.8076790027919394,0.9493076162215628,0.7551140833988985
0.8081514749853388,0.9492950779124413,0.7549173878835562
0.8089065186479157,0.949156746031746,0.7527537372147916
0.8090957078591542,0.9490430027342779,0.7509834775767112
0.8098122097894482,0.9499875590943021,0.7509834775767112
0.8098777071539337,0.9499751119960179,0.750786782061369
0.8107074304091343,0.9499377334993774,0.7501966955153423
0.810792230161942,0.9499127834537753,0.7498033044846577
0.8114838282477326,0.9501495513459621,0.7498033044846577
0.811561874630642,0.9500998003992016,0.7490165224232888
0.8117362028583043,0.9539390888497357,0.7454760031471283
0.8119950790842578,0.9537995455693007,0.7431156569630213
0.8123647035030188,0.9537762061126547,0.7427222659323367
0.8136900105942624,0.9542582764720748,0.7427222659323367
0.813743970783302,0.9540958660918083,0.7399685287175453
0.8141357823416423,0.9539908490086426,0.738198269079465
0.8144299073263871,0.9538735983690112,0.7362313139260425
0.8144648596085992,0.9540933435348126,0.735837922895358
0.8149185568400444,0.9539641943734015,0.7336742722265932
0.8149703234677357,0.9538934426229508,0.7324940991345398
0.8154349866370595,0.953834316491408,0.7315106215578285
0.8154850320431318,0.9538224730631093,0.7313139260424862
0.8155624881370594,0.9537037037037037,0.7293469708890638
0.8156006043935794,0.9534763504781597,0.725609756097561
0.8167488947497245,0.953464322647363,0.7254130605822188
0.8168981383232418,0.9539337474120083,0.7250196695515342
0.816900041477577,0.9538979538979538,0.7244295830055075
0.8169513783797037,0.9538621047174702,0.7238394964594808
0.8171317932874342,0.953838174273859,0.7234461054287962
0.8171682630834903,0.957613814756672,0.7199055861526357
0.8174109218966772,0.9575916230366492,0.7195121951219512
0.8175276204803078,0.9575360419397116,0.71852871754524
0.8175788207171979,0.9574914720545789,0.717741935483871
0.8178668852121039,0.9574579831932774,0.7171518489378442
0.8180173689242253,0.959409594095941,0.7159716758457907
0.8186000499878517,0.9593453009503696,0.7147915027537373
0.8186946099956638,0.95932382461701,0.7143981117230527
0.8188346083865802,0.9595772787318362,0.7143981117230527
0.8193305447904239,0.9605715797830113,0.7140047206923682
0.8193700906996639,0.9605611434621493,0.713808025177026
0.8194208881479241,0.9605402542372882,0.7134146341463414
0.8209645705905251,0.9603934077618288,0.71066089693155
0.8210197260686067,0.960277259397494,0.7084972462627852
0.8216876176199488,0.9602666666666667,0.7083005507474429
0.8219562902843813,0.9604383854584335,0.706726986624705
0.821962297669968,0.9603854389721628,0.7057435090479937
0.8223252643306064,0.9602471125436476,0.7031864673485445
0.8226773908867473,0.9602257457672668,0.7027930763178599
0.8227843220880307,0.9601936525013448,0.7022029897718332
0.8230093198967338,0.96148666846216,0.7022029897718332
0.8230440005867422,0.9614659121530584,0.7018095987411487
0.8233595124024725,0.9614347357065803,0.7012195121951219
0.8241136996354963,0.9648405560098119,0.6963021243115657
0.8246274531852743,0.9646090534979423,0.6915814319433516
0.8246437202833059,0.9648255015114042,0.6905979543666404
0.8246524931766769,0.9648061589221886,0.6902045633359559
0.824678928148415,0.9647480033048746,0.6890243902439024
0.8248259457013812,0.9650137741046831,0.6890243902439024
0.8250476901635609,0.9649655172413794,0.6880409126671911
0.8250526821559422,0.9649364991717283,0.6874508261211645
0.8253286300706439,0.9658428214384893,0.6841070023603462
0.8255880847488651,0.9668446192750773,0.676829268292683
0.8257067831739386,0.9671163575042159,0.676829268292683
0.8257154253873483,0.9670978627671541,0.6764358772619984
0.8258647896103887,0.9670515347789355,0.6754523996852871
0.8264134563478105,0.967032967032967,0.6750590086546027
0.8267672033333228,0.9669304691916337,0.6728953579858379
0.827290219445869,0.9668836682705916,0.6719118804091266
0.8278965780397695,0.966789667896679,0.6699449252557041
0.8279513308431629,0.9667613636363637,0.6693548387096774
0.8279930723716715,0.9667235494880546,0.6685680566483084
0.8284132555973961,0.9666381522668948,0.6667977970102281
0.828634483560068,0.9674564658863831,0.6666011014948859
0.829188865248616,0.9682494279176201,0.6658143194335169
0.8297178548927832,0.9682403433476395,0.6656176239181747
0.8297681441716191,0.9682221586029202,0.6652242328874902
0.8303376450396569,0.9682039530220568,0.6648308418568056
0.8307116045632449,0.9701492537313433,0.6648308418568056
0.83072211641176,0.9715025906735751,0.6638473642800944
0.8309541307208294,0.9714532871972318,0.662667191188041
0.8312945287486695,0.9714285714285714,0.6620771046420142
0.8314626123871744,0.9744927536231884,0.6612903225806451
0.8316451074501344,0.9744705541050188,0.6607002360346184
0.8325513826521534,0.974455732946299,0.6603068450039339
0.8332425863583449,0.9744186046511628,0.6593233674272226
0.8335027273495453,0.9743290548424738,0.6569630212431157
0.833803107234213,0.974314068884997,0.6565696302124312
0.8339107706603225,0.9754170324846356,0.65558615263572
0.8344847583190507,0.9753737906772207,0.6544059795436664
0.8351235933391975,0.9759106933019976,0.6534225019669552
0.835125763995768,0.9757539917208752,0.6490952006294256
0.8351599206628122,0.9757396449704142,0.6487018095987411
0.8352164059550443,0.9757252812314979,0.6483084185680567
0.8353024734363877,0.9756459756459757,0.6461447678992919
0.8357554044026497,0.9756242568370987,0.6455546813532651
0.8359051562502828,0.975914362176628,0.6455546813532651
0.8360003293371404,0.9758641239570918,0.6441778127458694
0.8360343403948548,0.9758569299552906,0.6439811172305271
0.8364066977278422,0.9758497316636852,0.6437844217151849
0.836684291540662,0.9758281110116384,0.6431943351691581
0.8368405288625663,0.9769322947872978,0.6414240755310779
0.8370608023150407,0.976897689768977,0.6404405979543666
0.8371093487455785,0.9768838186730712,0.6400472069236821
0.8371181795127477,0.9768629807692307,0.6394571203776553
0.8374618261160134,0.9767371601208459,0.6359166011014948
0.8375606898478313,0.9766737352317479,0.6341463414634146
0.8375886984082324,0.9766312594840668,0.6329661683713611
0.8376824364291823,0.9766241651487553,0.6327694728560189
0.8377557058594909,0.9766099635479951,0.6323760818253343
0.8380302116232968,0.9762492288710672,0.6225413060582219
0.8381276037851336,0.9761904761904762,0.6209677419354839
0.8385339993871248,0.9761757425742574,0.6205743509047994
0.8387449443800543,0.9763534536403236,0.6172305271439811
0.8395741941479192,0.9763313609467456,0.6166404405979544
0.8404383838989423,0.9763239875389408,0.6164437450826121
0.8410485831002986,0.9771231588843623,0.6132966168371361
0.8410537904733093,0.9770944461876373,0.6125098347757671
0.8411934680836173,0.9770800627943486,0.6121164437450826
0.8418903827662078,0.977051241747878,0.6113296616837136
0.8419129112029957,0.9770440251572327,0.6111329661683713
0.8421099293683685,0.9785826771653543,0.6111329661683713
0.8423323243961629,0.978562421185372,0.6105428796223447
0.8424763692684848,0.9785217940619078,0.6093627065302911
0.84251125541755,0.980379746835443,0.6093627065302911
0.8429567523644629,0.9803548795944234,0.6085759244689221
0.8429895917124763,0.9803424223208624,0.6081825334382376
0.8431639084359513,0.980336187757691,0.6079858379228954
0.8432781088564313,0.9803174603174604,0.6073957513768686
0.8435694050061668,0.9803112099079073,0.6071990558615263
0.8443609641153769,0.9802986971719098,0.6068056648308419
0.8445502789179503,0.9802924348378894,0.6066089693154996
0.844564682961296,0.9802736239261852,0.6060188827694729
0.8445807736414425,0.98026734563972,0.6058221872541306
0.8445850042632871,0.9802610633556192,0.6056254917387883
0.8448132429627639,0.9802421924792861,0.6050354051927616
0.8453174446646384,0.980235894166401,0.6048387096774194
0.8459124061563255,0.9810350369656059,0.6003147128245476
0.8459605946932589,0.9809922680412371,0.5989378442171518
0.846553531464383,0.9824789097988319,0.5955940204563336
0.8469830019991548,0.9824504387390315,0.5946105428796223
0.8474358851616829,0.9829675728791353,0.5902832415420929
0.8480353970444873,0.984257133486389,0.5902832415420929
0.8489322733038926,0.9850597609561753,0.5835955940204564
0.8491704402982987,0.9850498338870431,0.5832022029897719
0.8497796250567574,0.9850448654037887,0.5830055074744296
0.8497895223630125,0.9847664184157076,0.5721872541306058
0.8506056974658114,0.9847612597358618,0.5719905586152636
0.851245628574092,0.9847560975609756,0.5717938630999213
0.8526033588850197,0.9847457627118644,0.5714004720692368
0.853919023314963,0.9847405900305188,0.5712037765538945
0.8539499675061736,0.9847354138398915,0.5710070810385524
0.8542585481963157,0.9847302341364099,0.5708103855232101
0.8543041642360582,0.984725050916497,0.5706136900078678
0.8549722927037703,0.9847198641765704,0.5704169944925256
0.8552420478456758,0.9849418206707734,0.566089693154996
0.8553638714567879,0.984936665525505,0.5658929976396538
0.85555199566426,0.9849263446385749,0.5654996066089694
0.8565377547959585,0.9846956521739131,0.5568450039339103
0.8582069397750703,0.9846903270702854,0.556648308418568
0.8585073299161088,0.9846582984658299,0.5554681353265145
0.8591543705327084,0.9846422338568935,0.5548780487804879
0.8593042296337398,0.9845451352300667,0.5513375295043274
0.860090943532888,0.9869350282485876,0.5497639653815893
0.860760603760094,0.9887884267631103,0.537765538945712
0.860847561632321,0.9885100074128984,0.5245869394177812
0.8608663145453462,0.9885014836795252,0.5241935483870968
0.8609278597106282,0.9884972170686457,0.5239968528717546
0.8609621445866923,0.9884843982169391,0.5234067663257278
0.8614510168720573,0.9884801189149015,0.5232100708103855
0.8614616305605841,0.9884715507623651,0.522816679779701
0.8614677385205778,0.988441461595824,0.5214398111723053
0.8615337235501006,0.9884285181037701,0.5208497246262785
0.8617456415561006,0.9902621722846442,0.5200629425649095
0.8618124364977163,0.9902585237916823,0.5198662470495673
0.8625825820381935,0.9902475618904726,0.5192761605035405
0.8629209512304626,0.9902439024390244,0.5190794649881982
0.862970699817567,0.9902402402402403,0.518882769472856
0.8631891535756808,0.9900421294523171,0.5084579071597167
0.8633384496967765,0.9900383141762452,0.5082612116443745
0.8635584577117672,0.9900344959754696,0.5080645161290323
0.8637221812961318,0.9900268507863444,0.5076711250983478
0.8637452083607132,0.9920031987205118,0.4880015735641227
0.8639315556716801,0.991980753809142,0.486624704956727
0.8639437835575486,0.9930922389272654,0.48072383949645947
0.8641195413704218,0.9930668841761827,0.4789535798583792
0.8641748823360935,0.993061224489796,0.47856018882769474
0.8644034336676342,0.9929255097794424,0.46931549960660895
0.8646489779718806,0.9929137140475198,0.46852871754523995
0.8647683019772129,0.9929107589658048,0.4683320220298977
0.864986007620783,0.9933166248955723,0.46774193548387094
0.8653982674757135,0.9933082392304475,0.4671518489378442
0.8654640846602774,0.9933026370866471,0.4667584579071597
0.8657185143262248,0.9932998324958124,0.46656176239181746
0.8660609509600959,0.9932885906040269,0.46577498033044845
0.8660668876687966,0.9932801343973121,0.46518489378442174
0.8662824084160602,0.9932773109243698,0.46498819826907944
0.8664475587684806,0.9932716568544996,0.46459480723839497
0.8695909524685126,0.9931123547137323,0.4537765538945712
0.8704741738756886,0.9931093884582257,0.45357985837922893
0.8717466815324328,1.0,0.037372147915027534
0.8720525275340175,1.0,0.03717545239968529
0.8720951292478749,1.0,0.036782061369000786
0.8721072780431887,1.0,0.03619197482297404
0.8723069497043215,1.0,0.03540519276160504
0.8723409415986246,1.0,0.026160503540519277
0.8736040339792023,1.0,0.025963808025177025
0.8746125086519568,1.0,0.015342250196695516
0.8769352153050208,1.0,0.015145554681353266
0.8772304307234806,1.0,0.014555468135326514
0.8772715510237311,1.0,0.014162077104642014
0.8772832773322873,1.0,0.013965381589299764
0.8774760033131265,1.0,0.013768686073957514
0.8825180022374737,1.0,0.011014948859166011
0.8825575886253479,1.0,0.010621557828481511
0.8825688774776081,1.0,0.010228166797797011
0.8827544118489058,1.0,0.00963808025177026
0.8844512795415953,1.0,0.006294256490952006
1.0,1.0,0.0
